,id,city,district,lor,street,year,month,hour,weekday,category,collision,movement,light_conditions,bicycle,car,pedestrian,motorbike,truck,other_vehicle,road_conditions,LINREFX,LINREFY,XGCSWGS84,YGCSWGS84
355,50262,11,2,2040701,Andreasviertel,2019,8,7,3,3,5,2,0,1,1,0,0,0,0,0,"800955,2924","5827853,86","13,43635","52,51751"
356,50263,11,4,4030621,Spreestadt,2019,5,8,3,3,3,6,0,1,1,0,0,0,0,0,"794023,8167","5826962,253","13,33371","52,5133"
357,50264,11,3,3061332,Helmholtzplatz,2019,11,18,2,3,6,2,2,0,1,1,0,0,0,0,"799999,6094","5830191,538","13,42442","52,53899"
358,50265,11,7,7050501,Rathausstraße,2019,6,11,3,3,5,3,0,1,1,0,0,0,0,0,"797936,838","5820057,136","13,38503","52,44928"
359,50266,11,7,7040405,Rathaus Tempelhof,2019,9,9,6,3,2,6,0,0,1,0,0,0,0,0,"798508,4613","5822091,746","13,39523","52,46721"
360,50267,11,1,1011303,Alexanderplatzviertel,2019,12,17,6,3,5,3,2,1,1,0,0,0,0,1,"798821,9013","5828008,617","13,40514","52,52007"
361,50268,11,3,3020209,Niederschönhausen,2019,8,6,3,3,5,3,0,1,1,0,0,0,0,0,"798329,4716","5834773,38","13,40398","52,58098"
362,50269,11,3,3050925,Komponistenviertel Weißensee,2019,10,8,3,3,5,2,0,1,1,0,0,0,0,0,"801548,726","5831172,535","13,44808","52,54693"
363,50270,11,11,11030721,Rüdigerstraße,2019,9,17,5,2,5,3,0,1,1,0,0,0,0,0,"803720,4894","5827570,233","13,47672","52,51344"
364,50271,11,4,4041239,Stadion Wilmersdorf,2019,8,9,3,3,2,6,0,0,1,0,0,0,0,0,"792423,3586","5823351,652","13,30702","52,48179"
365,50272,11,3,3061131,Falkplatz,2019,5,16,2,3,5,3,0,1,0,0,0,0,1,0,"799165,6783","5830373,868","13,41232","52,54109"
366,50273,11,10,10010204,Wuhletalstraße,2019,10,10,1,3,9,1,0,0,1,0,0,0,0,0,"808890,4742","5833379,294","13,55806","52,56259"
367,50274,11,3,3020209,Niederschönhausen,2019,6,12,1,3,4,6,0,0,1,0,0,0,0,0,"798132,3216","5835510,542","13,40175","52,58769"
368,50275,11,4,4041137,Flinsberger Platz,2019,9,16,5,3,2,6,0,0,1,0,0,0,0,0,"791755,1432","5824164,076","13,29792","52,48943"
369,50277,11,1,1011304,Karl-Marx-Allee,2019,6,15,6,2,0,6,0,1,0,0,0,0,0,0,"799988,8969","5828081,823","13,42236","52,52009"
370,50278,11,1,1011102,Großer Tiergarten,2019,5,22,2,3,5,2,2,0,1,0,0,0,0,0,"796457,6648","5827391,411","13,36985","52,51583"
371,50279,11,7,7040402,Lindenhofsiedlung,2019,11,17,4,3,2,6,2,0,1,0,0,0,0,0,"796569,7861","5822512,097","13,36715","52,47203"
372,50280,11,2,2050602,Samariterviertel,2019,6,15,6,3,0,7,0,0,0,0,1,0,1,1,"802983,9193","5827645,816","13,46597","52,51452"
373,50281,11,7,7050502,Fritz-Werner-Straße,2019,12,11,2,2,6,7,0,0,1,1,0,0,0,1,"798354,4898","5818485,519","13,38975","52,43497"
374,50282,11,6,6030503,Zehlendorf Mitte,2019,8,8,3,3,6,2,0,0,1,1,0,0,0,0,"791022,4468","5818795,346","13,28248","52,44169"
375,50283,11,7,7020202,Volkspark (Rudolf-Wilde-Park),2019,5,18,2,3,2,6,0,0,1,0,0,0,0,1,"794774,3028","5823140,032","13,34135","52,47863"
376,50284,11,1,1011303,Alexanderplatzviertel,2019,10,8,3,3,5,2,0,0,0,0,0,1,0,0,"799100,8886","5827683,362","13,40895","52,517"
377,50285,11,3,3020209,Niederschönhausen,2019,9,9,5,3,0,1,0,1,0,0,0,0,0,0,"798158,7664","5836482,58","13,40301","52,59639"
378,50287,11,10,10010308,Marzahner Chaussee,2019,8,17,2,3,5,3,0,1,0,0,0,0,0,0,"808026,3396","5827457,771","13,53986","52,51002"
379,50288,11,11,11030721,Rüdigerstraße,2019,5,7,2,3,5,2,0,1,1,0,0,0,0,0,"804062,5683","5827550,876","13,48172","52,51307"
380,50289,11,7,7030303,Grazer Platz,2019,9,16,7,3,2,6,1,0,1,0,0,0,0,1,"795329,0108","5822539,92","13,34896","52,47295"
381,50290,11,2,2010101,Askanischer Platz,2019,6,11,3,3,5,3,0,1,1,0,0,0,0,0,"797853,6638","5825504,451","13,38867","52,49816"
382,50291,11,2,2050802,Boxhagener Platz,2019,9,17,5,3,3,7,0,1,1,0,0,0,0,0,"802019,5425","5826954,069","13,45117","52,50886"
383,50292,11,10,10030726,Alt-Biesdorf,2019,12,7,6,3,3,6,2,0,1,0,0,0,0,1,"808740,6636","5827422,758","13,55032","52,5093"
384,50293,11,9,9010201,Am Treptower Park Süd,2019,6,14,6,3,6,4,0,0,1,1,0,0,0,0,"803090,7161","5824571,609","13,46474","52,48691"
385,50294,11,11,11030721,Rüdigerstraße,2019,8,12,2,3,2,6,0,0,1,0,1,0,0,0,"803783,9321","5827580,287","13,47766","52,51349"
386,50295,11,1,1044201,Reinickendorfer Straße,2019,5,10,2,3,3,6,0,1,0,0,0,0,0,0,"796060,0778","5831336,128","13,36752","52,55141"
387,50296,11,6,6030503,Zehlendorf Mitte,2019,11,17,5,3,2,6,2,0,1,0,0,0,0,0,"789803,9824","5817996,146","13,26391","52,43518"
388,50297,11,7,7060603,Marienfelde Nordost,2019,11,14,2,3,6,4,0,0,1,1,0,0,0,0,"797377,1653","5817559,261","13,3746","52,4272"
389,50298,11,4,4041239,Stadion Wilmersdorf,2019,8,13,1,3,2,6,0,0,1,0,0,0,0,0,"792200,6283","5823706,742","13,30406","52,4851"
390,50299,11,7,7040403,Manteuffelstraße,2019,5,14,1,3,0,7,0,0,1,0,1,0,0,0,"797839,1049","5820695,817","13,38416","52,45506"
391,50300,11,1,1011102,Großer Tiergarten,2019,10,15,4,3,4,6,0,1,0,0,0,0,1,1,"796345,1834","5827359,83","13,36817","52,51561"
392,50301,11,7,7010104,Dennewitzplatz,2019,9,17,5,2,6,4,0,0,1,1,0,0,0,0,"796007,833","5824667,387","13,36082","52,49166"
393,50303,11,3,3061429,Greifswalder Straße,2019,6,14,6,2,6,4,0,0,1,1,0,0,0,0,"800964,9702","5830472,064","13,43886","52,54097"
394,50304,11,4,4020310,Park Ruhwald,2019,8,13,1,3,2,6,0,0,1,0,0,0,0,0,"790473,2444","5828433,972","13,28282","52,5284"
395,50305,11,12,12103219,Schäfersee,2019,5,19,1,3,1,5,0,0,1,0,0,0,0,0,"795705,965","5832823,522","13,36364","52,56493"
396,50306,11,5,5020629,Börnicker Straße,2019,6,5,5,3,2,6,0,0,1,0,0,0,0,0,"785505,7277","5826183,301","13,20786","52,51084"
397,50307,11,11,11010101,Dorf Malchow,2019,9,17,5,3,0,2,0,1,1,0,0,0,0,0,"803699,3878","5834826,094","13,48304","52,57848"
398,50308,11,7,7040403,Manteuffelstraße,2019,12,7,5,3,2,6,1,0,1,0,0,0,0,1,"796862,0693","5822400,747","13,37134","52,47087"
399,50309,11,12,12103219,Schäfersee,2019,6,7,5,3,3,6,0,1,0,0,0,1,0,0,"795727,819","5832801,138","13,36394","52,56472"
400,50310,11,2,2050602,Samariterviertel,2019,8,9,7,3,2,6,0,0,1,0,0,0,0,0,"802824,0646","5827662,164","13,46363","52,51476"
401,50311,11,2,2020202,Rathaus Yorckstraße,2019,11,15,6,3,2,6,0,1,0,0,0,0,0,0,"797883,1358","5825415,196","13,38903","52,49734"
402,50312,11,1,1033203,Humboldthain Nordwest,2019,8,17,7,3,5,2,0,0,1,0,0,0,0,0,"796188,9942","5830190,814","13,3684","52,54107"
403,50313,11,7,7030303,Grazer Platz,2019,9,8,6,3,0,1,0,1,0,0,0,0,0,1,"795635,8318","5823239,067","13,35409","52,47905"
404,50314,11,12,12103115,Breitkopfbecken,2019,5,8,1,2,5,2,0,0,1,0,0,0,0,0,"795336,6393","5833744,819","13,35903","52,57339"
405,50315,11,9,9010101,Elsenstraße,2019,10,17,5,3,2,6,0,0,1,0,0,0,0,1,"802594,8389","5825112,945","13,45795","52,49204"
406,50316,11,1,1011204,Leipziger Straße,2019,9,19,5,3,3,6,2,0,1,0,1,0,0,0,"798506,568","5826978,969","13,39958","52,51102"
407,50318,11,4,4020208,Kranzallee,2019,6,19,5,3,5,7,1,0,1,0,0,0,0,1,"788647,6441","5826078,723","13,25394","52,50825"
408,50319,11,12,12214527,Alt-Tegel,2019,8,14,7,3,2,6,0,0,1,0,0,0,0,0,"790687,9788","5834901,707","13,29164","52,58627"
409,50320,11,7,7020203,Kaiser-Wilhelm-Platz,2019,5,16,1,3,2,6,0,1,1,0,0,0,1,0,"795930,5401","5824446,477","13,35949","52,48972"
410,50321,11,7,7050506,Birnhornweg,2019,11,8,2,3,6,4,0,0,1,1,0,0,0,1,"798912,6194","5817146,891","13,39674","52,42266"
411,50322,11,12,12103218,Teichstraße,2019,6,15,7,3,5,2,0,0,1,0,0,0,0,0,"794565,267","5833796,237","13,34772","52,57427"
412,50323,11,3,3061131,Falkplatz,2019,9,9,5,3,4,6,0,1,0,0,0,0,0,0,"799150,9887","5830806,274","13,4125","52,54497"
413,50324,11,2,2050803,Stralauer Kiez,2019,12,21,5,3,2,6,2,0,1,0,0,0,0,0,"802345,4562","5826034,519","13,45512","52,50044"
414,50325,11,4,4020313,Königin-Elisabeth-Straße,2019,8,14,7,3,2,6,0,0,1,0,1,0,0,0,"790616,3017","5826143,453","13,28292","52,50779"
415,50326,11,7,7050502,Fritz-Werner-Straße,2019,9,14,5,3,2,6,0,0,1,0,0,0,0,0,"797650,2421","5818636,94","13,37956","52,43671"
416,50327,11,12,12214125,Waldidyll/Flughafensee,2019,5,15,7,3,0,1,2,0,1,0,0,0,0,0,"792106,8452","5832490,731","13,3104","52,56389"
417,50328,11,7,7040401,Neu-Tempelhof,2019,10,9,7,3,5,3,0,0,1,0,0,0,0,0,797776,"5823851,908","13,38606","52,48339"
418,50329,11,4,4010101,Jungfernheide,2019,9,19,5,3,2,6,1,0,1,0,0,0,0,0,"791241,3751","5829783,843","13,29529","52,54009"
419,50330,11,1,1011102,Großer Tiergarten,2019,8,22,7,3,6,7,2,1,0,1,0,0,0,0,"796741,2572","5827439,338","13,37406","52,51611"
420,50331,11,1,1044201,Reinickendorfer Straße,2019,5,17,6,3,5,2,0,0,1,0,0,0,0,0,"796198,262","5830980,257","13,36924","52,54814"
421,50332,11,4,4010101,Jungfernheide,2019,10,15,5,2,9,1,0,0,0,0,1,0,0,0,"790663,8074","5829000,453","13,28612","52,53337"
422,50333,11,3,3010101,Bucher Forst,2019,6,11,6,3,8,1,0,0,1,0,0,0,0,0,"803040,6663","5840272,965","13,47834","52,62767"
423,50334,11,7,7050502,Fritz-Werner-Straße,2019,9,7,5,3,5,3,0,1,1,0,0,0,0,0,"797842,242","5818949,306","13,38265","52,4394"
424,50335,11,6,6040703,Nikolassee,2019,12,13,3,3,5,3,0,0,1,0,0,0,0,0,"785697,0609","5816404,755","13,2023","52,42307"
425,50336,11,7,7020202,Volkspark (Rudolf-Wilde-Park),2019,6,21,5,3,6,4,1,0,1,1,0,0,0,1,"795234,6765","5823510,934","13,34844","52,48171"
426,50337,11,10,10030726,Alt-Biesdorf,2019,5,7,6,3,2,6,0,0,1,0,0,0,0,0,"808826,9663","5827437,51","13,55161","52,50938"
427,50338,11,11,11030721,Rüdigerstraße,2019,11,15,2,3,2,6,0,0,1,0,0,0,1,0,"804679,2575","5827466,751","13,49071","52,51198"
428,50339,11,9,9010101,Elsenstraße,2019,6,16,5,3,5,2,0,1,1,0,0,0,0,1,"802690,1766","5825212,272","13,45944","52,49288"
429,50340,11,7,7040401,Neu-Tempelhof,2019,11,21,7,3,1,5,2,0,1,0,0,0,0,0,"797820,8737","5822905,175","13,38587","52,47487"
430,50341,11,7,7040401,Neu-Tempelhof,2019,8,20,6,2,0,1,2,1,0,0,0,0,0,0,"797793,8998","5823466,041","13,38597","52,47992"
431,50342,11,7,7030303,Grazer Platz,2019,5,2,6,2,9,1,2,0,1,0,0,0,0,0,"796186,6996","5822718,695","13,36171","52,47409"
432,50343,11,3,3061131,Falkplatz,2019,10,17,2,3,2,6,1,0,1,0,0,0,1,0,"799177,5455","5831060,621","13,41311","52,54723"
433,50344,11,1,1033203,Humboldthain Nordwest,2019,9,6,5,3,5,2,0,1,1,0,0,0,0,0,"796316,1864","5830076,215","13,37016","52,53997"
434,50346,11,7,7020203,Kaiser-Wilhelm-Platz,2019,6,11,5,3,1,5,0,0,1,0,0,0,1,0,"795933,7504","5824415,61","13,35951","52,48944"
435,50347,11,6,6040701,Wannsee,2019,8,19,6,2,0,1,0,1,0,0,0,0,0,0,"782617,4543","5815791,127","13,15661","52,41917"
436,50348,11,9,9010101,Elsenstraße,2019,5,8,6,3,0,2,0,0,1,0,0,0,1,0,"802583,6044","5825070,236","13,45774","52,49166"
437,50349,11,2,2050602,Samariterviertel,2019,6,9,2,3,5,2,0,1,1,0,0,0,0,0,"802594,1864","5827701,306","13,46029","52,51524"
438,50350,11,7,7050502,Fritz-Werner-Straße,2019,9,16,4,3,5,2,0,1,1,0,0,0,0,0,"798181,752","5818924,81","13,38761","52,439"
439,50351,11,7,7030303,Grazer Platz,2019,12,7,3,3,2,6,0,0,1,0,0,0,0,1,"795691,1645","5822605,382","13,35434","52,47334"
440,50352,11,1,1033203,Humboldthain Nordwest,2019,6,16,5,3,5,2,0,0,1,0,0,0,0,1,"796324,9932","5830068,247","13,37029","52,5399"
441,50353,11,1,1044201,Reinickendorfer Straße,2019,8,20,6,3,2,6,0,0,1,0,0,0,0,0,"796044,9898","5831371,579","13,36733","52,55173"
442,50354,11,6,6030605,Botanischer Garten,2019,5,13,5,3,2,6,0,0,1,0,0,0,0,0,"792399,7592","5819711,293","13,30348","52,44917"
443,50355,11,3,3071639,Bötzowstraße,2019,11,18,3,3,3,6,2,0,1,0,1,0,0,1,"800574,2207","5829844,64","13,43255","52,53557"
444,50356,11,3,3061332,Helmholtzplatz,2019,11,3,7,3,5,3,2,1,1,0,0,0,0,0,"799297,9475","5830349,813","13,41424","52,5408"
445,50357,11,7,7030303,Grazer Platz,2019,8,20,6,3,0,1,0,0,0,0,1,0,0,0,"795311,7436","5822564,488","13,34873","52,47318"
446,50358,11,7,7030303,Grazer Platz,2019,5,13,5,3,5,2,0,0,1,0,0,0,1,0,"795639,552","5823234,884","13,35414","52,47902"
447,50359,11,7,7050502,Fritz-Werner-Straße,2019,5,13,5,2,3,6,0,0,1,0,0,1,0,0,"798085,3354","5819031,515","13,38629","52,44001"
448,50360,11,7,7070701,Kettinger Straße/Schillerstraße,2019,11,17,3,2,2,6,2,0,1,0,0,0,1,0,"799182,5125","5816440,864","13,40007","52,41619"
449,50361,11,6,6040703,Nikolassee,2019,6,14,4,3,2,6,0,0,1,0,0,0,0,0,"785262,8671","5816291,817","13,19584","52,42228"
450,50362,11,1,1011303,Alexanderplatzviertel,2019,12,1,1,2,0,1,2,0,0,0,0,0,1,0,"799469,374","5828080,256","13,41472","52,52036"
451,50363,11,2,2020203,Viktoriapark,2019,8,23,6,3,0,7,2,1,0,0,0,0,0,0,"797753,6242","5824436,376","13,38625","52,48864"
452,50364,11,6,6040703,Nikolassee,2019,5,16,5,2,2,6,0,0,1,0,0,0,1,0,"786196,6066","5816802,099","13,20997","52,42637"
453,50365,11,3,3040818,Pankow Süd,2019,10,17,3,2,5,3,0,1,1,0,0,0,0,0,"800161,8722","5832359,312","13,42876","52,55833"
454,50366,11,12,12103115,Breitkopfbecken,2019,9,13,4,3,2,6,0,0,1,0,0,0,0,0,"795451,0155","5833483,258","13,36048","52,57099"
455,50368,11,7,7050502,Fritz-Werner-Straße,2019,8,12,6,3,0,7,0,0,1,0,0,0,0,0,"798266,017","5818640,255","13,38859","52,4364"
456,50369,11,3,3020209,Niederschönhausen,2019,5,11,5,3,0,7,0,1,0,0,0,0,0,0,"798144,5544","5835933,659","13,40231","52,59148"
457,50370,11,4,4030417,Schloßstraße,2019,9,14,7,3,5,2,0,1,1,0,0,0,0,1,"791294,8726","5826501,352","13,2932","52,51063"
458,50371,11,1,1033203,Humboldthain Nordwest,2019,6,7,3,3,5,2,0,1,1,0,0,0,0,0,"796198,646","5830206,42","13,36855","52,54121"
459,50372,11,3,3061228,Erich-Weinert-Straße,2019,9,10,3,3,6,6,0,1,0,1,0,0,0,0,"800168,971","5830827,39","13,42748","52,5446"
460,50373,11,2,2020202,Rathaus Yorckstraße,2019,12,18,4,3,3,6,2,0,1,0,1,0,0,0,"797499,2085","5825541,468","13,3835","52,49868"
461,50374,11,4,4020310,Park Ruhwald,2019,6,9,4,3,3,6,0,0,1,0,0,0,0,0,"790478,5666","5828451,839","13,28291","52,52856"
462,50375,11,5,5020524,Weinmeisterhornweg,2019,8,9,6,3,6,4,0,0,1,1,0,0,0,0,"783462,8478","5826655,738","13,17824","52,51614"
463,50376,11,12,12103117,Letteplatz,2019,5,12,5,3,5,3,0,1,1,0,0,0,0,0,"795811,274","5832439,708","13,36485","52,56144"
464,50377,11,1,1011204,Leipziger Straße,2019,11,18,4,2,6,4,2,0,1,1,0,0,0,1,"798236,0104","5826933,624","13,39557","52,51076"
465,50378,11,8,8010510,Gewerbegebiet Köllnische Heide,2019,11,13,7,3,2,2,0,0,1,0,0,0,0,0,"802646,9424","5822050,831","13,45593","52,46456"
466,50379,11,4,4030417,Schloßstraße,2019,8,8,6,3,6,4,0,0,1,1,0,0,0,0,"791397,1873","5826517,22","13,29472","52,51072"
467,50380,11,7,7030303,Grazer Platz,2019,5,12,5,3,5,2,0,0,1,0,1,0,0,0,"795636,3426","5823238,493","13,35409","52,47905"
468,50381,11,2,2050602,Samariterviertel,2019,10,10,4,3,6,4,0,0,1,1,0,0,0,1,"802354,5384","5827709,98","13,45678","52,51545"
469,50382,11,1,1011303,Alexanderplatzviertel,2019,9,9,3,3,6,4,0,0,1,1,0,0,0,1,"799795,5565","5828617,967","13,42","52,525"
470,50384,11,1,1044201,Reinickendorfer Straße,2019,6,15,4,3,1,5,0,1,0,0,0,0,1,0,"796206,9153","5830826,654","13,36923","52,54676"
471,50385,11,4,4020208,Kranzallee,2019,8,15,6,2,5,3,0,1,1,0,0,0,0,0,"788939,73","5826125,888","13,25827","52,50852"
472,50386,11,3,3050925,Komponistenviertel Weißensee,2019,5,10,5,3,0,1,0,1,0,0,0,0,0,0,"802522,8567","5831672,899","13,46286","52,55088"
473,50387,11,12,12103218,Teichstraße,2019,11,12,6,3,5,2,0,1,1,0,0,0,0,0,"794461,1322","5834349,299","13,34668","52,57928"
474,50388,11,7,7040405,Rathaus Tempelhof,2019,6,5,5,3,2,6,0,0,1,0,0,0,0,0,"798205,4461","5822270,411","13,39095","52,46897"
475,50389,11,9,9010101,Elsenstraße,2019,9,18,3,2,6,4,0,1,0,1,0,0,0,1,"802615,9638","5825142,127","13,45828","52,49229"
476,50390,11,9,9010101,Elsenstraße,2019,12,12,3,3,2,6,0,0,1,0,0,1,0,0,"802853,3455","5825484,367","13,46208","52,49522"
477,50391,11,11,11030721,Rüdigerstraße,2019,6,16,3,3,3,6,0,0,1,0,0,0,0,0,"804866,0149","5827449,455","13,49343","52,51172"
478,50392,11,7,7040403,Manteuffelstraße,2019,8,14,6,3,2,6,0,0,1,0,0,0,0,0,"797846,1","5821267,217","13,38478","52,46018"
479,50393,11,4,4020208,Kranzallee,2019,10,16,5,3,2,6,2,0,1,0,0,0,0,0,"787757,6201","5825935,15","13,24074","52,50743"
480,50394,11,3,3020209,Niederschönhausen,2019,8,13,6,3,2,6,0,0,1,0,0,0,0,0,"798035,0148","5834113,488","13,39906","52,57523"
481,50395,11,7,7020203,Kaiser-Wilhelm-Platz,2019,9,13,6,3,0,2,0,0,1,0,0,0,1,1,"795787,1541","5824110,239","13,35708","52,48678"
482,50396,11,1,1011303,Alexanderplatzviertel,2019,5,8,5,3,1,5,0,1,0,0,0,0,1,0,"799013,0963","5828214,173","13,40814","52,52181"
483,50397,11,4,4041134,Bismarckallee,2019,10,22,4,3,3,6,2,0,1,0,0,0,1,1,"790977,9056","5824665,896","13,28694","52,49435"
484,50398,11,2,2050602,Samariterviertel,2019,9,14,3,3,6,4,0,0,1,1,0,0,0,1,"802661,0383","5827678,74","13,46125","52,515"
485,50400,11,7,7040403,Manteuffelstraße,2019,6,10,3,3,6,7,0,0,0,1,0,0,1,0,"797836,8693","5821305,696","13,38468","52,46053"
486,50401,11,2,2020202,Rathaus Yorckstraße,2019,8,17,5,3,5,2,0,1,1,0,0,0,0,0,"797898,3103","5825432,668","13,38926","52,49749"
487,50402,11,2,2050602,Samariterviertel,2019,5,22,4,3,0,6,2,1,0,1,0,0,0,0,"802045,0249","5828039,686","13,45253","52,51858"
488,50403,11,6,6030503,Zehlendorf Mitte,2019,11,17,7,3,6,2,2,0,1,1,0,0,0,0,"791054,1063","5818813,331","13,28296","52,44184"
489,50404,11,3,3020209,Niederschönhausen,2019,6,19,7,2,5,3,0,0,1,0,1,0,0,0,"798165,7503","5836122,447","13,40279","52,59316"
490,50405,11,3,3071633,Thälmannpark,2019,12,8,4,3,0,4,0,0,0,1,0,0,1,0,"800013,2022","5830341,627","13,42475","52,54033"
491,50406,11,3,3061126,Arnimplatz,2019,8,17,5,3,5,2,0,1,0,0,0,0,1,0,"799216,4496","5832076,54","13,4146","52,55632"
492,50407,11,3,3040818,Pankow Süd,2019,5,18,4,2,5,3,0,1,1,0,0,0,0,0,"800040,4483","5832914,222","13,42748","52,56337"
493,50408,11,1,1011303,Alexanderplatzviertel,2019,10,13,7,3,3,6,0,1,0,0,0,0,0,0,"799727,6727","5828567,224","13,41895","52,52458"
494,50409,11,11,11030721,Rüdigerstraße,2019,9,14,3,3,5,3,0,1,1,0,0,0,0,1,"804068,2978","5827550,295","13,48181","52,51307"
495,50410,11,3,3020203,Blankenfelde,2019,8,16,5,3,5,2,0,1,1,0,0,0,0,0,"796447,267","5840400,385","13,38133","52,63245"
496,50411,11,4,4030417,Schloßstraße,2019,5,17,4,3,2,7,0,1,1,0,0,0,0,0,"791790,4806","5826582,608","13,30056","52,5111"
497,50412,11,4,4041137,Flinsberger Platz,2019,10,10,4,3,2,6,0,0,1,0,0,0,0,1,"791395,6192","5824511,645","13,29294","52,49274"
498,50413,11,4,4020310,Park Ruhwald,2019,6,7,5,3,3,6,0,0,1,0,0,1,0,1,"790456,508","5828429,423","13,28257","52,52837"
499,50414,11,4,4041239,Stadion Wilmersdorf,2019,9,9,3,3,2,6,0,0,1,0,0,0,0,0,"791999,872","5823923,308","13,3013","52,48715"
500,50415,11,6,6030501,Berlepschstraße,2019,12,8,6,3,5,3,0,1,1,0,0,0,0,0,"788208,388","5817684,025","13,24023","52,43322"
501,50416,11,2,2050602,Samariterviertel,2019,6,15,3,3,5,2,0,1,1,0,0,0,0,0,"802144,468","5827754,513","13,45373","52,51596"
502,50417,11,1,1011303,Alexanderplatzviertel,2019,5,5,4,3,0,1,1,0,1,0,0,0,1,1,"798685,3383","5827893,499","13,40303","52,51912"
503,50418,11,1,1011202,Unter den Linden Nord,2019,11,10,1,3,0,6,0,1,0,0,0,0,1,0,"798289,2418","5827697,44","13,39704","52,51758"
504,50419,11,4,4020209,Eichkamp,2019,6,16,3,3,2,6,0,0,1,0,0,0,0,0,"788960,5002","5826129,464","13,25858","52,50854"
505,50420,11,12,12302212,Rollbergesiedlung,2019,11,19,5,3,5,3,2,0,1,0,0,0,1,1,"792782,7115","5837343,271","13,32463","52,60703"
506,50421,11,12,12214125,Waldidyll/Flughafensee,2019,8,15,5,3,2,6,0,0,1,0,0,0,0,0,"792172,5691","5832086,587","13,31101","52,56023"
507,50422,11,4,4020311,Reichsstraße,2019,5,15,4,3,2,6,0,0,1,0,0,0,0,0,"789164,2116","5826160,009","13,2616","52,50871"
508,50423,11,1,1044203,Leopoldplatz,2019,10,20,1,3,2,6,2,0,1,0,0,0,0,0,"796030,741","5831374,83","13,36712","52,55177"
509,50424,11,11,11030721,Rüdigerstraße,2019,9,7,3,3,5,2,0,1,1,0,1,0,0,0,"804904,3765","5827465,101","13,49401","52,51184"
510,50426,11,2,2040503,Richard-Sorge-Viertel,2019,6,8,3,2,3,6,0,1,0,0,0,0,0,0,"801872,0535","5827776,15","13,44975","52,51631"
511,50427,11,3,3050923,Weißenseer Spitze,2019,8,15,5,3,2,6,0,0,1,0,1,0,0,0,"800269,3317","5831879,704","13,42991","52,55398"
512,50428,11,7,7040401,Neu-Tempelhof,2019,5,15,4,3,3,6,0,0,1,0,1,0,0,0,"797760,121","5823856,895","13,38583","52,48344"
513,50429,11,4,4030622,Richard-Wagner-Straße,2019,6,18,1,3,6,2,0,0,1,1,0,0,0,0,"792092,3965","5826654,735","13,30506","52,51158"
514,50430,11,4,4030417,Schloßstraße,2019,9,15,3,3,6,4,0,0,1,1,0,0,0,1,"791667,2657","5826561,829","13,29873","52,51098"
515,50431,11,7,7050502,Fritz-Werner-Straße,2019,12,17,2,3,5,2,2,0,1,0,0,0,0,1,"797474,4017","5817965,558","13,37638","52,43078"
516,50432,11,7,7070701,Kettinger Straße/Schillerstraße,2019,6,9,3,2,1,5,0,0,1,0,0,0,0,0,"799154,8331","5816563,445","13,39977","52,4173"
517,50433,11,1,1011105,Nördlicher Landwehrkanal,2019,8,15,5,3,5,2,0,1,1,0,0,0,0,0,"796420,8654","5826329,938","13,36836","52,50634"
518,50434,11,1,1011105,Nördlicher Landwehrkanal,2019,4,18,3,3,2,6,0,0,1,0,0,0,0,0,"796763,643","5826668,491","13,3737","52,50918"
519,50435,11,1,1011204,Leipziger Straße,2019,11,15,2,3,0,6,0,1,0,0,0,1,1,1,"797750,0895","5826848,821","13,38835","52,51026"
520,50436,11,7,7010104,Dennewitzplatz,2019,8,11,5,3,3,6,0,0,1,0,1,0,0,0,"796011,5686","5825166,15","13,36132","52,49613"
521,50437,11,9,9010202,Köpenicker Landstraße,2019,4,13,3,3,5,3,0,1,1,0,0,0,0,0,"804104,6469","5824365,095","13,47943","52,4845"
522,50438,11,6,6040703,Nikolassee,2019,10,3,2,3,0,7,2,0,1,0,0,0,0,0,"787036,8903","5820675,025","13,22562","52,46065"
523,50439,11,12,12304314,Ziekowstraße/Freie Scholle,2019,9,8,2,3,2,6,0,0,1,0,0,0,0,0,"790110,385","5836039,91","13,28414","52,59678"
524,50441,11,2,2050602,Samariterviertel,2019,6,8,3,3,5,2,0,1,0,0,0,0,1,0,"802124,7546","5828063,409","13,45372","52,51874"
525,50442,11,4,4020310,Park Ruhwald,2019,8,10,5,3,2,6,0,0,1,0,0,0,0,0,"790498,7548","5827507,075","13,28238","52,52007"
526,50443,11,4,4010102,Plötzensee,2019,4,7,3,3,2,6,0,0,1,0,0,0,0,0,"792846,9745","5829535,083","13,31868","52,537"
527,50444,11,2,2050602,Samariterviertel,2019,11,15,4,3,5,2,1,1,1,0,0,0,1,1,"802581,6369","5827686,702","13,46009","52,51511"
528,50445,11,11,11030721,Rüdigerstraße,2019,6,15,4,2,5,2,0,1,0,0,0,1,0,0,"803742,834","5827568,253","13,47704","52,51341"
529,50446,11,12,12103219,Schäfersee,2019,9,21,2,2,6,4,2,0,1,1,0,0,0,0,"795759,1873","5832650,13","13,36427","52,56335"
530,50447,11,7,7020202,Volkspark (Rudolf-Wilde-Park),2019,12,8,2,3,2,6,0,0,1,0,0,1,1,0,"794782,4018","5823140,125","13,34147","52,47863"
531,50448,11,12,12103115,Breitkopfbecken,2019,8,8,5,3,5,2,0,0,1,0,1,0,0,0,"795410,8555","5833589,954","13,35998","52,57196"