,id,city,district,lor,street,year,month,hour,weekday,category,collision,movement,light_conditions,bicycle,car,pedestrian,motorbike,truck,other_vehicle,road_conditions,LINREFX,LINREFY,XGCSWGS84,YGCSWGS84
709,50639,11,3,2040501,Barnimkiez,2019,4,5,3,2,6,7,0,0,1,0,0,0,1,0,"799924,4786","5828818,274","13,42207","52,52673"
710,50640,11,2,2050602,Samariterviertel,2019,10,10,4,3,6,7,0,0,0,1,0,0,1,1,"803535,8601","5827604,205","13,47404","52,51385"
711,50641,11,2,2040503,Richard-Sorge-Viertel,2019,9,9,5,3,3,6,0,1,0,0,0,0,0,0,"801423,4153","5827821,687","13,4432","52,51697"
712,50643,11,7,7050502,Fritz-Werner-Straße,2019,5,6,6,3,5,3,0,0,1,0,0,0,0,0,"798153,95","5819054,333","13,38732","52,44017"
713,50644,11,4,4020313,Königin-Elisabeth-Straße,2019,7,13,4,3,5,2,0,1,0,0,0,1,0,0,"790539,6547","5826379,005","13,282","52,50994"
714,50645,11,6,6030503,Zehlendorf Mitte,2019,4,11,3,3,5,7,0,1,1,0,0,0,0,0,"789806,2785","5817997,214","13,26394","52,43518"
715,50646,11,9,9010101,Elsenstraße,2019,6,20,5,3,6,4,0,1,0,1,0,0,0,0,"802623,8516","5825153,023","13,45841","52,49238"
716,50647,11,7,7040406,Germaniagarten,2019,9,6,5,3,2,6,0,0,1,0,0,0,1,1,"799900,908","5821458,253","13,4151","52,46077"
717,50648,11,3,3071639,Bötzowstraße,2019,12,7,4,3,6,2,0,0,1,1,0,0,0,0,"800362,7305","5829550,808","13,42918","52,53305"
718,50649,11,4,4030622,Richard-Wagner-Straße,2019,5,13,6,3,5,2,0,1,1,0,0,0,0,0,"792530,1872","5826706,702","13,31153","52,51181"
719,50650,11,1,1011303,Alexanderplatzviertel,2019,7,18,3,3,6,6,0,0,0,1,0,0,1,0,"799602,4777","5828290,816","13,41687","52,52217"
720,50651,11,4,4051551,Brabanter Platz,2019,11,5,6,3,5,2,2,0,1,0,0,0,0,0,"793267,3649","5823001,754","13,3191","52,4782"
721,50652,11,1,1011105,Nördlicher Landwehrkanal,2019,7,23,3,3,5,3,2,1,0,0,0,0,1,0,"796761,8094","5826668,139","13,37367","52,50918"
722,50653,11,1,1044203,Leopoldplatz,2019,9,17,6,3,2,6,0,0,1,0,0,0,0,1,"795911,1028","5831794,589","13,36574","52,5556"
723,50654,11,1,1011105,Nördlicher Landwehrkanal,2019,4,11,3,3,2,6,0,0,1,0,1,0,0,0,"796696,3823","5826198,215","13,37229","52,50501"
724,50655,11,4,4030417,Schloßstraße,2019,10,0,5,3,5,3,2,0,1,0,0,0,0,1,"791852,3909","5826614,513","13,30149","52,51135"
725,50656,11,11,11041022,Rosenfelder Ring,2019,9,5,5,3,2,6,2,0,1,0,0,1,0,1,"805670,2008","5827389,169","13,50519","52,51073"
726,50658,11,3,3040818,Pankow Süd,2019,5,19,6,2,1,5,1,1,1,0,0,0,0,1,"799020,1086","5832456,654","13,41206","52,55983"
727,50659,11,3,3040614,Pankow Zentrum,2019,7,22,3,3,3,2,2,0,1,0,1,0,0,0,"798366,2622","5833481,99","13,40336","52,56938"
728,50660,11,1,1022202,Heidestraße,2019,4,14,3,3,2,6,0,0,1,0,0,0,1,0,"796047,5943","5829313,553","13,36553","52,53328"
729,50661,11,7,7040403,Manteuffelstraße,2019,11,11,1,3,2,2,0,0,1,0,0,0,0,1,"797832,5631","5822297,024","13,3855","52,46942"
730,50662,11,12,12103218,Teichstraße,2019,6,23,7,3,2,7,2,0,0,0,0,0,1,0,"794965,4817","5833754,585","13,35357","52,57368"
731,50663,11,7,7050501,Rathausstraße,2019,9,11,4,3,2,7,0,0,1,0,1,0,0,0,"797753,6946","5818876,023","13,38129","52,43879"
732,50664,11,1,1044201,Reinickendorfer Straße,2019,12,17,5,3,2,6,2,0,1,0,0,0,1,0,"796049,1337","5831335,307","13,36736","52,55141"
733,50665,11,3,3061131,Falkplatz,2019,7,10,3,3,5,2,0,1,1,0,0,0,0,0,"799165,6544","5830375,764","13,41232","52,5411"
734,50666,11,3,3020209,Niederschönhausen,2019,4,15,3,3,5,2,0,1,1,0,0,0,0,0,"798156,5373","5836034,116","13,40257","52,59237"
735,50667,11,12,12103115,Breitkopfbecken,2019,7,12,3,3,9,1,0,0,1,0,0,0,0,0,"795351,9093","5833718,023","13,35923","52,57314"
736,50668,11,7,7070701,Kettinger Straße/Schillerstraße,2019,4,16,3,3,6,4,0,0,1,1,0,0,0,0,"799193,9926","5816469,338","13,40026","52,41644"
737,50669,11,1,1011102,Großer Tiergarten,2019,6,16,5,3,2,6,0,0,1,0,1,0,0,0,"796029,0631","5827319,402","13,36349","52,51542"
738,50670,11,7,7050501,Rathausstraße,2019,9,9,4,3,3,6,0,0,1,0,0,1,0,0,"797907,3508","5820219,669","13,38474","52,45075"
739,50671,11,2,2040701,Andreasviertel,2019,12,6,6,3,2,2,2,1,1,0,0,0,0,2,"800965,48","5827869,077","13,43651","52,51764"
740,50672,11,12,12103115,Breitkopfbecken,2019,5,19,6,2,9,1,0,0,1,0,0,0,0,1,"795348,7113","5833720,231","13,35918","52,57316"
741,50673,11,3,3050925,Komponistenviertel Weißensee,2019,7,22,2,3,1,5,2,1,1,0,0,0,0,1,"801768,2644","5831341,757","13,45146","52,54833"
742,50674,11,9,9010302,Späthsfelde,2019,11,19,6,2,3,6,2,0,1,0,0,1,0,1,"804172,3069","5819873,027","13,47633","52,4442"
743,50675,11,1,1011303,Alexanderplatzviertel,2019,7,19,2,3,0,6,0,1,1,0,0,0,0,1,"799537,7873","5828290,475","13,41591","52,52221"
744,50676,11,4,4010101,Jungfernheide,2019,4,16,3,3,2,6,0,0,1,0,0,0,0,0,"790567,3827","5828674,639","13,28441","52,53051"
745,50677,11,7,7050502,Fritz-Werner-Straße,2019,10,1,6,2,5,3,2,0,1,0,0,0,0,1,"797459,2005","5817897,972","13,3761","52,43019"
746,50678,11,7,7040402,Lindenhofsiedlung,2019,9,8,4,3,2,6,0,0,1,0,0,0,0,0,"796526,9485","5822539,904","13,36655","52,4723"
747,50680,11,2,2050602,Samariterviertel,2019,5,12,6,3,5,2,0,1,1,0,0,0,0,0,"803090,9533","5827650,824","13,46754","52,51451"
748,50681,11,1,1033203,Humboldthain Nordwest,2019,7,19,2,3,5,2,0,1,1,0,0,0,0,1,"796270,7976","5830435,403","13,36982","52,54322"
749,50682,11,9,9010402,Johannisthal Ost,2019,4,3,2,3,9,1,2,0,1,0,0,0,0,0,"806224,7776","5818442,596","13,50513","52,43023"
750,50683,11,7,7040405,Rathaus Tempelhof,2019,11,18,2,3,2,6,2,0,1,0,0,0,0,1,"798511,2796","5822073,055","13,39526","52,46704"
751,50684,11,9,9020601,Schnellerstraße,2019,6,16,1,3,2,6,0,0,0,0,1,0,0,0,"806501,944","5821232,081","13,51175","52,45508"
752,50685,11,1,1011204,Leipziger Straße,2019,9,7,4,3,2,6,0,0,0,0,1,1,0,0,"798660,557","5827051,53","13,40191","52,51158"
753,50686,11,7,7030303,Grazer Platz,2019,12,7,6,3,2,6,1,0,1,0,0,0,0,1,"795628,9396","5823246,817","13,35399","52,47913"
754,50687,11,7,7030303,Grazer Platz,2019,7,19,2,3,5,3,0,0,1,0,0,0,1,1,"795173,5391","5822937,231","13,34703","52,4766"
755,50688,11,3,3040614,Pankow Zentrum,2019,4,10,7,3,0,2,0,0,1,0,0,0,1,0,"798367,724","5833482,413","13,40338","52,56939"
756,50689,11,7,7050502,Fritz-Werner-Straße,2019,10,6,2,3,0,3,1,1,0,0,0,0,0,1,"797517,372","5818159,42","13,37719","52,4325"
757,50690,11,9,9010101,Elsenstraße,2019,9,8,3,3,2,6,0,0,1,0,0,0,0,0,"802667,7069","5825212,573","13,45911","52,49289"
758,50691,11,6,6030503,Zehlendorf Mitte,2019,7,16,2,3,0,5,0,1,1,0,0,0,0,0,"789381,241","5818024,569","13,25773","52,43565"
759,50692,11,2,2050602,Samariterviertel,2019,4,12,6,3,6,6,0,1,0,1,0,0,0,0,"802379,3853","5827724,511","13,45716","52,51557"
760,50693,11,7,7050502,Fritz-Werner-Straße,2019,10,17,6,3,5,3,1,0,1,0,0,0,0,1,"797577,2551","5818423,189","13,3783","52,43483"
761,50694,11,4,4020311,Reichsstraße,2019,6,15,6,3,5,2,0,0,1,0,0,0,0,0,"789823,4338","5826278,803","13,27139","52,50942"
762,50695,11,3,3040818,Pankow Süd,2019,9,16,3,3,5,2,0,1,1,0,0,0,0,0,"799148,5951","5832225,673","13,41374","52,55769"
763,50697,11,4,4020311,Reichsstraße,2019,5,14,5,3,2,6,0,0,1,0,0,0,0,0,"789070,6124","5826145,973","13,26021","52,50863"
764,50698,11,4,4020313,Königin-Elisabeth-Straße,2019,4,10,6,3,2,6,0,0,0,0,1,0,0,0,"790514,8098","5826393,411","13,28165","52,51008"
765,50699,11,1,1011204,Leipziger Straße,2019,11,22,2,3,3,6,2,0,1,0,0,0,0,0,"797757,8125","5826850,054","13,38847","52,51027"
766,50700,11,1,1011303,Alexanderplatzviertel,2019,5,4,5,3,5,3,1,1,1,0,0,0,0,0,"799788,505","5828606,632","13,41988","52,5249"
767,50701,11,12,12304314,Ziekowstraße/Freie Scholle,2019,11,12,7,3,2,6,0,0,1,0,0,0,0,0,"790339,1278","5835572,793","13,28709","52,59247"
768,50702,11,4,4020310,Park Ruhwald,2019,7,14,2,3,3,6,0,0,1,0,0,0,0,0,"790445,9188","5827708,009","13,28178","52,5219"
769,50703,11,7,7050502,Fritz-Werner-Straße,2019,4,14,6,3,2,2,0,0,0,0,0,0,1,0,"797577,8701","5818425,59","13,37831","52,43485"
770,50704,11,7,7060601,Marienfelder Allee Nordwest,2019,10,16,3,2,1,5,0,0,1,0,1,0,0,0,"796739,4483","5816072,572","13,36393","52,41421"
771,50705,11,1,1011105,Nördlicher Landwehrkanal,2019,9,15,3,3,2,2,0,0,0,0,1,1,0,0,"796719,975","5826660,095","13,37305","52,50913"
772,50707,11,9,9020601,Schnellerstraße,2019,7,13,2,3,2,6,0,0,1,0,1,0,0,0,"805870,5267","5821880,593","13,50308","52,46124"
773,50708,11,5,5020629,Börnicker Straße,2019,4,15,6,3,0,1,0,0,0,0,1,0,0,0,"785788,1699","5826107,782","13,21195","52,51002"
774,50709,11,1,1011303,Alexanderplatzviertel,2019,9,17,6,2,6,7,0,0,0,1,0,0,1,0,"798716,7651","5827910,532","13,40351","52,51925"
775,50710,11,2,2050802,Boxhagener Platz,2019,6,19,2,3,1,5,0,1,1,0,0,0,0,0,"802050,5554","5827245,004","13,45189","52,51145"
776,50711,11,10,10040830,Kaulsdorf Süd,2019,9,11,3,3,0,7,0,0,1,0,0,0,0,0,"811396,2318","5827110,197","13,58903","52,50499"
777,50712,11,2,2050802,Boxhagener Platz,2019,12,19,3,3,1,5,2,1,1,0,0,0,1,0,"802093,3197","5827298,508","13,45257","52,51191"
778,50713,11,11,11041022,Rosenfelder Ring,2019,5,20,4,3,2,7,0,0,1,0,0,0,1,0,"805508,9502","5827401,898","13,50284","52,51093"
779,50714,11,1,1011303,Alexanderplatzviertel,2019,7,10,2,3,5,3,0,0,1,0,0,0,1,0,"799243,3114","5827891,124","13,41123","52,51879"
780,50715,11,7,7030303,Grazer Platz,2019,4,10,5,3,3,6,0,0,1,0,0,0,0,0,"795591,8619","5822927,991","13,35317","52,47629"
781,50716,11,1,1011105,Nördlicher Landwehrkanal,2019,11,12,4,3,5,7,0,0,1,0,0,0,0,1,"796471,57","5826435,462","13,3692","52,50725"
782,50717,11,7,7050502,Fritz-Werner-Straße,2019,11,13,7,2,6,7,0,0,1,1,0,0,0,0,"798566,8107","5817919,341","13,39236","52,42978"
783,50718,11,6,6010209,Feuerbachstraße,2019,7,11,2,2,2,7,0,0,1,0,0,0,0,0,"794019,9639","5821081,374","13,32846","52,46058"
784,50719,11,3,3061126,Arnimplatz,2019,4,20,5,3,0,6,0,0,0,0,0,0,1,0,"799195,1632","5831413,187","13,41369","52,55039"
785,50720,11,11,11041022,Rosenfelder Ring,2019,10,9,3,3,6,2,0,0,1,1,0,0,0,0,"805621,007","5827378,086","13,50446","52,51065"
786,50721,11,12,12103219,Schäfersee,2019,9,9,3,3,1,7,0,0,1,1,0,0,1,0,"795737,6391","5832775,984","13,36406","52,56449"
787,50723,11,2,2050602,Samariterviertel,2019,5,22,4,3,3,6,2,0,1,0,1,0,0,0,"802522,3777","5827692,65","13,45923","52,5152"
788,50724,11,7,7040401,Neu-Tempelhof,2019,7,8,2,3,0,7,0,1,0,0,0,0,0,0,"797820,982","5822902,835","13,38587","52,47485"
789,50725,11,2,2050601,Hausburgviertel,2019,4,22,5,3,5,2,2,0,1,0,0,0,1,0,"801649,0525","5828882,665","13,44748","52,52635"
790,50726,11,7,7070703,John-Locke-Straße,2019,11,18,5,3,3,6,2,0,1,0,0,0,0,1,"799852,9028","5813577,152","13,40733","52,39015"
791,50727,11,7,7040405,Rathaus Tempelhof,2019,6,14,5,3,2,6,0,0,1,0,0,0,0,0,"797873,5393","5822329,355","13,38613","52,46968"
792,50728,11,4,4020311,Reichsstraße,2019,9,12,3,3,0,3,0,1,1,0,0,0,0,0,"790254,7236","5826331,522","13,27777","52,50967"
793,50729,11,4,4030622,Richard-Wagner-Straße,2019,12,20,3,3,5,3,2,1,1,0,0,0,0,1,"792252,8762","5826682,022","13,30744","52,51174"
794,50730,11,10,10010204,Wuhletalstraße,2019,7,8,1,2,9,1,0,0,1,0,0,0,0,0,"808887,1721","5833369,86","13,558","52,56251"
795,50731,11,2,2020203,Viktoriapark,2019,10,4,5,3,8,1,2,0,1,0,0,0,0,0,"797756,1273","5824212,571","13,38609","52,48663"
796,50732,11,6,6010103,Markelstraße,2019,7,23,1,3,0,7,2,0,1,0,0,0,0,0,"792888,1641","5821605,395","13,31231","52,46589"
797,50733,11,2,2020203,Viktoriapark,2019,9,15,6,3,2,6,0,0,1,0,0,0,0,1,"797757,0786","5824183,643","13,38607","52,48637"
798,50734,11,6,6030503,Zehlendorf Mitte,2019,4,18,5,3,0,1,0,0,0,0,1,0,0,0,"788314,1793","5817727,135","13,24182","52,43355"
799,50735,11,4,4041133,Güterbahnhof Grunewald,2019,10,9,4,3,2,6,0,0,1,0,0,0,0,0,"790576,3811","5825143,406","13,28146","52,49884"
800,50736,11,4,4020311,Reichsstraße,2019,9,12,3,3,0,3,0,1,1,0,0,0,0,0,"790253,9521","5826331,389","13,27776","52,50966"
801,50738,11,1,1044203,Leopoldplatz,2019,5,21,4,3,2,6,0,0,1,0,0,0,1,0,"795912,6741","5831785,72","13,36575","52,55552"
802,50739,11,2,2050602,Samariterviertel,2019,7,19,1,3,5,2,0,0,1,0,0,0,0,0,"802180,3977","5827726,857","13,45423","52,5157"
803,50740,11,2,2050601,Hausburgviertel,2019,4,10,5,3,6,4,0,1,0,1,0,0,0,0,"801848,5111","5828476,069","13,45004","52,5226"
804,50741,11,1,1011105,Nördlicher Landwehrkanal,2019,11,16,7,2,0,3,1,1,0,0,0,0,1,0,"796554,24","5826609,774","13,37057","52,50877"
805,50742,11,9,9010102,Am Treptower Park Nord,2019,6,18,7,2,3,6,0,0,1,0,0,0,0,0,"803724,8217","5824774,557","13,47423","52,48838"
806,50743,11,12,12103117,Letteplatz,2019,12,11,4,3,3,6,0,0,1,0,1,0,0,0,"795813,558","5832426,551","13,36487","52,56132"
807,50744,11,5,5040936,Jägerallee,2019,7,18,1,2,5,3,0,1,1,0,0,0,0,0,"780177,9311","5822275,813","13,12628","52,47857"
808,50745,11,2,2020202,Rathaus Yorckstraße,2019,4,9,5,3,1,5,0,0,1,0,0,0,1,0,"797565,4461","5825536,042","13,38447","52,4986"
809,50746,11,7,7050502,Fritz-Werner-Straße,2019,10,17,6,3,5,3,0,0,1,0,0,0,0,0,"797428,4492","5817758,982","13,37552","52,42896"
810,50747,11,1,1011104,Körnerstraße,2019,9,15,2,3,0,7,0,1,0,0,0,0,0,1,"796323,3157","5826085,27","13,36671","52,5042"
811,50748,11,4,4020208,Kranzallee,2019,7,23,7,3,5,2,2,0,1,0,1,0,0,0,"788931,6399","5826124,422","13,25815","52,50851"
812,50749,11,9,9020601,Schnellerstraße,2019,4,10,5,2,5,3,0,1,1,0,0,0,0,0,"806600,3741","5821135,892","13,51311","52,45416"
813,50750,11,3,3020209,Niederschönhausen,2019,10,8,4,3,2,7,1,1,1,0,0,0,0,1,"798195,9765","5835325,318","13,40252","52,586"
814,50751,11,10,10030726,Alt-Biesdorf,2019,6,7,5,2,5,2,0,1,1,0,0,0,0,0,"808948,2401","5827441,17","13,55339","52,50935"
815,50752,11,1,1033203,Humboldthain Nordwest,2019,9,11,2,3,5,2,0,0,1,0,0,0,0,1,"796187,744","5830191,845","13,36838","52,54108"
816,50753,11,7,7070703,John-Locke-Straße,2019,12,14,5,3,1,5,0,0,1,0,0,0,1,1,"799859,2541","5813506,061","13,40736","52,38951"
817,50754,11,2,2050602,Samariterviertel,2019,5,10,4,3,2,6,0,0,1,0,1,0,0,0,"803518,3622","5827606,266","13,47378","52,51387"
818,50755,11,1,1044102,Schillerpark,2019,4,17,5,3,2,6,0,0,1,0,0,0,0,0,"795879,5741","5832054,493","13,36551","52,55795"
819,50756,11,1,1022202,Heidestraße,2019,11,5,1,3,8,1,2,0,1,0,0,0,1,1,"795965,1762","5829433,598","13,36443","52,5344"
820,50757,11,4,4030623,Ernst-Reuter-Platz,2019,5,11,4,3,5,7,0,1,1,0,0,0,0,0,"793482,5843","5826888,823","13,32569","52,51293"
821,50758,11,3,3040614,Pankow Zentrum,2019,11,18,5,3,5,2,2,1,1,0,0,0,0,1,"798367,2917","5833482,288","13,40338","52,56939"
822,50759,11,4,4030417,Schloßstraße,2019,7,22,7,2,0,1,2,1,0,0,0,0,0,0,"791699,0087","5826588,62","13,29922","52,5112"
823,50760,11,10,10010308,Marzahner Chaussee,2019,4,7,4,2,5,2,0,0,1,0,1,0,1,0,"808054,6151","5827457,618","13,54028","52,51"
824,50761,11,3,3020209,Niederschönhausen,2019,10,14,1,3,5,2,0,1,1,0,0,0,0,0,"798113,3353","5835761,436","13,40169","52,58995"
825,50762,11,4,4020314,Messegelände,2019,9,23,2,3,9,1,2,0,1,0,0,0,0,1,"790478,1635","5825452,627","13,28029","52,50167"
826,50764,11,4,4020313,Königin-Elisabeth-Straße,2019,5,17,4,3,3,6,0,0,1,0,0,0,0,0,"790304,672","5826358,429","13,27853","52,50988"
827,50765,11,2,2040503,Richard-Sorge-Viertel,2019,7,10,7,3,3,6,0,1,1,0,0,0,0,0,"802023,83","5827761,053","13,45196","52,51609"
828,50766,11,5,5020524,Weinmeisterhornweg,2019,4,11,4,3,2,6,0,0,1,0,0,0,1,0,"783701,118","5826664,788","13,18175","52,5161"
829,50767,11,2,2020202,Rathaus Yorckstraße,2019,10,20,7,3,0,7,2,0,0,0,1,0,0,0,"797834,3426","5824980,697","13,38792","52,49347"
830,50768,11,7,7030303,Grazer Platz,2019,9,21,2,3,5,3,2,0,1,0,0,1,0,1,"796008,6585","5822735,546","13,35911","52,47434"
831,50769,11,3,3061126,Arnimplatz,2019,7,10,7,3,2,6,0,0,1,0,1,0,0,0,"799196,197","5831434,082","13,41373","52,55057"
832,50770,11,4,4020208,Kranzallee,2019,4,12,4,3,2,6,0,0,1,0,0,0,0,0,"788070,3675","5825985,465","13,24538","52,50772"
833,50771,11,1,1033203,Humboldthain Nordwest,2019,10,6,4,3,2,6,2,0,1,0,0,0,1,1,"796236,3585","5829969,632","13,36889","52,53906"
834,50772,11,1,1033203,Humboldthain Nordwest,2019,6,8,6,3,5,2,0,1,1,0,0,0,0,0,"796318,2849","5830074,317","13,37019","52,53996"
835,50773,11,4,4020313,Königin-Elisabeth-Straße,2019,9,19,2,3,5,3,2,0,1,0,0,1,0,1,"790744,2734","5826506,209","13,28512","52,51097"
836,50774,11,3,3020209,Niederschönhausen,2019,12,7,7,3,4,6,0,0,1,0,0,0,0,0,"798141,409","5835428,657","13,40181","52,58696"
837,50775,11,3,3040818,Pankow Süd,2019,5,13,4,3,5,2,0,0,1,0,0,0,1,0,"799122,8826","5832333,516","13,41346","52,55867"
838,50776,11,7,7040405,Rathaus Tempelhof,2019,4,13,4,3,3,6,0,0,1,0,0,1,0,0,"799325,1052","5821562,99","13,40675","52,46202"
839,50777,11,12,12224230,Heiligensee,2019,11,14,1,3,2,6,0,0,1,0,0,0,0,0,"787549,6002","5837851,569","13,24801","52,61438"
840,50778,11,7,7040405,Rathaus Tempelhof,2019,5,15,4,2,9,1,0,0,0,0,1,0,0,0,"799594,566","5821357,214","13,41052","52,46003"
841,50779,11,7,7040403,Manteuffelstraße,2019,11,13,7,2,0,1,0,0,0,0,1,0,0,1,"797691,1569","5822311,706","13,38343","52,46963"
842,50780,11,9,9020601,Schnellerstraße,2019,7,0,7,2,5,3,2,1,0,0,1,0,0,0,"806605,4902","5821130,875","13,51318","52,45411"
843,50781,11,12,12103219,Schäfersee,2019,4,14,4,3,0,2,0,1,0,0,0,0,1,0,"795766,7536","5832692,731","13,36442","52,56373"
844,50782,11,4,4030417,Schloßstraße,2019,10,13,2,3,2,6,0,1,1,0,0,0,0,0,"791378,094","5826534,643","13,29446","52,51089"
845,50783,11,4,4020311,Reichsstraße,2019,9,15,2,3,4,1,0,0,1,0,0,0,0,1,"789057,543","5826144,105","13,26002","52,50862"
846,50785,11,7,7050502,Fritz-Werner-Straße,2019,5,7,4,3,5,3,0,1,0,0,0,0,0,0,"798590,7036","5817920,223","13,39271","52,42977"
847,50786,11,1,1011303,Alexanderplatzviertel,2019,7,23,6,2,0,7,2,0,0,0,1,0,1,0,"798678,4684","5827875,934","13,40291","52,51896"
848,50787,11,1,1011105,Nördlicher Landwehrkanal,2019,4,15,4,3,2,6,0,0,1,0,0,0,1,0,"796695,7199","5826198,656","13,37228","52,50501"
849,50788,11,3,3020209,Niederschönhausen,2019,6,14,2,2,0,3,0,0,0,0,1,1,0,0,"797957,0005","5834563,755","13,39831","52,5793"
850,50789,11,2,2010101,Askanischer Platz,2019,9,9,2,3,2,6,0,0,1,0,0,0,0,1,"797886,552","5825489,672","13,38914","52,49801"
851,50790,11,1,1011204,Leipziger Straße,2019,12,19,2,3,5,3,2,1,1,0,0,0,0,1,"798831,5822","5827234,522","13,40459","52,51313"
852,50791,11,2,2050602,Samariterviertel,2019,5,9,4,3,5,2,0,1,0,0,0,0,1,0,"802178,5289","5827741,531","13,45422","52,51583"
853,50792,11,7,7040401,Neu-Tempelhof,2019,7,12,6,3,1,5,0,0,1,0,0,0,1,0,"797815,411","5823023,164","13,38589","52,47594"
854,50793,11,4,4030622,Richard-Wagner-Straße,2019,4,17,3,3,3,6,0,0,1,0,1,0,0,0,"792573,3053","5826713,954","13,31217","52,51186"
855,50794,11,6,6030605,Botanischer Garten,2019,11,14,3,3,2,6,0,0,1,0,0,0,0,1,"792374,8156","5819694,561","13,3031","52,44903"
856,50795,11,1,1033203,Humboldthain Nordwest,2019,11,13,6,2,5,3,0,0,1,0,0,0,0,0,"796343,923","5830077,937","13,37057","52,53997"
857,50796,11,4,4030417,Schloßstraße,2019,7,12,6,3,2,6,0,0,1,0,0,0,0,0,"791831,0613","5826589,522","13,30116","52,51114"
858,50797,11,4,7030301,Friedenau,2019,4,21,3,3,2,6,2,0,1,0,0,0,0,0,"794498,6583","5823072,204","13,33724","52,47817"
859,50798,11,6,6010101,Fichtenberg,2019,10,15,2,3,5,7,0,0,1,0,0,0,0,0,"793108,744","5820189,965","13,31431","52,45308"
860,50799,11,9,9010101,Elsenstraße,2019,9,8,2,3,3,6,0,0,1,0,0,0,1,1,"802776,3895","5825334,796","13,46081","52,49393"
861,50801,11,4,4020208,Kranzallee,2019,5,7,4,2,5,7,0,0,1,0,1,0,0,0,"786958,6726","5825809,561","13,22889","52,50673"
862,50802,11,4,4020208,Kranzallee,2019,7,18,6,3,2,6,0,0,1,0,0,0,0,0,"786783,0131","5825842,369","13,22634","52,50712"
863,50803,11,11,11030721,Rüdigerstraße,2019,4,20,3,3,1,5,2,0,1,0,1,0,0,0,"804015,2677","5827555,826","13,48103","52,51314"
864,50804,11,2,2040502,Friedenstraße,2019,11,21,4,3,3,6,2,0,1,0,0,0,1,0,"801127,5477","5827835,843","13,43886","52,51726"
865,50805,11,4,4020311,Reichsstraße,2019,6,13,4,3,5,2,0,0,1,0,0,0,0,0,"790257,3477","5826350,577","13,27783","52,50984"
866,50806,11,7,7050502,Fritz-Werner-Straße,2019,9,14,2,3,2,6,0,0,1,0,1,0,0,1,"798224,539","5818774,69","13,38811","52,43763"
867,50807,11,4,4041239,Stadion Wilmersdorf,2019,12,17,2,3,2,6,2,0,1,0,0,0,0,1,"792128,2643","5823765,982","13,30305","52,48567"
868,50808,11,1,1011303,Alexanderplatzviertel,2019,7,20,6,3,0,1,1,0,0,0,0,0,1,0,"799322,0871","5827972,354","13,41246","52,51947"
869,50809,11,9,9010302,Späthsfelde,2019,10,18,4,3,2,6,2,0,1,0,0,0,0,0,"803738,5056","5820195,2","13,47026","52,44733"
870,50810,11,2,2050602,Samariterviertel,2019,9,0,1,3,9,1,2,0,1,0,0,0,0,0,"802054,3155","5828002,373","13,45263","52,51824"
871,50811,11,4,4010101,Jungfernheide,2019,7,9,6,3,2,6,0,0,1,0,0,0,0,0,"790611,3276","5828778,001","13,28515","52,53141"
872,50812,11,3,3050920,Weißer See,2019,4,19,3,3,5,3,0,0,1,0,0,0,0,0,"802807,7368","5832172,436","13,4675","52,55519"
873,50813,11,5,5020524,Weinmeisterhornweg,2019,10,11,3,3,2,6,0,0,1,0,0,0,0,1,"783497,6986","5826692,429","13,17879","52,51646"
874,50814,11,7,7050506,Birnhornweg,2019,9,4,1,3,1,1,0,0,1,0,0,0,0,0,"798755,3482","5817463,518","13,39472","52,42559"
875,50816,11,4,4010103,Paul-Hertz-Siedlung,2019,5,8,4,3,8,1,0,0,0,0,1,0,0,0,"791555,1596","5829121,317","13,29932","52,53398"
876,50817,11,2,2040503,Richard-Sorge-Viertel,2019,7,2,6,3,3,6,2,0,0,0,0,0,1,0,"801877,7814","5827775,571","13,44983","52,5163"
877,50818,11,4,4030622,Richard-Wagner-Straße,2019,4,18,3,3,5,3,0,1,1,0,0,0,0,0,"792758,2877","5826766,69","13,31494","52,51223"
878,50819,11,1,1011303,Alexanderplatzviertel,2019,11,4,7,3,0,3,2,0,0,0,0,0,1,1,"799190,2375","5828394,367","13,4109","52,52333"
879,50820,11,1,1033203,Humboldthain Nordwest,2019,5,9,3,3,5,2,0,1,1,0,0,0,0,0,"796184,661","5830195,038","13,36834","52,54111"
880,50821,11,2,2050602,Samariterviertel,2019,12,7,3,3,5,2,1,1,1,0,0,0,0,0,"802590,2623","5827701,719","13,46023","52,51524"
881,50822,11,10,10010204,Wuhletalstraße,2019,7,11,5,3,5,3,0,0,1,0,0,0,1,0,"808903,356","5833412,582","13,55828","52,56289"
882,50823,11,9,9010101,Elsenstraße,2019,4,17,3,3,4,7,0,1,1,0,0,0,0,0,"802819,2752","5825432,068","13,46153","52,49477"
883,50824,11,2,2050602,Samariterviertel,2019,10,11,6,3,5,2,0,1,0,0,0,0,1,0,"802144,1501","5827755,655","13,45373","52,51598"
884,50825,11,2,2050602,Samariterviertel,2019,9,20,7,2,6,4,2,0,1,1,0,0,0,0,"802567,4021","5827688,131","13,45988","52,51514"
885,50826,11,4,4010102,Plötzensee,2019,7,23,5,2,3,1,2,0,1,0,0,0,0,0,"792233,6238","5829352,6","13,3095","52,53569"
886,50827,11,3,3040513,Schönholz,2019,4,7,3,3,5,2,0,1,1,0,0,0,0,0,"798001,1958","5833659,639","13,39815","52,57118"