,id,city,district,lor,street,year,month,hour,weekday,category,collision,movement,light_conditions,bicycle,car,pedestrian,motorbike,truck,other_vehicle,road_conditions,LINREFX,LINREFY,XGCSWGS84,YGCSWGS84
1241,51206,11,12,12301205,Waidmannslust,2019,8,20,5,3,0,1,2,1,0,0,0,0,0,0,"792650,2794","5837493,802","13,32281","52,60845"
1242,51207,11,7,7050502,Fritz-Werner-Straße,2019,12,12,1,3,5,2,0,0,1,0,0,0,0,1,"797841,9927","5818949,221","13,38265","52,4394"
1243,51208,11,4,4010101,Jungfernheide,2019,5,21,3,2,8,1,2,0,0,0,1,0,0,1,"790989,3802","5829001,855","13,2909","52,53321"
1244,51209,11,3,3020209,Niederschönhausen,2019,7,15,3,3,0,1,0,1,0,0,0,0,0,0,"797952,043","5834558,36","13,39824","52,57926"
1245,51210,11,4,4030622,Richard-Wagner-Straße,2019,11,10,2,3,5,2,0,1,1,0,0,0,0,1,"792734,8139","5826741,163","13,31457","52,51201"
1246,51211,11,10,10040933,Mahlsdorf Süd,2019,7,15,3,3,2,6,0,0,1,0,1,0,0,0,"812736,8524","5827175,302","13,60878","52,5048"
1247,51212,11,3,3061131,Falkplatz,2019,4,0,7,3,4,6,2,1,0,0,0,0,0,0,"799179,6864","5831080,741","13,41316","52,54741"
1248,51213,11,4,4030622,Richard-Wagner-Straße,2019,10,13,1,3,2,2,0,0,1,0,0,0,0,0,"792111,5463","5826636,737","13,30532","52,51141"
1249,51214,11,4,4020313,Königin-Elisabeth-Straße,2019,8,17,5,3,3,6,0,0,1,0,1,0,0,0,"790589,0886","5826405,881","13,28275","52,51015"
1250,51216,11,3,3061126,Arnimplatz,2019,5,10,3,3,5,2,0,1,1,0,0,0,0,0,"799197,1656","5831456,209","13,41376","52,55077"
1251,51217,11,6,6030605,Botanischer Garten,2019,7,2,3,3,3,6,2,0,1,0,0,0,1,0,"792928,5864","5820077,022","13,31156","52,45217"
1252,51218,11,6,6040701,Wannsee,2019,4,15,7,2,5,7,0,0,1,0,1,0,0,0,"781838,5869","5815614,26","13,14504","52,41798"
1253,51219,11,4,4020313,Königin-Elisabeth-Straße,2019,11,13,3,3,2,6,0,0,1,0,0,0,0,0,"790523,4578","5826376,255","13,28176","52,50992"
1254,51220,11,1,1011304,Karl-Marx-Allee,2019,6,8,4,3,6,4,0,0,0,1,1,0,0,0,"800022,4265","5828095,788","13,42286","52,5202"
1255,51221,11,1,1011304,Karl-Marx-Allee,2019,8,15,5,3,0,7,0,1,0,0,0,0,0,0,"799788,5207","5828166,408","13,41949","52,52096"
1256,51222,11,3,3020209,Niederschönhausen,2019,12,21,7,3,0,6,2,0,1,0,0,0,0,1,"798340,5187","5834789,053","13,40416","52,58111"
1257,51223,11,2,2050602,Samariterviertel,2019,7,14,2,3,3,2,0,0,1,0,1,0,0,0,"803498,3546","5827608,623","13,47349","52,51391"
1258,51224,11,3,3061435,Conrad-Blenkle-Straße,2019,10,16,3,3,2,6,1,0,1,0,0,0,0,0,"801399,3683","5829219,087","13,44411","52,5295"
1259,51225,11,4,4051655,Babelsberger Straße,2019,8,13,5,3,2,6,0,0,1,0,0,0,0,0,"794052,6739","5823007,573","13,33064","52,47783"
1260,51226,11,2,2050602,Samariterviertel,2019,7,15,2,3,2,2,0,1,0,0,0,0,0,0,"802769,3897","5827667,874","13,46283","52,51484"
1261,51227,11,1,1011303,Alexanderplatzviertel,2019,4,11,7,3,2,6,0,0,1,0,0,0,0,0,"799252,3911","5827861,695","13,41134","52,51852"
1262,51228,11,7,7040403,Manteuffelstraße,2019,10,12,2,3,2,6,0,0,1,0,0,0,0,0,"797376,4581","5822340,351","13,37884","52,47005"
1263,51229,11,11,11041027,Tierpark,2019,6,9,2,3,6,6,0,1,0,1,0,0,0,0,"806962,6278","5827389,403","13,52418","52,51"
1264,51230,11,7,7070701,Kettinger Straße/Schillerstraße,2019,8,12,5,3,1,5,0,0,1,0,0,0,1,0,"799288,0612","5816185,571","13,40139","52,41384"
1265,51232,11,4,4020314,Messegelände,2019,5,6,3,3,2,6,0,0,1,0,0,0,0,0,"790306,4232","5825486,828","13,2778","52,50207"
1266,51233,11,4,4041134,Bismarckallee,2019,4,13,7,3,2,6,0,0,1,0,0,0,1,0,"790771,0743","5824852,817","13,28407","52,49613"
1267,51234,11,1,1011201,Wilhelmstraße,2019,11,17,5,3,5,2,2,1,1,0,0,0,0,0,"797680,7469","5826837,742","13,38733","52,5102"
1268,51235,11,10,10040933,Mahlsdorf Süd,2019,5,18,2,3,5,7,0,0,1,0,0,0,0,1,"813543,92","5827174,346","13,62063","52,50433"
1269,51236,11,3,3040513,Schönholz,2019,12,21,3,3,2,6,2,0,1,0,0,0,1,1,"798004,2628","5833674,868","13,39821","52,57131"
1270,51237,11,4,4020208,Kranzallee,2019,7,23,1,3,6,4,2,0,1,1,0,0,0,0,"787898,8461","5825957,738","13,24283","52,50756"
1271,51238,11,4,4030417,Schloßstraße,2019,4,15,6,3,3,6,0,0,1,0,1,0,0,0,"790800,1478","5826479,343","13,28592","52,5107"
1272,51239,11,6,6040703,Nikolassee,2019,10,10,4,3,5,3,0,0,1,0,0,0,0,0,"786515,8398","5816928,098","13,21476","52,42733"
1273,51240,11,4,4020209,Eichkamp,2019,8,17,5,2,2,6,0,0,1,0,0,0,0,0,"789824,0189","5824849,867","13,27015","52,49661"
1274,51242,11,9,9010101,Elsenstraße,2019,7,21,1,2,5,2,2,0,1,0,1,0,0,0,"802673,8828","5825221,099","13,45921","52,49296"
1275,51243,11,7,7050501,Rathausstraße,2019,4,12,6,2,6,2,0,0,1,1,0,0,0,0,"797790,813","5818931,747","13,38188","52,43927"
1276,51244,11,4,4041134,Bismarckallee,2019,9,5,2,3,3,6,2,0,1,0,0,0,0,1,"790772,1305","5824850,846","13,28408","52,49612"
1277,51245,11,11,11030721,Rüdigerstraße,2019,6,11,4,3,2,6,0,0,1,0,0,0,0,0,"804055,3557","5827536,823","13,48161","52,51295"
1278,51246,11,7,7040402,Lindenhofsiedlung,2019,8,12,5,2,2,6,0,0,1,0,0,0,1,0,"796822,9132","5822395,543","13,37077","52,47085"
1279,51247,11,4,7030303,Grazer Platz,2019,12,17,6,3,2,6,2,0,1,0,0,0,0,1,"795144,9778","5822973,611","13,34665","52,47694"
1280,51248,11,4,4041133,Güterbahnhof Grunewald,2019,5,17,2,3,2,6,0,0,1,0,0,0,0,1,"790560,2504","5825137,137","13,28122","52,4988"
1281,51249,11,3,3061332,Helmholtzplatz,2019,7,22,7,3,5,2,2,0,1,0,0,0,0,1,"799988,741","5830196,777","13,42426","52,53905"
1282,51250,11,12,12103219,Schäfersee,2019,4,9,6,3,0,1,0,0,0,0,1,0,0,0,"795707,5875","5832819,407","13,36366","52,5649"
1283,51251,11,9,9020601,Schnellerstraße,2019,11,8,6,2,5,2,0,1,0,0,0,0,0,0,"806307,6364","5821444,292","13,50909","52,45709"
1284,51252,11,7,7020203,Kaiser-Wilhelm-Platz,2019,8,11,5,3,1,5,0,1,0,0,0,0,1,0,"795306,4422","5823638,728","13,34961","52,48282"
1285,51253,11,7,7050501,Rathausstraße,2019,11,13,3,3,1,5,0,0,1,0,0,0,0,0,"798063,2555","5819356,789","13,38626","52,44293"
1286,51254,11,7,7040401,Neu-Tempelhof,2019,7,18,7,3,2,6,0,0,1,0,0,0,0,0,"797778,0468","5823813,919","13,38605","52,48304"
1287,51255,11,1,1011303,Alexanderplatzviertel,2019,4,9,6,3,0,7,0,1,0,0,0,1,0,0,"799329,4072","5827978,554","13,41257","52,51953"
1288,51256,11,4,4041137,Flinsberger Platz,2019,10,13,5,3,2,6,0,0,1,0,0,1,0,0,"791759,6284","5824177,686","13,298","52,48955"
1289,51257,11,7,7020202,Volkspark (Rudolf-Wilde-Park),2019,8,16,4,3,6,4,0,0,0,1,1,0,0,0,"795341,8289","5823442,188","13,34995","52,48103"
1290,51259,11,6,6040701,Wannsee,2019,5,21,2,2,5,2,1,1,1,0,0,0,0,1,"783889,7379","5815936,8","13,1754","52,41981"
1291,51260,11,1,1022202,Heidestraße,2019,7,15,7,3,2,6,0,0,1,0,1,0,0,1,"795884,4406","5829550,897","13,36335","52,5355"
1292,51261,11,7,7040401,Neu-Tempelhof,2019,4,20,6,3,1,5,1,0,1,0,0,0,0,0,"797803,9875","5822926,065","13,38564","52,47507"
1293,51262,11,4,4030417,Schloßstraße,2019,6,18,6,3,0,1,0,1,0,0,0,0,0,0,"791686,6024","5826565,063","13,29902","52,511"
1294,51263,11,11,11030721,Rüdigerstraße,2019,8,16,4,3,5,2,0,0,1,1,0,0,0,0,"803720,0838","5827586,525","13,47673","52,51358"
1295,51264,11,7,7040405,Rathaus Tempelhof,2019,12,10,6,3,2,6,0,0,1,0,0,1,0,0,"798145,6072","5822274,338","13,39007","52,46904"
1296,51265,11,4,4041137,Flinsberger Platz,2019,5,19,2,2,0,1,0,0,0,0,1,0,0,1,"791262,0177","5824599,15","13,29106","52,4936"
1297,51266,11,4,4020209,Eichkamp,2019,7,14,7,3,2,6,0,0,1,0,0,0,0,0,"789936,0373","5824993,838","13,27192","52,49784"
1298,51267,11,3,3061434,Anton-Saefkow-Park,2019,11,21,6,2,6,4,2,0,1,1,0,0,0,1,"800915,2005","5829686,33","13,43742","52,53396"
1299,51268,11,3,3061332,Helmholtzplatz,2019,7,18,6,3,6,7,0,0,0,1,0,0,1,0,"799218,6642","5830353,534","13,41308","52,54087"
1300,51269,11,2,2050602,Samariterviertel,2019,4,21,6,2,6,4,2,0,1,1,0,0,0,0,"802887,6635","5827671,462","13,46457","52,51481"
1301,51270,11,7,7040405,Rathaus Tempelhof,2019,10,16,6,3,2,6,0,0,1,0,0,0,0,0,"798519,8191","5822084,629","13,39539","52,46714"
1302,51271,11,3,3071633,Thälmannpark,2019,8,8,4,3,5,3,0,1,0,0,0,0,0,0,"800305,6534","5830074,187","13,42881","52,53777"
1303,51273,11,10,10010206,Ringkolonnaden,2019,5,15,2,2,5,3,0,1,1,0,0,0,0,0,"808587,4371","5832617,592","13,5529","52,55594"
1304,51274,11,1,1011303,Alexanderplatzviertel,2019,8,17,3,3,3,2,0,1,1,0,0,0,0,0,"799760,5323","5828624,843","13,41949","52,52508"
1305,51275,11,1,1033203,Humboldthain Nordwest,2019,11,9,4,3,5,3,0,1,1,0,0,0,0,0,"796197,723","5830205,585","13,36854","52,5412"
1306,51276,11,6,6030503,Zehlendorf Mitte,2019,7,9,6,2,0,4,0,1,0,1,0,0,0,0,"789190,7198","5817994,927","13,25491","52,43549"
1307,51277,11,3,3020209,Niederschönhausen,2019,4,21,5,3,2,6,2,0,1,0,0,0,0,0,"797962,4342","5834550,083","13,39838","52,57918"
1308,51278,11,4,4020313,Königin-Elisabeth-Straße,2019,10,14,6,3,2,6,0,0,1,0,1,0,0,0,"790661,8532","5826399,274","13,28381","52,51006"
1309,51279,11,3,3040818,Pankow Süd,2019,8,17,3,3,2,6,0,0,1,0,0,0,0,0,"800046,5772","5833714,748","13,42829","52,57055"
1310,51281,11,4,4010101,Jungfernheide,2019,5,7,2,3,2,6,0,0,1,0,0,1,0,0,"790679,3432","5828859,441","13,28622","52,5321"
1311,51282,11,1,1033203,Humboldthain Nordwest,2019,7,21,6,3,5,3,1,0,1,0,0,0,0,0,"796248,2138","5829982,307","13,36908","52,53917"
1312,51283,11,3,3061131,Falkplatz,2019,4,18,5,3,3,6,0,1,0,0,0,0,0,0,"799162,5329","5830671,427","13,41254","52,54375"
1313,51284,11,7,7050501,Rathausstraße,2019,6,13,6,3,6,7,0,0,1,1,0,0,0,0,"797898,4907","5820269,106","13,38466","52,4512"
1314,51285,11,2,2040703,Wriezener Bahnhof/Entwicklungsgebiet,2019,8,15,3,3,3,6,0,1,0,0,0,0,1,0,"801833,7485","5826409,226","13,44795","52,50408"
1315,51286,11,3,3061332,Helmholtzplatz,2019,12,2,7,3,0,1,2,0,0,0,1,0,0,1,"799256,9428","5830346,139","13,41364","52,54079"
1316,51287,11,9,9010302,Späthsfelde,2019,5,7,2,3,0,7,0,0,0,0,0,0,1,0,"803176,3054","5820757,156","13,46253","52,45268"
1317,51288,11,7,7020203,Kaiser-Wilhelm-Platz,2019,7,20,6,3,0,7,1,1,1,0,0,0,0,0,"795900,4905","5824346,081","13,35896","52,48883"
1318,51289,11,3,3071638,Winsstraße,2019,4,15,5,2,2,2,0,1,0,0,1,0,0,0,"800032,5132","5828977,109","13,4238","52,52809"
1319,51290,11,4,4041137,Flinsberger Platz,2019,11,12,1,3,0,7,0,0,0,0,1,0,0,1,"791423,6509","5824487,905","13,29333","52,49251"
1320,51291,11,1,1011201,Wilhelmstraße,2019,7,18,6,3,4,7,0,1,0,0,0,0,1,0,"796947,9663","5826723,715","13,37646","52,50958"
1321,51292,11,1,1011102,Großer Tiergarten,2019,4,15,5,3,0,1,0,1,0,0,0,0,0,0,"794461,4601","5827039,688","13,34021","52,51376"
1322,51293,11,6,6030503,Zehlendorf Mitte,2019,10,0,7,2,5,2,2,1,1,0,0,0,0,0,"791047,9857","5818810,087","13,28286","52,44181"
1323,51294,11,3,3061429,Greifswalder Straße,2019,8,13,3,3,6,4,0,1,0,1,0,0,0,0,"800964,8492","5830471,871","13,43886","52,54097"
1324,51296,11,1,1033203,Humboldthain Nordwest,2019,5,9,2,3,2,6,0,0,1,0,1,0,0,0,"796209,4331","5830216,175","13,36872","52,54129"
1325,51297,11,4,4051656,Hildegardstraße,2019,7,13,6,3,2,6,0,0,1,0,0,0,0,0,"793657,8858","5822996,356","13,32483","52,47795"
1326,51298,11,4,4020314,Messegelände,2019,4,10,5,3,3,6,0,0,1,0,0,0,0,0,"790524,9899","5825555,495","13,28107","52,50256"
1327,51299,11,10,10040933,Mahlsdorf Süd,2019,11,16,2,3,6,2,1,0,1,1,0,0,0,1,"813535,5481","5827175,354","13,62051","52,50435"
1328,51300,11,6,6030605,Botanischer Garten,2019,6,18,3,3,2,6,0,0,1,0,1,0,0,0,"791486,9933","5819087,176","13,28955","52,44406"
1329,51301,11,4,4030417,Schloßstraße,2019,8,8,3,3,6,4,0,0,0,1,0,0,1,0,"791225,584","5826509,518","13,29219","52,51074"
1330,51302,11,4,4041239,Stadion Wilmersdorf,2019,12,21,6,3,3,6,2,0,1,0,0,1,0,1,"792322,6885","5823565,338","13,30573","52,48376"
1331,51303,11,8,8010510,Gewerbegebiet Köllnische Heide,2019,7,13,6,3,2,6,0,0,1,0,1,0,0,1,"802701,2285","5821622,715","13,45634","52,4607"
1332,51304,11,6,6040701,Wannsee,2019,4,17,4,3,5,7,0,0,1,0,1,0,0,0,"782691,7981","5815809,605","13,15772","52,41929"
1333,51305,11,7,7020203,Kaiser-Wilhelm-Platz,2019,10,22,2,3,1,5,2,1,1,0,0,0,0,0,"795609,6256","5823904,827","13,35429","52,48504"
1334,51306,11,9,9020601,Schnellerstraße,2019,8,8,3,3,5,2,0,1,0,0,0,1,0,0,"806755,264","5821005,241","13,51526","52,4529"
1335,51307,11,4,4030622,Richard-Wagner-Straße,2019,7,12,6,3,0,6,0,0,1,0,1,0,0,1,"792307,2882","5826690,76","13,30825","52,51179"
1336,51308,11,9,9010402,Johannisthal Ost,2019,4,16,4,3,2,6,0,0,1,0,0,0,0,0,"806237,1678","5818433,814","13,5053","52,43015"
1337,51309,11,4,4041137,Flinsberger Platz,2019,10,7,1,3,2,6,0,0,1,0,0,0,0,0,"791554,328","5824359,977","13,29514","52,4913"
1338,51310,11,5,5040936,Jägerallee,2019,6,10,7,3,0,3,0,1,1,0,0,0,0,0,"780179,2403","5822276,784","13,1263","52,47858"
1339,51311,11,7,7030303,Grazer Platz,2019,8,19,3,2,0,6,0,0,1,0,1,0,0,0,"795295,7511","5822728,085","13,34864","52,47466"
1340,51313,11,3,3061126,Arnimplatz,2019,5,9,2,3,5,2,0,1,1,0,0,0,0,0,"799197,1111","5831455,217","13,41376","52,55076"
1341,51314,11,1,1022202,Heidestraße,2019,4,16,4,3,2,6,0,0,1,0,0,0,0,0,"796186,446","5829111,311","13,3674","52,5314"
1342,51315,11,1,1011304,Karl-Marx-Allee,2019,11,9,4,3,5,3,0,1,1,0,0,0,0,0,"800017,9531","5828097,722","13,4228","52,52022"
1343,51316,11,2,2050602,Samariterviertel,2019,5,13,1,3,5,3,0,0,1,0,1,0,0,0,"802179,5497","5827722,558","13,45422","52,51566"
1344,51317,11,11,11041022,Rosenfelder Ring,2019,12,8,2,3,2,6,1,0,1,0,0,0,1,0,"806222,5356","5827368,213","13,51329","52,51023"
1345,51318,11,1,1011303,Alexanderplatzviertel,2019,7,16,6,3,1,5,0,1,1,0,0,0,0,0,"799641,7331","5828421,185","13,41756","52,52332"
1346,51319,11,3,3071638,Winsstraße,2019,4,8,4,3,5,2,0,1,1,0,0,0,0,0,"800024,0305","5829000,649","13,4237","52,52831"
1347,51320,11,4,4041134,Bismarckallee,2019,10,19,3,3,9,1,2,0,1,0,0,0,0,0,"790984,3289","5824647,066","13,28702","52,49418"
1348,51321,11,1,1011303,Alexanderplatzviertel,2019,8,12,3,3,2,2,0,1,0,0,0,1,0,0,"799552,2964","5828281,397","13,41612","52,52212"
1349,51323,11,1,1011202,Unter den Linden Nord,2019,7,9,6,3,0,7,0,0,1,0,1,0,0,1,"796932,0132","5827450,009","13,37687","52,5161"
1350,51324,11,3,3020209,Niederschönhausen,2019,4,8,4,3,5,3,0,0,1,0,0,0,0,0,"798165,6306","5836121,299","13,40279","52,59315"
1351,51325,11,4,4041342,Schlangenbader Straße,2019,9,16,7,3,0,6,0,0,0,0,1,1,0,1,"792468,6074","5822720,802","13,30713","52,47611"
1352,51326,11,2,2050602,Samariterviertel,2019,6,16,3,3,2,6,0,1,1,0,0,0,0,0,"803173,4013","5827625,779","13,46873","52,51424"
1353,51327,11,9,9020601,Schnellerstraße,2019,8,15,2,3,3,6,0,0,1,0,0,0,0,0,"806704,6885","5821033,604","13,51454","52,45319"
1354,51328,11,3,3040513,Schönholz,2019,12,16,6,3,5,3,2,0,1,0,0,0,1,1,"798042,2336","5833911,476","13,39898","52,57341"
1355,51329,11,4,4030622,Richard-Wagner-Straße,2019,5,11,1,2,1,5,0,1,1,0,0,0,0,0,"792532,2514","5826707,05","13,31157","52,51182"
1356,51330,11,3,3051017,Rennbahnstraße,2019,7,8,6,3,2,6,0,0,1,0,0,0,0,1,"802794,5225","5832859,632","13,46793","52,56136"
1357,51331,11,6,6040701,Wannsee,2019,4,17,3,2,5,7,0,0,1,0,1,0,0,0,"783794,359","5815996,405","13,17405","52,4204"
1358,51332,11,10,10040933,Mahlsdorf Süd,2019,11,8,5,3,2,6,0,0,1,0,0,0,0,1,"813259,4902","5827202,624","13,61648","52,50475"
1359,51333,11,5,5020629,Börnicker Straße,2019,11,7,2,3,2,6,0,0,1,0,0,0,0,1,"785343,595","5826226,064","13,20552","52,51131"
1360,51334,11,4,4020311,Reichsstraße,2019,7,7,6,3,5,2,0,1,0,0,0,0,1,1,"790174,4191","5826317,71","13,27658","52,50958"
1361,51335,11,4,4010101,Jungfernheide,2019,4,20,3,3,2,6,2,0,1,0,0,0,0,0,"791186,979","5829532,788","13,29427","52,53787"
1362,51336,11,1,1011303,Alexanderplatzviertel,2019,10,12,4,3,5,5,0,0,1,0,0,0,0,1,"799212,98","5827854,357","13,41075","52,51848"
1363,51337,11,1,1011201,Wilhelmstraße,2019,8,15,2,3,2,6,0,1,0,0,0,0,0,0,"797174,2038","5826753,806","13,37981","52,50973"
1364,51339,11,7,7050501,Rathausstraße,2019,5,5,1,2,1,5,0,0,1,0,0,0,0,0,"797932,7636","5820079,213","13,38499","52,44948"
1365,51340,11,2,2050601,Hausburgviertel,2019,7,7,6,3,5,2,0,1,1,0,0,0,0,1,"801682,241","5828879,222","13,44796","52,5263"
1366,51341,11,10,10030726,Alt-Biesdorf,2019,4,12,3,3,2,6,0,0,1,0,0,1,0,0,"809332,2605","5827392,717","13,55899","52,50869"
1367,51342,11,2,2050801,Traveplatz,2019,6,1,5,3,5,2,2,1,1,0,0,0,0,1,"802133,7895","5827644,818","13,45347","52,51499"
1368,51343,11,1,1033203,Humboldthain Nordwest,2019,8,11,2,3,5,3,0,1,0,0,0,0,1,0,"796274,416","5830256,427","13,36971","52,54161"
1369,51344,11,1,1044201,Reinickendorfer Straße,2019,12,5,5,3,6,2,2,0,1,1,0,0,0,1,"796043,6175","5831374,859","13,36731","52,55176"
1370,51345,11,3,3061434,Anton-Saefkow-Park,2019,5,11,7,3,5,2,0,1,1,0,0,0,0,0,"800595,6041","5829932,516","13,43294","52,53634"
1371,51346,11,7,7070706,Horstwalder Straße/Paplitzer Straße,2019,7,7,6,3,5,3,0,1,1,0,0,0,0,1,"800561,6158","5812278,851","13,41655","52,37812"
1372,51347,11,12,12103218,Teichstraße,2019,11,5,6,3,4,6,2,1,0,0,0,0,0,1,"794558,9856","5833829,694","13,34766","52,57457"
1373,51348,11,1,1011303,Alexanderplatzviertel,2019,7,8,5,3,2,6,0,0,1,0,1,0,0,0,"799237,7602","5827883,755","13,41114","52,51873"
1374,51349,11,9,9020601,Schnellerstraße,2019,9,9,5,3,5,3,0,0,1,0,0,0,1,0,"806532,0724","5821202,867","13,51216","52,4548"
1375,51350,11,7,7050502,Fritz-Werner-Straße,2019,4,13,3,2,6,6,0,1,0,1,0,0,0,0,"798584,3007","5817877,349","13,39258","52,42939"
1376,51351,11,2,2040703,Wriezener Bahnhof/Entwicklungsgebiet,2019,10,16,5,3,2,7,0,0,1,0,0,0,0,1,"801809,1373","5826348,958","13,44753","52,50355"
1377,51352,11,3,3040614,Pankow Zentrum,2019,8,14,1,3,2,6,0,0,1,0,0,0,0,0,"798391,1729","5833449,226","13,4037","52,56908"
1378,51354,11,11,11030721,Rüdigerstraße,2019,5,8,7,3,2,6,0,0,1,0,0,0,1,0,"803800,1154","5827578,717","13,47789","52,51347"
1379,51355,11,1,1044203,Leopoldplatz,2019,7,15,5,3,1,5,0,0,1,0,1,0,0,0,"795924,2845","5831801,751","13,36594","52,55566"
1380,51356,11,9,9010102,Am Treptower Park Nord,2019,4,13,3,3,6,4,0,0,1,1,0,0,0,0,"802700,8143","5825200,141","13,45958","52,49276"
1381,51357,11,3,3010104,Lietzengraben,2019,11,17,1,3,2,6,2,0,1,0,0,0,0,1,"800237,7009","5839241,911","13,43611","52,61998"
1382,51358,11,2,2050602,Samariterviertel,2019,6,8,7,3,6,4,0,0,1,1,0,0,0,0,"802144,717","5827753,619","13,45373","52,51596"
1383,51359,11,7,7040405,Rathaus Tempelhof,2019,12,18,5,3,3,6,2,0,1,0,0,0,0,0,"798497,3262","5822081,566","13,39506","52,46712"
1384,51360,11,4,4020314,Messegelände,2019,7,12,5,2,0,1,0,0,0,0,1,0,0,0,"790317,0999","5825487,61","13,27795","52,50207"
1385,51361,11,4,4041239,Stadion Wilmersdorf,2019,4,14,3,3,2,6,0,0,1,0,0,0,0,0,"792039,8018","5823881,19","13,30185","52,48675"
1386,51362,11,4,4020311,Reichsstraße,2019,10,14,7,2,0,7,0,0,1,0,0,0,1,0,"790132,9854","5826310,584","13,27597","52,50954"
1387,51363,11,3,3010104,Lietzengraben,2019,8,13,1,3,2,6,0,0,1,0,0,0,0,0,"801012,9513","5838518,953","13,44687","52,61307"
1388,51364,11,12,12304314,Ziekowstraße/Freie Scholle,2019,7,17,4,3,8,7,0,0,1,0,0,0,0,0,"790150,9857","5836038,866","13,28473","52,59675"
1389,51365,11,4,4051549,Rathaus Wilmersdorf,2019,4,15,3,3,2,6,0,0,1,0,0,0,0,0,"792410,7762","5823666,625","13,30711","52,48462"
1390,51366,11,1,1011303,Alexanderplatzviertel,2019,10,6,4,3,2,7,2,0,1,0,0,0,0,1,"798966,7557","5827456,048","13,40677","52,51504"
1391,51367,11,5,5020628,Graetschelsteig,2019,6,9,6,3,0,2,0,1,1,0,0,0,0,0,"784031,2901","5826577,032","13,18653","52,51514"
1392,51368,11,7,7030303,Grazer Platz,2019,8,18,1,2,8,1,0,0,1,0,0,0,0,0,"795191,3942","5822938,705","13,3473","52,4766"
1393,51369,11,4,4041137,Flinsberger Platz,2019,12,19,7,3,9,1,2,0,1,0,0,0,0,0,"791266,228","5824629,16","13,29115","52,49386"
1394,51370,11,4,4041137,Flinsberger Platz,2019,5,19,7,3,2,6,0,0,1,0,0,0,0,0,"791494,5128","5824411,124","13,29431","52,49179"
1395,51371,11,8,8020619,Buschkrugallee Nord,2019,4,15,3,3,2,6,0,0,1,0,0,0,0,0,"802014,8972","5821840,852","13,44647","52,46303"
1396,51372,11,4,4020310,Park Ruhwald,2019,11,12,2,3,2,6,0,0,1,0,0,0,0,0,"790489,1603","5828482,852","13,2831","52,52883"
1397,51373,11,12,12214125,Waldidyll/Flughafensee,2019,5,12,7,3,2,6,0,0,1,0,0,0,0,0,"791694,8021","5831013,691","13,30304","52,55087"
1398,51374,11,9,9010301,Baumschulenstraße,2019,11,18,7,2,6,4,2,0,1,1,0,0,0,0,"804561,1628","5823160,994","13,48504","52,47345"
1399,51375,11,4,4041239,Stadion Wilmersdorf,2019,7,14,4,3,2,6,0,0,1,0,0,0,0,0,"792184,6624","5823724,169","13,30384","52,48526"
1400,51376,11,7,7060604,Marienfelde Süd,2019,4,7,3,3,6,7,0,0,1,1,0,0,0,0,"796421,9484","5815395,23","13,35867","52,40831"
1401,51377,11,4,4051656,Hildegardstraße,2019,7,17,4,3,2,6,0,0,1,0,0,0,0,0,"793771,1756","5822989,036","13,32649","52,47782"
1402,51378,11,9,9010101,Elsenstraße,2019,4,7,3,3,6,4,0,0,0,1,1,0,0,0,"802773,5847","5825330,393","13,46077","52,49389"
1403,51379,11,12,12103115,Breitkopfbecken,2019,11,20,2,3,5,2,2,0,1,0,0,0,0,1,"795336,6393","5833744,819","13,35903","52,57339"
1404,51380,11,7,7030303,Grazer Platz,2019,6,11,2,2,0,1,0,0,0,0,1,0,0,0,"796165,5893","5822721,456","13,36141","52,47413"
1405,51381,11,4,4010103,Paul-Hertz-Siedlung,2019,8,16,7,3,2,6,0,0,1,0,0,0,0,0,"791133,3228","5829052,233","13,29306","52,53359"
1406,51382,11,12,4010101,Jungfernheide,2019,12,14,6,3,2,6,0,0,1,0,0,0,0,1,"791510,3154","5830620,069","13,29998","52,54744"
1407,51383,11,3,3020209,Niederschönhausen,2019,7,6,4,3,5,2,0,1,0,0,0,0,1,0,"798224,7278","5835174,746","13,4028","52,58463"
1408,51384,11,3,3061434,Anton-Saefkow-Park,2019,4,7,2,3,0,2,0,1,1,0,0,0,1,1,"800623,1587","5829919,632","13,43334","52,53621"
1409,51385,11,11,11030721,Rüdigerstraße,2019,10,7,2,3,0,2,0,1,1,0,0,0,0,0,"803768,2272","5827581,81","13,47743","52,51352"
1410,51386,11,10,10030726,Alt-Biesdorf,2019,8,14,7,3,2,6,0,0,1,0,0,0,0,0,"809541,719","5827393,515","13,56206","52,50858"
1411,51387,11,1,1011102,Großer Tiergarten,2019,7,6,4,3,3,6,0,0,1,0,0,1,0,0,"796573,9925","5827397,241","13,37156","52,51582"
1412,51388,11,8,8020619,Buschkrugallee Nord,2019,4,6,2,3,5,3,2,0,1,0,0,1,0,0,"801657,3445","5821809,108","13,44119","52,46294"
1413,51389,11,4,4041134,Bismarckallee,2019,10,23,6,2,8,1,2,0,1,0,0,0,0,1,"790869,128","5824710,147","13,28538","52,4948"
1414,51390,11,1,1011303,Alexanderplatzviertel,2019,6,16,6,3,5,3,0,1,0,0,0,0,1,0,"798866,1933","5828077,049","13,40585","52,52066"
1415,51391,11,12,12103219,Schäfersee,2019,8,13,7,3,5,2,0,1,1,0,0,0,0,0,"795677,4113","5832895,943","13,36328","52,5656"
1416,51393,11,7,7050502,Fritz-Werner-Straße,2019,5,12,7,3,4,6,0,1,0,0,0,0,0,0,"797552,3199","5818313,943","13,37784","52,43387"