,id,city,district,lor,street,year,month,hour,weekday,category,collision,movement,light_conditions,bicycle,car,pedestrian,motorbike,truck,other_vehicle,road_conditions,LINREFX,LINREFY,XGCSWGS84,YGCSWGS84
1769,51769,11,8,8020619,Buschkrugallee Nord,2019,10,14,3,2,3,6,0,0,1,0,0,1,0,0,"802041,149","5821834,953","13,44685","52,46296"
1770,51770,11,3,3061126,Arnimplatz,2019,8,7,2,3,6,4,0,1,0,1,0,0,0,1,"799215,0471","5831327,486","13,41391","52,54961"
1771,51772,11,1,1011304,Karl-Marx-Allee,2019,5,22,7,3,5,3,2,1,1,0,0,0,0,0,"800001,1693","5828076,528","13,42253","52,52003"
1772,51773,11,6,6040703,Nikolassee,2019,6,15,5,2,1,7,0,0,1,0,0,0,0,0,"784436,3142","5815847,251","13,18334","52,41873"
1773,51774,11,12,12103219,Schäfersee,2019,3,11,6,3,6,7,0,0,1,1,0,0,0,0,"795697,9534","5832843,843","13,36354","52,56512"
1774,51775,11,2,2050801,Traveplatz,2019,11,18,5,3,3,6,2,1,0,0,0,0,1,1,"802148,5585","5827565,454","13,45362","52,51427"
1775,51776,11,7,7040405,Rathaus Tempelhof,2019,6,14,5,3,2,6,0,0,1,0,1,0,0,0,"799116,2572","5821698,347","13,4038","52,46335"
1776,51777,11,9,9010101,Elsenstraße,2019,8,22,1,3,2,6,2,0,1,0,0,0,0,1,"802593,7958","5825111,505","13,45793","52,49203"
1777,51778,11,1,1033203,Humboldthain Nordwest,2019,12,18,3,3,2,6,2,0,1,0,0,0,0,0,"796187,744","5830191,845","13,36838","52,54108"
1778,51779,11,3,3040818,Pankow Süd,2019,6,8,5,3,2,6,0,0,1,0,1,0,0,0,"799029,4043","5832440,163","13,41218","52,55968"
1779,51780,11,4,4020208,Kranzallee,2019,10,19,5,3,7,7,2,0,1,0,0,0,1,0,"788373,0205","5826034,533","13,24987","52,508"
1780,51781,11,1,1033203,Humboldthain Nordwest,2019,6,23,4,3,5,3,2,0,1,0,0,0,0,0,"796200,945","5830200,858","13,36858","52,54115"
1781,51782,11,9,9020601,Schnellerstraße,2019,9,16,5,3,0,7,0,1,0,0,0,0,0,0,"805667,4643","5822054,261","13,50026","52,46291"
1782,51783,11,3,3051017,Rennbahnstraße,2019,3,14,6,3,4,5,0,0,1,0,0,0,1,1,"802878,7741","5833097,358","13,46939","52,56344"
1783,51784,11,1,1011201,Wilhelmstraße,2019,10,14,4,3,5,2,0,1,0,0,0,0,1,0,"796952,4059","5826724,472","13,37652","52,50958"
1784,51785,11,1,1011303,Alexanderplatzviertel,2019,8,21,1,3,5,3,2,0,1,0,0,0,1,0,"798809,0356","5827996,493","13,40494","52,51997"
1785,51787,11,2,2020202,Rathaus Yorckstraße,2019,5,13,7,3,5,2,0,1,1,0,0,0,0,0,"797898,9333","5825429,765","13,38927","52,49746"
1786,51788,11,12,12103219,Schäfersee,2019,6,16,4,3,0,5,0,1,0,0,0,0,1,0,"795682,4422","5832918,224","13,36338","52,56579"
1787,51789,11,4,4020313,Königin-Elisabeth-Straße,2019,3,12,6,3,2,6,0,0,1,0,0,0,1,0,"790610,2346","5827223,146","13,28377","52,51747"
1788,51790,11,1,1011102,Großer Tiergarten,2019,11,14,7,3,5,2,0,0,1,0,0,0,0,1,"796453,881","5827390,807","13,36979","52,51583"
1789,51791,11,3,3071639,Bötzowstraße,2019,6,0,7,3,2,7,2,1,1,0,0,0,0,0,"800293,0471","5829439,337","13,42805","52,53209"
1790,51792,11,4,4020208,Kranzallee,2019,12,7,4,3,5,3,0,0,1,0,0,0,0,1,"788356,4062","5826031,855","13,24962","52,50799"
1791,51793,11,3,3020209,Niederschönhausen,2019,6,15,4,3,2,6,0,0,1,0,0,0,0,0,"797969,9946","5834305,932","13,39827","52,57699"
1792,51794,11,3,3071639,Bötzowstraße,2019,3,11,6,3,5,2,0,1,1,0,0,0,0,0,"800370,86","5829563,819","13,42931","52,53316"
1793,51795,11,4,4030417,Schloßstraße,2019,10,14,6,3,5,3,0,1,1,0,0,0,0,0,"791568,8779","5826566,607","13,29729","52,51107"
1794,51796,11,3,3040614,Pankow Zentrum,2019,8,8,1,2,0,1,0,1,0,0,0,0,0,1,"798627,2403","5833015,072","13,40678","52,56506"
1795,51797,11,1,1011303,Alexanderplatzviertel,2019,6,14,4,3,6,7,0,0,1,1,0,0,0,0,"799196,968","5828373,541","13,41098","52,52314"
1796,51798,11,2,2050602,Samariterviertel,2019,3,18,5,3,0,6,2,0,1,0,1,0,0,1,"802114,3166","5827861,156","13,45338","52,51694"
1797,51799,11,6,6010102,Schloßstraße,2019,10,17,5,3,2,6,2,0,1,0,0,0,0,0,"793496,6517","5820406,005","13,32019","52,45481"
1798,51800,11,12,12301203,Wittenau Süd,2019,6,14,4,3,2,6,0,0,1,0,1,0,0,0,"793477,7967","5835916,491","13,3336","52,59387"
1799,51801,11,1,1044102,Schillerpark,2019,9,15,5,3,5,3,0,1,1,0,0,0,0,0,"795861,876","5832068,328","13,36526","52,55808"
1800,51802,11,7,7030303,Grazer Platz,2019,3,20,5,3,3,2,2,0,1,0,0,0,0,1,"795708,9189","5823145,272","13,35508","52,47817"
1801,51803,11,11,11030721,Rüdigerstraße,2019,10,13,5,3,5,2,0,0,1,0,0,0,0,0,"804172,065","5827539,743","13,48332","52,51291"
1802,51804,11,10,10010310,Alt-Marzahn,2019,8,8,1,2,0,7,0,0,1,0,0,0,0,1,"807685,7674","5830275,576","13,53747","52,53546"
1803,51806,11,7,7040401,Neu-Tempelhof,2019,5,17,7,3,6,7,0,0,1,1,0,0,0,1,"797776,9441","5823516,879","13,38577","52,48038"
1804,51807,11,10,10010207,Marzahner Promenade,2019,6,13,4,3,5,3,0,0,1,0,0,0,0,0,"807965,934","5831210,966","13,54245","52,54369"
1805,51808,11,3,3061332,Helmholtzplatz,2019,3,20,5,3,5,2,2,1,1,0,0,0,0,1,"799995,3404","5830193,596","13,42436","52,53901"
1806,51809,11,9,9010101,Elsenstraße,2019,11,3,1,2,5,3,2,1,1,0,0,0,0,0,"802586,7331","5825078,403","13,4578","52,49173"
1807,51810,11,12,12103218,Teichstraße,2019,6,22,7,3,2,6,2,0,1,0,0,0,1,0,"794967,9907","5833754,412","13,35361","52,57368"
1808,51811,11,11,11041027,Tierpark,2019,8,6,7,3,2,6,0,0,1,0,0,0,1,0,"807011,5851","5827382,533","13,52489","52,50991"
1809,51812,11,3,3071638,Winsstraße,2019,12,15,5,3,5,2,0,0,1,0,0,0,1,0,"800041,508","5828989,963","13,42395","52,5282"
1810,51813,11,4,4010101,Jungfernheide,2019,6,13,4,3,5,3,0,0,1,0,0,1,0,0,"790669,2166","5828852,893","13,28607","52,53205"
1811,51814,11,7,7030303,Grazer Platz,2019,3,15,5,3,2,6,0,0,1,0,0,0,0,1,"795184,8199","5822467,795","13,34678","52,47238"
1812,51815,11,2,2050602,Samariterviertel,2019,10,19,7,3,2,6,2,0,1,0,1,0,0,0,"803062,3053","5827653,723","13,46712","52,51455"
1813,51816,11,7,7070701,Kettinger Straße/Schillerstraße,2019,8,9,7,3,0,5,0,0,1,0,0,0,0,0,"799241,6791","5816300,144","13,40081","52,41489"
1814,51817,11,3,3010104,Lietzengraben,2019,6,12,4,3,3,6,0,0,1,0,0,0,0,0,"801086,2854","5838395,945","13,44784","52,61193"
1815,51818,11,3,3061131,Falkplatz,2019,3,4,4,3,5,2,2,0,1,0,0,1,0,1,"799163,1003","5830601,119","13,41249","52,54312"
1816,51819,11,7,7060604,Marienfelde Süd,2019,10,6,4,3,6,7,2,1,0,1,0,0,0,1,"796533,241","5815693,925","13,36057","52,41093"
1817,51820,11,9,9010202,Köpenicker Landstraße,2019,6,6,5,3,5,3,0,0,1,0,0,0,0,0,"804104,3832","5824364,862","13,47943","52,4845"
1818,51821,11,1,1044102,Schillerpark,2019,8,18,7,3,5,3,0,0,1,0,0,0,0,0,"795879,195","5832056,529","13,3655","52,55796"
1819,51822,11,3,3061434,Anton-Saefkow-Park,2019,12,6,7,2,5,3,2,1,1,0,0,0,0,1,"800844,6477","5830326,904","13,43696","52,53974"
1820,51823,11,10,10040830,Kaulsdorf Süd,2019,5,10,7,3,6,2,0,0,1,1,0,0,0,0,"810877,0819","5827088,089","13,58139","52,50509"
1821,51824,11,4,4010101,Jungfernheide,2019,3,12,4,2,3,6,0,0,1,0,0,1,0,0,"790718,4837","5828897,653","13,28683","52,53242"
1822,51825,11,1,1011102,Großer Tiergarten,2019,11,14,1,3,6,7,0,0,0,1,0,0,1,0,"796039,0793","5827321,099","13,36364","52,51543"
1823,51826,11,7,7030303,Grazer Platz,2019,5,9,6,2,2,6,0,0,1,0,1,0,0,0,"796315,5613","5822674,788","13,36357","52,47363"
1824,51827,11,4,4020311,Reichsstraße,2019,11,16,6,3,2,6,2,0,1,0,1,0,0,0,"790191,5075","5826320,649","13,27683","52,5096"
1825,51828,11,9,9010302,Späthsfelde,2019,6,10,4,3,2,6,0,0,1,0,0,0,0,0,"802855,2671","5821389,311","13,45839","52,45852"
1826,51829,11,3,3040818,Pankow Süd,2019,3,14,4,3,5,3,0,1,1,0,0,0,0,0,"798772,7797","5832845,876","13,40877","52,56346"
1827,51830,11,1,1011303,Alexanderplatzviertel,2019,10,22,2,3,5,2,2,0,1,0,0,0,1,0,"798797,7584","5828013,255","13,40479","52,52013"
1828,51831,11,7,7020202,Volkspark (Rudolf-Wilde-Park),2019,8,8,6,3,6,2,0,0,0,1,0,0,1,0,"795225,438","5823516,568","13,34831","52,48176"
1829,51833,11,10,10010102,Havemannstraße,2019,5,17,6,2,6,4,0,0,1,1,0,0,0,0,"809405,3473","5834433,224","13,56662","52,57175"
1830,51834,11,2,2010101,Askanischer Platz,2019,6,20,3,3,5,2,0,1,1,0,0,0,0,0,"797850,2547","5825505,588","13,38862","52,49817"
1831,51835,11,2,2050803,Stralauer Kiez,2019,3,18,4,3,3,7,1,1,0,0,0,0,0,0,"801820,579","5826233,408","13,44759","52,50251"
1832,51836,11,12,12301203,Wittenau Süd,2019,6,14,2,3,5,2,0,0,0,0,0,0,1,0,"793624,5902","5835746,789","13,33561","52,59226"
1833,51837,11,9,9020601,Schnellerstraße,2019,8,15,6,3,5,3,0,1,1,0,0,0,0,0,"805566,0483","5822152,35","13,49886","52,46385"
1834,51838,11,2,2050601,Hausburgviertel,2019,12,7,2,3,5,3,1,0,1,0,0,0,1,0,"801649,818","5828881,302","13,44749","52,52634"
1835,51839,11,4,4020311,Reichsstraße,2019,5,13,6,3,2,6,0,0,1,0,1,0,0,0,"789689,8023","5826244,859","13,2694","52,50919"
1836,51840,11,1,1033203,Humboldthain Nordwest,2019,6,12,3,3,2,6,0,0,1,0,1,0,0,0,"796190,0571","5830189,938","13,36841","52,54106"
1837,51841,11,1,1033203,Humboldthain Nordwest,2019,3,19,4,3,2,1,2,0,1,0,0,0,0,1,"796199,5866","5830207,27","13,36857","52,54121"
1838,51842,11,3,3040818,Pankow Süd,2019,11,12,3,2,6,3,0,0,1,1,0,0,0,0,"800162,0904","5832358,348","13,42876","52,55833"
1839,51843,11,12,12304314,Ziekowstraße/Freie Scholle,2019,11,9,6,3,5,3,0,0,1,0,0,1,0,1,"790296,294","5835658,787","13,28654","52,59326"
1840,51844,11,9,9020601,Schnellerstraße,2019,6,10,3,3,6,7,0,0,1,1,0,0,0,0,"806365,1115","5821364,634","13,50986","52,45634"
1841,51845,11,7,7040402,Lindenhofsiedlung,2019,3,17,3,3,2,6,1,0,1,0,0,0,0,0,"796401,5823","5822622,724","13,36478","52,47311"
1842,51846,11,1,1011303,Alexanderplatzviertel,2019,10,12,2,3,3,5,0,1,1,0,0,0,0,0,"799327,4473","5827976,894","13,41254","52,51951"
1843,51847,11,12,12301203,Wittenau Süd,2019,8,15,6,3,5,3,0,1,1,0,0,0,0,0,"794058,9855","5835089,782","13,34142","52,58614"
1844,51849,11,3,3061126,Arnimplatz,2019,5,15,5,3,5,2,0,1,0,0,0,1,0,0,"799220,299","5831446,957","13,41409","52,55067"
1845,51850,11,2,2050803,Stralauer Kiez,2019,6,10,3,3,3,2,0,0,1,0,1,0,0,0,"802364,948","5826026,878","13,4554","52,50036"
1846,51851,11,2,2050602,Samariterviertel,2019,3,10,3,3,5,2,0,1,1,0,0,0,0,1,"802592,0568","5827701,53","13,46026","52,51524"
1847,51852,11,7,7060603,Marienfelde Nordost,2019,11,12,4,3,2,6,0,0,1,0,0,1,0,1,"797410,563","5817681,447","13,37519","52,42827"
1848,51853,11,5,5020524,Weinmeisterhornweg,2019,6,14,4,3,2,6,0,0,1,0,0,0,1,0,"783585,0389","5826696,579","13,18007","52,51645"
1849,51854,11,4,4020208,Kranzallee,2019,8,8,6,3,2,6,0,0,1,0,0,0,1,0,"787396,0225","5825877,046","13,23537","52,5071"
1850,51855,11,7,7040402,Lindenhofsiedlung,2019,12,15,2,3,2,6,1,0,1,0,0,0,0,1,"796507,0734","5822553,084","13,36627","52,47243"
1851,51856,11,9,9020601,Schnellerstraße,2019,6,9,3,2,5,2,0,1,1,0,0,0,0,0,"806441,4061","5821308,445","13,51093","52,4558"
1852,51857,11,11,11030721,Rüdigerstraße,2019,9,8,2,3,5,2,0,1,0,0,0,0,1,0,"803744,8283","5827568,052","13,47707","52,5134"
1853,51858,11,7,7020203,Kaiser-Wilhelm-Platz,2019,10,17,4,3,5,2,2,1,1,0,0,0,0,0,"795792,0998","5824121,094","13,35716","52,48688"
1854,51859,11,10,10010207,Marzahner Promenade,2019,8,12,6,3,5,3,0,1,1,0,0,0,0,0,"807870,2942","5830969,554","13,54082","52,54158"
1855,51860,11,7,7020202,Volkspark (Rudolf-Wilde-Park),2019,6,9,3,2,5,3,0,1,0,0,1,0,0,0,"795341,7031","5823442,265","13,34995","52,48104"
1856,51861,11,9,9010302,Späthsfelde,2019,3,5,3,3,2,6,1,0,1,0,0,0,0,0,"803094,3065","5820911,759","13,46146","52,45411"
1857,51862,11,10,10040830,Kaulsdorf Süd,2019,10,5,3,3,2,6,2,0,1,0,0,0,0,0,"811009,3661","5827105,733","13,58335","52,50517"
1858,51863,11,4,4030623,Ernst-Reuter-Platz,2019,8,9,6,3,5,2,0,1,1,0,0,0,0,0,"793675,0884","5826903,623","13,32853","52,51296"
1859,51865,11,3,3061131,Falkplatz,2019,5,9,5,3,0,7,0,1,0,0,0,0,0,0,"799138,1249","5830640,271","13,41216","52,54349"
1860,51866,11,8,8020619,Buschkrugallee Nord,2019,6,17,3,3,2,6,0,0,1,0,0,0,0,0,"801845,6948","5821805,429","13,44395","52,46281"
1861,51867,11,3,3040818,Pankow Süd,2019,3,8,2,3,5,3,0,1,1,0,0,0,0,1,"800037,6218","5833458,724","13,42793","52,56826"
1862,51868,11,10,10030727,Biesdorf Süd,2019,11,16,6,3,2,6,2,0,1,0,0,0,0,0,"810649,0813","5827082,467","13,57804","52,50517"
1863,51869,11,4,4030417,Schloßstraße,2019,5,9,5,3,2,6,0,1,1,0,0,0,0,1,"790849,932","5826429,535","13,2866","52,51023"
1864,51870,11,3,3050920,Weißer See,2019,12,20,3,3,0,1,2,0,0,0,1,0,0,2,"802749,7488","5831845,321","13,46635","52,55229"
1865,51871,11,3,3061429,Greifswalder Straße,2019,6,16,3,3,5,2,0,1,1,0,0,0,0,0,"801171,3728","5830805,388","13,4422","52,54385"
1866,51872,11,12,12103218,Teichstraße,2019,3,16,2,2,9,1,0,0,1,0,0,0,1,1,"795212,5778","5833740,436","13,3572","52,57342"
1867,51873,11,7,7050502,Fritz-Werner-Straße,2019,10,8,6,2,5,2,0,0,1,0,1,0,0,0,"798586,454","5817930,464","13,39266","52,42986"
1868,51874,11,2,2050803,Stralauer Kiez,2019,8,9,6,3,5,3,0,1,0,0,0,0,0,0,"802719,0926","5825868,964","13,46046","52,49875"
1869,51876,11,7,7050502,Fritz-Werner-Straße,2019,6,14,3,3,5,2,0,1,1,0,0,0,0,0,"798728,9858","5817525,866","13,39439","52,42616"
1870,51877,11,1,1011104,Körnerstraße,2019,3,18,1,3,2,6,2,0,1,0,0,0,0,1,"796191,4313","5825802,629","13,36452","52,50173"
1871,51878,11,4,4020311,Reichsstraße,2019,10,9,3,3,5,2,0,0,1,0,0,0,0,1,"790143,4583","5826312,385","13,27612","52,50955"
1872,51879,11,1,1011105,Nördlicher Landwehrkanal,2019,6,19,4,3,2,6,0,0,1,0,0,0,0,0,"796424,3444","5826341,683","13,36842","52,50644"
1873,51880,11,4,4020208,Kranzallee,2019,8,8,6,3,2,6,0,0,1,0,0,0,0,0,"788848,5959","5826111,059","13,25692","52,50844"
1874,51881,11,11,11030721,Rüdigerstraße,2019,12,15,2,3,5,3,1,1,1,1,0,0,0,0,"803720,1819","5827570,261","13,47671","52,51344"
1875,51882,11,7,7030303,Grazer Platz,2019,5,6,5,3,0,6,1,0,1,0,0,0,0,0,"795309,7837","5822792,155","13,34891","52,47522"
1876,51883,11,10,10010206,Ringkolonnaden,2019,3,9,1,3,2,6,0,0,1,0,0,0,0,0,"808357,1568","5832104,238","13,54903","52,55147"
1877,51884,11,1,1044201,Reinickendorfer Straße,2019,11,9,7,3,0,7,0,1,0,1,0,0,0,1,"796221,088","5830710,808","13,36933","52,54571"
1878,51885,11,7,7040401,Neu-Tempelhof,2019,11,13,4,3,2,2,0,0,1,0,0,0,0,1,"797761,0026","5823839,953","13,38582","52,48329"
1879,51886,11,9,9020601,Schnellerstraße,2019,6,8,3,3,5,2,0,1,0,0,0,0,1,0,"806130,044","5821623,894","13,50665","52,4588"
1880,51887,11,2,2040703,Wriezener Bahnhof/Entwicklungsgebiet,2019,3,9,1,3,0,1,0,0,0,0,1,0,0,0,"801880,9421","5826548,196","13,44877","52,5053"
1881,51888,11,9,9010202,Köpenicker Landstraße,2019,10,7,6,3,2,6,1,0,1,0,0,0,0,1,"804106,561","5824366,79","13,47946","52,48451"
1882,51889,11,12,12103219,Schäfersee,2019,8,7,6,3,6,4,0,1,1,1,0,0,0,0,"795756,5146","5832664,623","13,36424","52,56348"
1883,51891,11,3,3061126,Arnimplatz,2019,5,9,4,3,0,3,0,1,1,0,0,0,0,0,"799238,2409","5831933,867","13,41479","52,55503"
1884,51892,11,7,7050506,Birnhornweg,2019,9,8,2,3,5,2,0,1,0,0,0,0,1,0,"798857,1817","5817279,695","13,39605","52,42388"
1885,51893,11,3,3040614,Pankow Zentrum,2019,6,14,2,3,6,4,0,0,0,1,1,0,0,0,"798455,4572","5833336,119","13,40454","52,56803"
1886,51894,11,9,9010101,Elsenstraße,2019,3,16,7,3,0,2,0,1,1,0,0,0,0,1,"802664,624","5825208,522","13,45906","52,49286"
1887,51895,11,5,5020524,Weinmeisterhornweg,2019,6,2,7,3,9,1,2,0,1,0,0,0,0,0,"783596,1073","5826693,548","13,18023","52,51641"
1888,51896,11,3,3061429,Greifswalder Straße,2019,12,9,7,3,6,4,0,0,1,1,0,0,0,0,"801350,1421","5831004,525","13,44501","52,54553"
1889,51897,11,9,9020601,Schnellerstraße,2019,5,16,4,3,2,6,0,0,1,0,1,0,1,0,"806505,4757","5821228,664","13,5118","52,45505"
1890,51898,11,7,7050501,Rathausstraße,2019,11,16,1,3,2,6,0,0,1,0,0,0,1,1,"798052,4613","5819460,045","13,38619","52,44387"
1891,191144,11,12,12231101,Hermsdorf,2019,1,11,4,3,6,7,0,1,0,1,0,0,0,1,"791681,7592","5838148,279","13,30913","52,61484"
1892,191145,11,11,11010310,Mühlengrund,2019,1,17,4,3,5,3,2,0,1,0,0,0,0,1,"805414,1672","5833318,89","13,50688","52,56401"
1893,191146,11,6,6020306,Lankwitz Süd,2019,1,17,4,3,5,2,2,1,1,0,0,0,0,1,"795683,6275","5816883,62","13,34916","52,42206"
1894,191147,11,7,7040405,Rathaus Tempelhof,2019,1,17,4,3,1,5,2,1,0,0,0,0,1,1,"798485,0395","5821664,59","13,39451","52,46339"
1895,191148,11,6,6010101,Fichtenberg,2019,1,16,4,3,5,3,2,1,0,0,0,0,1,1,"793391,8665","5820412,053","13,31866","52,45492"
1896,191149,11,10,10010203,Gewerbegebiet Bitterfelder Straße,2019,1,16,4,3,5,3,2,0,1,0,0,0,0,1,"808402,1959","5833051,475","13,55058","52,55993"
1897,191150,11,10,10010309,Springpfuhl,2019,1,7,4,3,6,7,1,0,1,1,0,0,0,1,"808563,9035","5830111,05","13,55022","52,53349"
1898,191151,11,1,1044201,Reinickendorfer Straße,2019,1,7,4,3,5,2,2,1,0,0,0,0,1,1,"796666,7445","5831961,092","13,377","52,55668"
1899,191152,11,4,4051551,Brabanter Platz,2019,1,7,4,3,5,2,2,1,1,0,0,0,0,1,"793333,618","5823074,251","13,32014","52,47882"
1900,191153,11,1,1011202,Unter den Linden Nord,2019,1,6,4,3,2,6,2,0,1,0,0,0,0,1,"798552,7194","5827799,39","13,401","52,51835"
1901,191154,11,7,7040401,Neu-Tempelhof,2019,1,6,4,3,6,4,2,0,1,1,0,0,0,1,"797670,5855","5823851,132","13,38451","52,48344"
1902,191155,11,1,1044103,Westliche Müllerstraße,2019,1,15,4,3,5,3,1,0,1,0,1,0,0,1,"795151,5091","5831044,886","13,3539","52,54929"
1903,191156,11,7,7010102,Nollendorfplatz,2019,1,5,4,3,5,7,1,0,1,0,0,0,1,1,"795521,952","5824979,321","13,35396","52,49472"
1904,191157,11,3,3020209,Niederschönhausen,2019,1,7,4,3,5,2,2,1,1,0,0,0,0,1,"798135,557","5835470,38","13,40176","52,58733"
1905,191158,11,5,5020523,Maulbeerallee,2019,1,8,4,3,6,7,2,0,1,1,0,0,0,1,"783150,3982","5827365,08","13,17425","52,52267"
1906,191159,11,6,6010209,Feuerbachstraße,2019,1,8,4,3,1,5,0,0,1,0,0,0,1,1,"794724,9696","5821642,714","13,3393","52,46524"
1907,191160,11,1,1033203,Humboldthain Nordwest,2019,1,10,4,3,6,7,0,0,1,1,0,0,0,1,"796800,8498","5830360,098","13,37754","52,54226"
1908,191161,11,10,10020622,Kaulsdorf Nord I,2019,1,6,4,3,2,2,2,0,1,0,0,0,0,1,"811156,6377","5829142,581","13,58742","52,52334"
1909,191162,11,8,8041035,Blumenviertel,2019,1,10,4,3,2,6,0,0,1,0,0,0,0,1,"804800,4146","5817834,717","13,48369","52,42558"
1910,191163,11,6,6020303,Lankwitz Kirche,2019,1,10,4,2,6,2,0,0,1,1,0,0,0,1,"795366,6662","5818441,87","13,34589","52,4362"
1911,191164,11,3,3040614,Pankow Zentrum,2019,1,10,4,2,2,6,0,0,1,0,0,0,0,1,"798965,8035","5835022,436","13,41357","52,58286"
1912,191165,11,3,3030716,Märchenland,2019,1,9,4,3,0,7,0,0,1,0,0,0,0,1,"802887,3437","5833540,902","13,46992","52,56742"
1913,191166,11,5,5030832,Rohrdamm,2019,1,5,4,3,3,6,2,0,1,0,0,1,0,1,"789585,2893","5829308,583","13,27053","52,53671"
1914,191167,11,4,4030518,Tegeler Weg,2019,1,16,4,3,5,2,0,0,1,0,0,0,0,1,"791388,2177","5828585,686","13,2964","52,52927"
1915,191168,11,2,2010103,Moritzplatz,2019,1,18,4,3,5,3,2,0,1,0,0,0,0,1,"799550,5246","5825854,841","13,41391","52,50037"
1916,191169,11,1,1044103,Westliche Müllerstraße,2019,1,16,3,2,6,4,1,0,1,1,0,0,0,0,"794815,6528","5830253,858","13,34826","52,54238"
1917,191170,11,12,12103220,Humboldtstraße,2019,1,18,3,3,2,6,2,0,1,0,0,0,0,1,"793422,8871","5833181,411","13,33037","52,56938"
1918,191171,11,8,8020619,Buschkrugallee Nord,2019,1,18,4,3,2,6,2,0,1,0,0,0,0,1,"801403,894","5821113,144","13,43684","52,45685"
1919,191172,11,2,2040702,Weberwiese,2019,1,10,3,3,1,5,0,1,1,0,0,0,0,1,"801855,2577","5827407,853","13,44917","52,51302"
1920,191173,11,1,1011202,Unter den Linden Nord,2019,1,10,3,3,6,4,0,1,0,1,0,0,0,1,"797863,96","5827637,309","13,39073","52,51727"
1921,191174,11,2,2040703,Wriezener Bahnhof/Entwicklungsgebiet,2019,1,7,3,3,5,3,2,0,1,0,0,0,0,1,"801767,78","5826253,667","13,44684","52,50272"
1922,191175,11,2,2010102,Mehringplatz,2019,1,22,3,3,6,2,2,0,1,1,0,0,0,1,"798447,1062","5826543,447","13,39832","52,50715"
1923,191176,11,10,10010207,Marzahner Promenade,2019,1,19,3,3,6,2,2,0,1,1,0,0,0,1,"808401,6598","5831204,46","13,54885","52,54338"
1924,191177,11,7,7010102,Nollendorfplatz,2019,1,20,3,3,6,7,2,0,1,1,0,0,0,1,"795252,8109","5825058,622","13,35008","52,49557"
1925,191178,11,12,12231101,Hermsdorf,2019,1,20,3,2,5,3,2,0,1,0,0,0,0,1,"791424,9864","5838774,098","13,3059","52,62059"
1926,191179,11,7,7010101,Wittenbergplatz/Viktoria-Luise-Platz,2019,1,20,3,3,6,4,1,0,1,1,0,0,0,1,"794696,054","5825759,424","13,34252","52,50216"
1927,191180,11,11,11030618,Fennpfuhl West,2019,1,19,3,3,1,5,2,1,1,0,0,0,0,1,"803271,6767","5828979,787","13,47141","52,52632"
1928,191181,11,5,5010101,Hakenfelde Nord,2019,1,18,3,3,2,7,2,0,1,0,0,0,0,1,"784038,9666","5832447,647","13,19166","52,56778"
1929,191182,11,7,7060603,Marienfelde Nordost,2019,1,18,3,3,2,6,2,0,1,0,0,0,0,1,"797419,2196","5817417,887","13,37509","52,42591"
1930,191183,11,5,5010314,Carl-Schurz-Straße,2019,1,18,3,2,6,2,2,0,1,1,0,0,0,1,"784801,3049","5828808,961","13,19976","52,53475"
1931,191184,11,4,4051551,Brabanter Platz,2019,1,18,3,3,6,2,2,0,1,1,0,0,0,1,"792901,7162","5823283,34","13,31398","52,48092"
1932,191185,11,9,9051901,Dammvorstadt,2019,1,18,3,3,2,6,2,0,1,0,0,0,0,1,"810755,1729","5821229,502","13,57414","52,45265"
1933,191186,11,6,6030610,Lichterfelde West,2019,1,18,3,3,2,6,2,0,1,0,0,0,0,1,"792278,5105","5818604,112","13,30074","52,43931"
1934,191187,11,6,6010102,Schloßstraße,2019,1,18,3,2,6,2,2,0,1,1,0,0,0,1,"793894,246","5820966,097","13,32652","52,45962"
1935,191188,11,1,1011102,Großer Tiergarten,2019,1,18,3,3,5,3,2,0,1,0,0,0,0,1,"795162,7209","5827238,239","13,35069","52,51516"
1936,191189,11,4,4051445,Eisenzahnstraße,2019,1,18,3,3,2,6,2,0,1,0,0,0,0,1,"792016,0472","5824048,571","13,30165","52,48826"
1937,191190,11,8,8010510,Gewerbegebiet Köllnische Heide,2019,1,17,3,3,5,3,2,1,1,0,0,0,0,1,"802483,13","5822557,723","13,45399","52,4692"
1938,191191,11,6,6010208,Bergstraße,2019,1,15,3,2,6,4,1,0,1,1,0,0,0,1,"793970,8654","5820791,219","13,32749","52,45801"
1939,191192,11,1,1044201,Reinickendorfer Straße,2019,1,9,3,3,5,2,0,0,1,0,0,0,1,1,"795680,841","5830926,05","13,36158","52,54794"
1940,191193,11,2,2050602,Samariterviertel,2019,1,17,3,3,5,3,2,1,1,0,0,0,0,1,"802670,4969","5828101,141","13,46177","52,51878"
1941,191194,11,1,1033202,Humboldthain Süd,2019,1,17,3,2,0,7,1,0,0,0,1,0,1,1,"796964,3909","5830547,831","13,38011","52,54385"
1942,191195,11,6,6030504,Teltower Damm,2019,1,17,3,2,6,4,2,0,1,1,0,0,0,1,"788952,8133","5816380,58","13,25003","52,42114"
1943,191196,11,4,4030929,Hindemithplatz,2019,1,16,3,3,3,6,2,0,1,0,1,0,1,1,"792280,251","5825933,726","13,30718","52,50502"
1944,191197,11,3,3061429,Greifswalder Straße,2019,1,16,3,2,6,4,2,0,1,1,0,0,0,1,"801441,2256","5830948,672","13,4463","52,54498"