,id,city,district,lor,street,year,month,hour,weekday,category,collision,movement,light_conditions,bicycle,car,pedestrian,motorbike,truck,other_vehicle,road_conditions,LINREFX,LINREFY,XGCSWGS84,YGCSWGS84
2298,191601,11,4,4041241,Breite Straße,2019,1,17,6,2,6,2,2,0,1,1,0,0,0,1,"791346,915","5822564,977","13,29053","52,47532"
2299,191602,11,4,4030726,Droysenstraße,2019,1,17,6,3,6,2,2,0,0,1,0,0,1,1,"792308,9605","5825393,399","13,30713","52,50016"
2300,191603,11,10,10040830,Kaulsdorf Süd,2019,1,16,6,3,6,2,2,0,1,1,0,0,0,1,"810854,7891","5826866,363","13,58086","52,50311"
2301,191604,11,1,1011202,Unter den Linden Nord,2019,1,15,6,3,5,3,1,1,1,0,0,0,0,1,"797575,2575","5827894,408","13,38672","52,51973"
2302,191605,11,12,12214527,Alt-Tegel,2019,1,15,6,3,2,6,0,0,1,0,0,0,0,1,"790284,0286","5835028,977","13,28581","52,58762"
2303,191606,11,2,2050801,Traveplatz,2019,1,14,6,2,6,4,0,1,0,1,0,0,0,1,"802839,6722","5827471,654","13,46369","52,51304"
2304,191607,11,4,4030929,Hindemithplatz,2019,1,14,6,3,5,2,0,1,1,0,0,0,0,1,"792711,523","5825638,208","13,31326","52,50214"
2305,191608,11,9,9020701,Adlershof West,2019,1,14,6,3,5,3,0,0,1,0,0,0,0,1,"808108,496","5818398,273","13,53271","52,42878"
2306,191609,11,12,12304314,Ziekowstraße/Freie Scholle,2019,1,9,1,3,1,5,0,0,1,0,0,0,1,0,"791414,8893","5836569,727","13,30381","52,60083"
2307,191610,11,2,2010103,Moritzplatz,2019,1,14,6,3,5,7,0,1,1,0,0,0,0,1,"799153,635","5825784,31","13,40802","52,49995"
2308,191611,11,11,11051331,Karlshorst Nord,2019,1,2,7,2,5,3,2,0,1,0,0,0,1,0,"807317,0217","5824793,6","13,52699","52,48654"
2309,191612,11,4,4020311,Reichsstraße,2019,1,13,6,3,6,3,0,0,1,1,0,0,0,1,"789003,2436","5826972,467","13,25994","52,51608"
2310,191613,11,11,11041128,Sewanstraße,2019,1,13,6,3,5,3,0,1,1,0,0,0,0,1,"807117,8505","5825776,979","13,52497","52,49546"
2311,191614,11,7,7020202,Volkspark (Rudolf-Wilde-Park),2019,1,11,6,3,6,4,0,0,1,1,0,0,0,1,"794839,4189","5823915,242","13,34299","52,48555"
2312,191615,11,5,5010312,Kurstraße,2019,1,13,1,3,5,2,0,0,1,0,0,0,0,0,"785189,9079","5829737,093","13,20627","52,54287"
2313,191616,11,7,7010104,Dennewitzplatz,2019,1,11,6,3,5,3,0,0,1,0,0,0,0,1,"796348,2579","5825091,478","13,36619","52,49527"
2314,191617,11,7,7040403,Manteuffelstraße,2019,1,10,6,3,5,2,0,0,1,0,0,0,0,1,"797323,2969","5821758,328","13,37754","52,46487"
2315,191618,11,11,11041128,Sewanstraße,2019,1,13,7,3,2,6,0,0,1,0,0,0,0,1,"806048,0287","5826582,78","13,51","52,50329"
2316,191619,11,7,7010104,Dennewitzplatz,2019,1,10,6,3,5,3,0,1,1,0,0,0,0,1,"796115,2642","5824947,367","13,36264","52,49411"
2317,191620,11,12,12214527,Alt-Tegel,2019,1,10,6,2,5,7,0,0,1,1,0,0,0,1,"790033,4183","5835368,874","13,28241","52,5908"
2318,191621,11,4,4030415,Schloßgarten,2019,1,9,6,3,2,6,0,0,1,0,0,0,0,1,"791565,445","5827521,559","13,29807","52,51964"
2319,191622,11,3,3061430,Volkspark Prenzlauer Berg,2019,1,8,6,3,0,7,0,1,0,0,0,0,0,1,"802580,26","5829428,165","13,46166","52,53072"
2320,191623,11,10,10040933,Mahlsdorf Süd,2019,1,8,6,3,6,4,0,0,1,1,0,0,0,1,"812386,4546","5824379,104","13,60102","52,47995"
2321,191624,11,9,9030901,Dorf Altglienicke,2019,1,8,6,3,1,5,1,0,1,0,0,0,0,1,"807957,0457","5817331,996","13,5295","52,41931"
2322,191625,11,2,2030401,Reichenberger Straße,2019,1,14,6,2,0,3,0,0,1,0,0,0,1,1,"800638,773","5825687,565","13,42974","52,49827"
2323,191626,11,12,12103220,Humboldtstraße,2019,1,0,7,3,6,4,2,0,1,1,0,0,0,2,"793678,1258","5833318,333","13,33425","52,57047"
2324,191627,11,9,9051901,Dammvorstadt,2019,1,7,6,3,5,2,2,1,1,0,0,0,0,1,"812066,2051","5821345,417","13,59348","52,45295"
2325,191628,11,9,9041501,Altstadt Kietz,2019,1,13,6,3,2,7,0,0,1,0,0,0,1,1,"811386,3529","5820133,239","13,58238","52,44247"
2326,191629,11,7,7060604,Marienfelde Süd,2019,1,17,5,3,1,7,1,0,1,0,0,0,0,0,"796249,6744","5815783,934","13,35649","52,41189"
2327,191630,11,7,7070703,John-Locke-Straße,2019,1,15,5,3,1,5,0,1,1,0,0,0,0,1,"798854,1181","5814382,257","13,39342","52,39791"
2328,191631,11,5,5020626,Adamstraße,2019,1,9,5,2,4,7,0,0,1,0,0,0,1,0,"784753,6279","5826613,356","13,19718","52,51509"
2329,191632,11,5,5040935,Groß-Glienicker Weg,2019,1,8,5,3,5,3,0,1,1,0,0,0,0,0,"782166,5597","5820304,85","13,15381","52,45987"
2330,191633,11,8,8010211,Flughafenstraße,2019,1,8,5,2,0,7,0,0,1,0,0,0,1,1,"800748,3652","5823739,016","13,42959","52,48074"
2331,191634,11,7,7030301,Friedenau,2019,1,7,5,2,6,4,0,0,1,1,0,0,0,1,"793475,5396","5822279,375","13,32153","52,47162"
2332,191635,11,5,5020626,Adamstraße,2019,1,7,7,3,2,6,1,0,1,0,0,0,0,0,"784651,4847","5827814,719","13,1967","52,52592"
2333,191636,11,11,11010309,Zingster Straße West,2019,1,7,5,2,6,4,1,0,1,1,0,0,0,1,"805042,6877","5833519,319","13,5016","52,56602"
2334,191637,11,7,7050505,Hundsteinweg,2019,1,7,5,3,6,2,2,0,1,1,0,0,0,1,"798480,0383","5819047,379","13,3921","52,43993"
2335,191638,11,1,1044201,Reinickendorfer Straße,2019,1,7,5,2,6,4,2,0,1,1,0,0,0,1,"796708,2376","5831916,147","13,37757","52,55625"
2336,191639,11,1,1011203,Unter den Linden Süd,2019,1,13,7,3,0,7,0,0,1,0,0,0,1,0,"797904,2411","5827375,028","13,39109","52,5149"
2337,191640,11,11,11010207,Wartenberg Nord,2019,1,16,5,2,0,6,2,0,1,0,0,0,1,0,"805253,0864","5834308,505","13,50542","52,57297"
2338,191641,11,8,8020620,Tempelhofer Weg,2019,1,19,5,3,5,3,2,0,1,0,0,0,0,0,"800877,2852","5820926,169","13,42895","52,45546"
2339,191642,11,9,9051901,Dammvorstadt,2019,1,15,7,2,6,2,0,0,1,1,0,0,0,0,"812045,005","5821382,095","13,5932","52,45329"
2340,191643,11,11,11030721,Rüdigerstraße,2019,1,19,5,3,4,5,2,0,1,0,0,0,0,0,"804464,4352","5828170,772","13,4882","52,51841"
2341,191644,11,2,2050802,Boxhagener Platz,2019,1,13,7,3,5,2,0,1,1,0,0,0,0,0,"802616,697","5827005,742","13,45999","52,50899"
2342,191645,11,7,7070704,Nahariyastraße,2019,1,10,7,2,5,3,0,0,1,0,0,0,0,0,"800194,0112","5813681,92","13,41242","52,3909"
2343,191646,11,3,3030715,Heinersdorf,2019,1,16,5,3,2,6,1,0,1,0,0,0,1,0,"801236,4821","5833180,149","13,44531","52,5651"
2344,191647,11,2,2040703,Wriezener Bahnhof/Entwicklungsgebiet,2019,1,16,5,3,5,3,2,1,1,0,0,0,0,0,"801104,6444","5827046,2","13,43781","52,51019"
2345,191648,11,8,8041040,Waltersdorfer Chaussee Ost,2019,1,14,5,3,1,5,0,0,1,0,0,0,0,0,"806821,3765","5816427,28","13,51203","52,41184"
2346,191649,11,12,12214424,Scharnweberstraße,2019,1,9,7,3,2,6,0,0,1,0,0,1,0,1,"793214,4397","5832428,047","13,32664","52,56274"
2347,191650,11,4,4030931,Breitscheidplatz,2019,1,14,5,3,1,5,0,1,1,0,0,0,0,1,"793661,2877","5825550,702","13,32713","52,50084"
2348,191651,11,11,11051330,Karlshorst West,2019,1,9,7,3,4,6,0,1,1,0,0,0,1,0,"806625,4321","5825212,511","13,51722","52,49068"
2349,191652,11,1,1044201,Reinickendorfer Straße,2019,1,14,5,3,2,6,0,0,1,0,0,0,0,0,"796769,1176","5831912,005","13,37846","52,55618"
2350,191653,11,7,7020202,Volkspark (Rudolf-Wilde-Park),2019,1,14,5,3,6,4,0,1,0,1,0,0,0,0,"794891,0554","5823273,455","13,34318","52,47977"
2351,191654,11,12,12301203,Wittenau Süd,2019,1,20,7,2,6,2,2,0,1,1,0,0,0,0,"793005,2381","5835697,026","13,32645","52,59215"
2352,191655,11,8,8010213,Körnerpark,2019,1,13,5,3,5,3,0,1,1,0,0,0,0,0,"801637,5642","5822641,488","13,44165","52,47042"
2353,191656,11,8,8020622,Parchimer Allee,2019,1,13,5,3,5,3,0,0,1,0,0,0,0,0,"802586,5066","5819158,421","13,45243","52,43867"
2354,191657,11,2,2050602,Samariterviertel,2019,1,12,5,3,1,5,0,1,1,0,0,0,0,0,"803465,923","5827756,869","13,47315","52,51525"
2355,191658,11,12,12103220,Humboldtstraße,2019,1,12,5,3,2,2,0,0,1,0,0,0,0,0,"794132,1566","5833884,179","13,34143","52,57529"
2356,191659,11,7,7020201,Bayerischer Platz,2019,1,10,5,3,5,2,0,0,1,0,0,0,0,0,"794983,1365","5823964,382","13,34515","52,48591"
2357,191660,11,3,3061227,Humannplatz,2019,1,16,5,3,6,7,2,1,0,1,0,0,0,0,"799348,9499","5831412,277","13,41595","52,55029"
2358,191661,11,12,12214125,Waldidyll/Flughafensee,2019,1,21,6,3,2,6,2,0,1,0,0,0,0,1,"791228,8342","5830773,195","13,29598","52,54897"
2359,191662,11,10,10010310,Alt-Marzahn,2019,1,14,5,2,6,4,0,0,0,1,0,0,1,0,"809945,5612","5831630,44","13,57194","52,54632"
2360,191663,11,10,10040828,Kaulsdorf Nord,2019,1,16,5,2,5,2,1,1,1,0,0,0,0,0,"811947,6165","5828938,851","13,59885","52,52106"
2361,191664,11,12,12214125,Waldidyll/Flughafensee,2019,1,20,6,2,6,2,2,0,1,1,0,0,0,1,"791921,023","5831503,672","13,3068","52,55514"
2362,191665,11,2,2020206,Graefekiez,2019,1,22,5,2,6,4,2,0,1,1,0,0,0,0,"800172,8261","5825048,39","13,42232","52,4928"
2363,191666,11,3,3040818,Pankow Süd,2019,1,20,5,3,5,3,2,1,1,0,0,0,0,0,"799730,912","5832503,348","13,42255","52,55986"
2364,191667,11,8,8020619,Buschkrugallee Nord,2019,1,11,4,3,2,6,0,0,0,0,0,1,1,1,"802082,5322","5820666,278","13,4464","52,45247"
2365,191668,11,6,6010205,Südende,2019,1,17,4,3,2,6,1,0,1,0,0,0,0,1,"795146,6451","5820004,31","13,34404","52,45032"
2366,191669,11,2,2020204,Urbanstraße,2019,1,20,4,3,5,3,2,0,1,0,1,0,0,1,"798287,67","5824774,714","13,39439","52,49138"
2367,191670,11,1,1011303,Alexanderplatzviertel,2019,1,20,4,3,2,6,2,0,1,0,0,0,0,1,"799286,718","5828484,804","13,4124","52,52409"
2368,191671,11,6,6020302,Komponistenviertel Lankwitz,2019,1,19,4,3,5,3,2,1,1,0,0,0,0,1,"794705,6791","5819228,835","13,33689","52,44361"
2369,191672,11,4,4030931,Breitscheidplatz,2019,1,10,4,3,1,5,1,1,1,0,0,0,0,1,"793529,9145","5825947,164","13,32555","52,50447"
2370,191673,11,1,1044201,Reinickendorfer Straße,2019,1,20,7,3,2,6,2,0,1,0,0,0,0,0,"796688,0788","5831951,893","13,37731","52,55659"
2371,191674,11,2,2050801,Traveplatz,2019,1,8,4,3,3,6,0,1,0,0,0,0,1,1,"803095,1421","5827081,85","13,46709","52,50941"
2372,191675,11,6,6030501,Berlepschstraße,2019,1,16,4,3,5,3,2,1,1,0,0,0,0,1,"787540,695","5817030,741","13,22988","52,42772"
2373,191676,11,5,5010313,Ackerstraße,2019,1,16,4,3,0,2,1,1,1,0,0,0,0,1,"784281,1825","5830372,886","13,19345","52,54905"
2374,191677,11,2,2040701,Andreasviertel,2019,1,18,4,3,5,3,2,0,1,0,0,0,0,1,"800315,8415","5827620,451","13,42674","52,51577"
2375,191678,11,3,3040818,Pankow Süd,2019,1,10,1,3,5,3,0,0,1,0,0,0,0,0,"799651,5112","5832791,198","13,42165","52,56249"
2376,191679,11,7,7040404,Marienhöhe,2019,1,13,4,3,1,5,0,1,1,0,0,0,0,0,"797000,8851","5820419,997","13,37162","52,45304"
2377,191680,11,3,3050925,Komponistenviertel Weißensee,2019,1,18,4,3,2,2,2,0,1,0,0,0,0,0,"802697,3279","5831786,299","13,46553","52,55179"
2378,191681,11,11,11030720,Herzbergstraße,2019,1,18,4,3,2,6,2,0,1,0,0,0,0,0,"806140,3217","5830160,435","13,51465","52,5353"
2379,191682,11,1,1033101,Soldiner Straße,2019,1,18,4,3,6,4,2,0,1,1,0,0,0,0,"796772,268","5832418,203","13,37896","52,56072"
2380,191683,11,11,11051330,Karlshorst West,2019,1,7,4,3,2,6,0,0,1,0,0,0,0,2,"807106,9992","5824823,515","13,52393","52,48693"
2381,191684,11,6,6010209,Feuerbachstraße,2019,1,17,4,2,6,4,0,0,1,1,0,0,0,0,"794208,5794","5820908,636","13,33108","52,45893"
2382,191685,11,3,3071537,Kollwitzplatz,2019,1,18,5,3,2,2,1,0,1,0,0,0,0,0,"799691,9182","5829228,377","13,41902","52,53053"
2383,191686,11,12,12103117,Letteplatz,2019,1,7,4,3,6,4,0,0,1,1,0,0,0,0,"796279,2704","5832416,61","13,37171","52,56097"
2384,191687,11,1,1044202,Sparrplatz,2019,1,6,4,3,5,2,1,1,1,0,0,0,0,0,"794896,303","5830252,472","13,34944","52,54232"
2385,191688,11,4,4051445,Eisenzahnstraße,2019,1,8,4,3,6,4,0,0,1,1,0,0,0,0,"791953,4394","5824759,063","13,30135","52,49466"
2386,191689,11,4,4051652,Nikolsburger Platz,2019,1,8,4,3,6,4,0,0,1,1,0,0,0,0,"793441,9749","5824063,122","13,3226","52,48763"
2387,191690,11,1,1033101,Soldiner Straße,2019,1,8,4,3,1,5,0,1,1,0,0,0,0,0,"797139,1508","5833204,106","13,38506","52,56756"
2388,191691,11,3,3020307,Buchholz,2019,1,9,4,3,6,2,0,0,1,1,0,0,0,0,"799261,9896","5837648,843","13,4203","52,60624"
2389,191692,11,7,7020201,Bayerischer Platz,2019,1,11,4,3,5,2,0,1,1,0,0,0,0,1,"794949,9141","5824666,127","13,34528","52,49222"
2390,191693,11,1,1011303,Alexanderplatzviertel,2019,1,11,4,3,5,2,0,1,1,0,0,0,0,0,"799097,1846","5828456,724","13,40959","52,52394"
2391,191694,11,2,2010103,Moritzplatz,2019,1,11,4,3,0,3,0,0,1,0,0,0,1,0,"799301,9056","5826176,602","13,41055","52,50339"
2392,191695,11,7,7010101,Wittenbergplatz/Viktoria-Luise-Platz,2019,1,15,5,3,5,2,0,1,1,0,0,0,0,0,"794523,7207","5825186,401","13,33948","52,49711"
2393,191696,11,10,10010207,Marzahner Promenade,2019,1,12,4,3,6,4,0,0,1,1,0,0,0,0,"808338,209","5831339,162","13,54804","52,54462"
2394,191697,11,8,8020727,Buckow Mitte,2019,1,12,4,3,6,3,0,0,1,1,0,0,0,0,"801520,5707","5817350,688","13,43516","52,42306"
2395,191698,11,10,10040933,Mahlsdorf Süd,2019,1,17,4,3,6,2,2,0,1,1,0,0,0,0,"812573,4091","5825142,229","13,60448","52,48668"
2396,191699,11,9,9020501,Oberschöneweide West,2019,1,12,4,3,5,7,0,0,1,0,0,0,1,0,"805878,3136","5822759,563","13,504","52,46912"
2397,191700,11,5,5010206,Gütersloher Weg,2019,1,18,5,3,6,2,2,0,0,1,0,0,1,0,"782360,7527","5830508,488","13,16532","52,55126"
2398,191701,11,1,1044203,Leopoldplatz,2019,1,17,4,3,6,4,2,1,0,1,0,0,0,1,795432,"5831608,641","13,35853","52,55419"
2399,191702,11,12,12103219,Schäfersee,2019,1,15,4,3,2,6,0,0,1,0,0,0,0,0,"795684,1318","5832532,916","13,36306","52,56234"
2400,191703,11,3,3071537,Kollwitzplatz,2019,1,8,4,3,5,3,0,0,1,0,1,0,0,0,"799731,6201","5829841,019","13,42016","52,536"
2401,191704,11,2,2030302,Lausitzer Platz,2019,1,19,3,2,6,4,2,0,1,1,0,0,0,0,"800970,0496","5826064,015","13,43495","52,50146"
2402,191705,11,9,9051801,Rahnsdorf/Hessenwinkel,2019,1,17,3,3,4,3,2,0,1,0,0,0,0,0,"822259,9527","5819254,117","13,74096","52,42829"
2403,191706,11,1,1022104,Emdener Straße,2019,2,11,6,1,6,2,0,0,0,1,0,0,1,1,"794560,497","5828452,045","13,34291","52,52637"
2404,191707,11,5,5010208,Germersheimer Platz,2019,1,18,3,3,2,6,2,0,1,0,0,0,0,1,"783929,4016","5830120,882","13,18806","52,54697"
2405,191708,11,8,8010118,Silbersteinstraße,2019,1,18,3,3,2,6,2,0,1,0,0,0,0,0,"801069,3678","5821999,639","13,43274","52,46498"
2406,191709,11,11,11030721,Rüdigerstraße,2019,1,16,3,2,6,4,0,0,1,1,0,0,0,1,"805210,3","5828461,209","13,49942","52,52059"
2407,191710,11,1,1022106,Elberfelder Straße,2019,1,16,4,3,6,4,0,1,0,1,0,0,0,0,"794085,4422","5827801,167","13,33535","52,52079"
2408,191711,11,8,8030829,Gropiusstadt Nord,2019,1,17,3,3,3,6,2,0,1,0,0,0,0,1,"803201,1522","5818388,652","13,46074","52,43143"
2409,191712,11,6,6010102,Schloßstraße,2019,1,16,3,2,6,4,1,0,1,1,0,0,0,0,"793576,1191","5820618,691","13,32154","52,45668"
2410,191713,11,2,2050801,Traveplatz,2019,1,16,3,3,1,5,2,1,1,0,0,0,0,0,"802725,2306","5827436,214","13,46197","52,51279"
2411,191714,11,1,1011305,Heine-Viertel West,2019,1,16,3,3,2,6,2,1,1,0,0,0,0,0,"799111,41","5827120,157","13,4086","52,51195"
2412,191715,11,1,1033203,Humboldthain Nordwest,2019,1,16,3,3,5,2,2,0,1,0,0,0,0,1,"796853,0113","5830641,18","13,37856","52,54475"
2413,191716,11,6,6030610,Lichterfelde West,2019,1,16,3,2,6,4,0,0,1,1,0,0,0,0,"791389,3313","5817837,091","13,28702","52,43291"
2414,191717,11,1,1011204,Leipziger Straße,2019,1,16,3,3,5,3,1,1,1,0,0,0,0,1,"797876,2892","5826766,369","13,39013","52,50946"
2415,191718,11,7,7040403,Manteuffelstraße,2019,1,9,5,3,5,3,0,0,1,0,0,0,0,1,"797649,579","5822184,011","13,38271","52,4685"
2416,191719,11,2,2010102,Mehringplatz,2019,1,16,3,3,6,4,0,0,1,1,0,0,0,1,"798200,3969","5826387,35","13,39456","52,50588"
2417,191720,11,6,6020303,Lankwitz Kirche,2019,1,15,3,3,5,7,0,0,1,0,0,0,0,1,"795306,7108","5818397,412","13,34497","52,43583"
2418,191721,11,4,4051655,Babelsberger Straße,2019,1,18,4,3,2,2,2,0,1,0,0,0,0,0,"793999,4002","5823931,394","13,33067","52,48614"
2419,191722,11,1,1022104,Emdener Straße,2019,1,7,3,3,0,5,0,1,0,0,0,0,0,2,"794020,5141","5829170,534","13,33561","52,5331"
2420,191723,11,11,11020514,Große-Leege-Straße,2019,1,20,3,2,0,1,2,1,0,0,0,0,0,1,"804649,9764","5831115,506","13,49362","52,54469"
2421,191724,11,1,1044203,Leopoldplatz,2019,1,15,3,3,5,3,1,1,1,0,0,0,0,0,"796360,8606","5831925,964","13,37247","52,55653"
2422,191725,11,4,4020310,Park Ruhwald,2019,1,14,3,3,2,6,0,0,1,0,0,0,0,0,"788927,8765","5827612,146","13,25939","52,52185"
2423,191726,11,12,12304314,Ziekowstraße/Freie Scholle,2019,1,13,3,3,2,6,0,0,1,0,0,0,0,0,"790623,6358","5835957,565","13,29162","52,59577"
2424,191727,11,5,5030731,Gartenfelder Straße,2019,1,13,3,3,6,4,0,0,1,1,0,0,0,0,"788027,3196","5829548,271","13,24783","52,53969"
2425,191728,11,12,12214125,Waldidyll/Flughafensee,2019,1,6,5,3,3,6,2,0,1,0,0,0,1,0,"791992,0408","5831674,405","13,30799","52,55664"
2426,191729,11,4,4030620,Alt-Lietzow,2019,1,13,3,3,0,3,0,0,1,0,1,0,0,0,"792153,9557","5827387,865","13,3066","52,51812"
2427,191730,11,2,2010102,Mehringplatz,2019,1,22,3,3,5,7,2,0,1,0,0,0,0,0,"798359,8346","5826535,376","13,39703","52,50712"
2428,191731,11,6,6030610,Lichterfelde West,2019,1,22,3,3,5,2,2,0,1,0,0,0,0,0,"792945,1219","5817751,317","13,30977","52,43131"
2429,191732,11,12,12231101,Hermsdorf,2019,1,11,5,3,6,2,0,0,0,1,0,1,0,0,"791318,374","5838660,837","13,30423","52,61963"
2430,191733,11,4,4051652,Nikolsburger Platz,2019,1,10,3,3,2,6,0,1,1,0,0,0,0,1,"793454,9108",5824440,"13,32312","52,491"
2431,191734,11,1,1044101,Rehberge,2019,1,8,3,3,1,5,0,1,0,0,0,1,0,1,"794626,9052","5831293,958","13,34641","52,55181"
2432,191735,11,1,1011304,Karl-Marx-Allee,2019,1,8,3,3,5,2,0,1,0,0,0,0,1,1,"799708,2841","5827840,626","13,41801","52,51808"
2433,191736,11,8,8030830,Gropiusstadt Süd,2019,1,13,4,3,5,3,0,1,1,0,0,0,0,0,"803060,7012","5817397,383","13,45778","52,42263"
2434,191737,11,8,8010404,Rixdorf,2019,1,7,3,3,6,2,0,0,1,1,0,0,0,1,"801998,398","5823295,202","13,44754","52,47608"
2435,191738,11,10,10010311,Landsberger Tor,2019,1,6,3,2,6,4,1,0,1,1,0,0,0,1,"810287,3849","5830965,121","13,57635","52,54017"
2436,191739,11,11,11010310,Mühlengrund,2019,1,2,3,3,6,4,2,0,1,1,0,0,0,1,"805401,1869","5833282,53","13,50666","52,5637"
2437,191740,11,1,1011306,Heine-Viertel Ost,2019,1,9,3,3,1,5,0,1,1,0,0,0,0,0,"800407,3245","5826730,983","13,42728","52,50775"
2438,191741,11,4,4030623,Ernst-Reuter-Platz,2019,1,21,2,3,5,3,2,0,1,0,0,0,0,0,"793162,5557","5826882,531","13,32098","52,51305"
2439,191742,11,7,7030303,Grazer Platz,2019,1,11,2,3,5,2,0,1,1,0,0,0,0,1,"795039,8005","5821908,712","13,34416","52,46745"
2440,191743,11,6,6030606,Hindenburgdamm,2019,1,18,5,3,1,5,2,1,1,0,0,0,0,0,"793681,6252","5819252,035","13,32189","52,44437"
2441,191744,11,5,5030832,Rohrdamm,2019,1,20,2,3,6,7,2,0,1,1,0,0,0,1,"789558,6758","5829288,497","13,27012","52,53655"
2442,191745,11,3,3010102,Buch,2019,1,17,2,3,2,6,1,1,0,0,0,0,1,1,"804167,6073","5841063,768","13,49566","52,63412"
2443,191746,11,10,10040931,Mahlsdorf Nord,2019,1,20,2,2,5,3,2,0,1,0,0,0,0,1,"812995,2375","5828482,536","13,61381","52,51637"
2444,191747,11,8,8010301,Reuterkiez,2019,1,18,2,2,6,2,2,0,1,1,0,0,0,1,"800583,1994","5824578,711","13,42793","52,48836"
2445,191748,11,7,8020726,Buckow West,2019,1,17,2,3,6,2,2,0,1,1,0,0,0,1,"799350,898","5816114,549","13,40224","52,41317"
2446,191749,11,6,6010209,Feuerbachstraße,2019,1,17,2,2,6,4,2,0,1,1,0,0,0,1,"794230,5542","5820895,585","13,33139","52,45881"
2447,191750,11,6,6030610,Lichterfelde West,2019,1,17,2,3,2,2,2,0,1,0,0,0,0,1,"792396,1322","5817836,175","13,30179","52,43236"
2448,191751,11,7,7050502,Fritz-Werner-Straße,2019,1,16,2,2,5,3,1,0,1,0,1,0,0,1,"798112,1228","5818348,383","13,38608","52,43387"
2449,191752,11,7,7010104,Dennewitzplatz,2019,1,8,2,3,0,1,0,1,0,0,0,0,0,2,"796247,3589","5824305,958","13,36401","52,48829"
2450,191753,11,8,8020625,Handwerker-Siedlung,2019,1,15,2,3,5,3,1,1,1,0,0,0,0,1,"802499,736","5818946,992","13,45096","52,43683"
2451,191754,11,4,4010102,Plötzensee,2019,1,8,2,3,2,6,0,0,1,0,0,0,0,1,"792731,0345","5829907,454","13,3173","52,5404"
2452,191755,11,5,5010101,Hakenfelde Nord,2019,1,15,2,2,5,3,0,0,1,0,0,0,0,1,"785832,101","5831732,778","13,21743","52,56043"
2453,191756,11,8,8041035,Blumenviertel,2019,1,16,5,3,5,3,1,1,1,0,0,0,0,0,"803891,3852","5818944,957","13,47137","52,43604"
2454,191757,11,6,6040805,Fischerhüttenstraße,2019,1,9,2,3,1,1,0,0,1,0,0,0,1,2,"788970,5299","5818166,909","13,25183","52,43715"
2455,191758,11,10,10020412,Alte Hellersdorfer Straße,2019,1,20,2,3,5,3,2,0,1,0,0,0,0,1,"811348,1431","5831843,897","13,59276","52,54744"
2456,191759,11,6,6020303,Lankwitz Kirche,2019,1,15,2,3,5,2,0,0,1,0,1,0,0,0,"795365,259","5818449,578","13,34588","52,43627"
2457,191760,11,9,9020502,Oberschöneweide Ost,2019,1,13,2,3,5,3,0,1,1,0,0,0,0,1,"807850,2902","5822047,757","13,53228","52,46163"
2458,191761,11,6,6040804,Krumme Lanke,2019,1,8,2,3,0,1,0,1,0,0,0,0,0,2,"787870,421","5818935,637","13,23635","52,44462"
2459,191762,11,8,8041037,Alt-Rudow,2019,1,8,5,3,3,6,0,0,1,0,0,1,0,0,"805566,5859","5818578,88","13,4956","52,43182"
2460,191763,11,1,1033203,Humboldthain Nordwest,2019,1,13,2,3,2,6,0,0,1,0,0,0,1,0,"796273,9241","5830397,298","13,36983","52,54288"
2461,191764,11,4,4020314,Messegelände,2019,1,8,2,3,0,1,0,1,0,0,0,0,0,2,"790428,0262","5825937,222","13,27997","52,50604"
2462,191765,11,4,4030415,Schloßgarten,2019,1,6,2,2,6,2,2,0,1,1,0,0,0,1,"791410,9962","5827471,696","13,29576","52,51927"
2463,191766,11,6,6020302,Komponistenviertel Lankwitz,2019,2,13,6,3,2,6,0,0,1,0,0,0,0,0,"794593,9593","5819172,286","13,3352","52,44316"
2464,191767,11,9,9020702,Adlershof Ost,2019,1,6,2,2,6,2,2,0,1,1,0,0,0,1,"809496,4126","5819862,729","13,55441","52,44112"
2465,191768,11,1,1044103,Westliche Müllerstraße,2019,1,19,2,3,6,2,2,0,1,1,0,0,0,0,"794512,4543","5830640,418","13,34414","52,54601"
2466,191769,11,10,10040933,Mahlsdorf Süd,2019,1,13,2,3,5,2,0,0,1,0,0,0,0,0,"813544,7329","5827163,202","13,62064","52,50423"
2467,191770,11,4,4051549,Rathaus Wilmersdorf,2019,1,9,4,3,5,2,0,0,1,0,0,0,0,0,"793315,0058","5823784,523","13,32049","52,4852"
2468,191771,11,5,5030833,Motardstraße,2019,1,6,2,2,5,3,2,1,1,0,0,0,0,1,"788058,1165","5829192,6","13,24797","52,53648"
2469,191772,11,10,10010309,Springpfuhl,2019,1,19,2,2,6,4,2,0,1,1,0,0,0,1,"807802,9504","5830173,309","13,5391","52,53448"
2470,191773,11,10,10030727,Biesdorf Süd,2019,1,12,2,2,5,2,0,0,1,0,1,0,0,0,"809936,3571","5827047,623","13,56754","52,50526"
2471,191774,11,8,8010510,Gewerbegebiet Köllnische Heide,2019,1,5,2,3,5,7,2,1,0,0,0,0,1,1,"803907,9468","5821675,564","13,4741","52,4605"
2472,191775,11,4,4030725,Amtsgerichtsplatz,2019,1,19,2,3,5,3,2,0,1,0,0,0,0,1,"791647,4627","5826418,884","13,29831","52,50971"
2473,191776,11,4,4010101,Jungfernheide,2019,1,9,5,3,0,2,0,1,1,0,0,0,0,1,"791251,1288","5829731,136","13,29539","52,53961"