,id,city,district,lor,street,year,month,hour,weekday,category,collision,movement,light_conditions,bicycle,car,pedestrian,motorbike,truck,other_vehicle,road_conditions,LINREFX,LINREFY,XGCSWGS84,YGCSWGS84
2474,191777,11,1,1044101,Rehberge,2019,1,5,2,3,6,2,2,0,1,1,0,0,0,1,"794528,8839","5831557,072","13,3452","52,55422"
2475,191778,11,12,12103218,Teichstraße,2019,1,19,2,3,6,2,2,0,1,1,0,0,0,1,"794862,4614","5833050,134","13,35143","52,56742"
2476,191779,11,4,4030929,Hindemithplatz,2019,1,14,4,3,5,7,0,0,1,0,0,0,1,1,"792431,728","5825396,085","13,30894","52,50012"
2477,191780,11,1,1044101,Rehberge,2019,1,10,2,3,1,5,0,0,1,0,0,0,0,1,"793875,1106","5831584,432","13,33561","52,55482"
2478,191781,11,11,11040925,Victoriastadt,2019,1,18,2,3,2,2,2,0,1,0,0,0,0,1,"803409,1863","5826631,554","13,47129","52,5052"
2479,191782,11,3,3040818,Pankow Süd,2019,1,10,2,3,5,3,0,1,1,0,0,0,0,1,"799663,4472","5832816,884","13,42184","52,56271"
2480,191783,11,8,8010211,Flughafenstraße,2019,1,22,4,3,5,7,2,0,1,0,0,0,1,0,"800353,349","5824231,437","13,42424","52,48538"
2481,191784,11,6,6030504,Teltower Damm,2019,1,10,2,3,0,3,0,1,1,0,0,0,0,2,"788959,044","5816405,45","13,25014","52,42136"
2482,191785,11,6,6010206,Stadtpark,2019,1,18,2,2,6,2,2,0,1,1,0,0,0,1,"794889,244","5819743,808","13,34004","52,44813"
2483,191786,11,5,5030832,Rohrdamm,2019,1,9,2,3,0,5,0,1,1,0,0,0,0,2,"789373,9781","5829812,607","13,26786","52,54134"
2484,191787,11,7,7050501,Rathausstraße,2019,1,9,2,3,2,2,0,0,1,0,0,0,0,1,"798004,1553","5819645,909","13,38565","52,44556"
2485,191788,11,1,1033202,Humboldthain Süd,2019,1,18,2,2,5,3,2,1,1,0,0,0,0,1,"797249,6021","5829764,836","13,38361","52,53667"
2486,191789,11,12,12231102,Frohnau,2019,1,8,2,3,0,1,0,1,0,0,0,0,0,2,"790207,5414","5839954,308","13,289","52,63182"
2487,191790,11,7,7030301,Friedenau,2019,1,13,5,3,1,5,0,1,1,0,0,0,0,0,"794218,2167","5822611,839","13,33272","52,4742"
2488,191791,11,9,9051801,Rahnsdorf/Hessenwinkel,2019,1,9,2,2,0,1,0,1,0,0,0,0,0,2,"821559,4225","5819114,733","13,73056","52,42746"
2489,191792,11,4,4030726,Droysenstraße,2019,1,11,2,3,6,2,0,0,0,1,0,0,1,0,"791966,0908","5825240,11","13,30196","52,49897"
2490,191793,11,1,1022203,Lübecker Straße,2019,1,2,1,3,1,7,2,0,1,0,0,0,0,1,"795287,2543","5828524,422","13,35366","52,52662"
2491,191794,11,1,1011302,Oranienburger Straße,2019,1,11,1,3,6,7,0,0,1,1,0,0,0,1,"798238,4672","5828757,908","13,39724","52,52711"
2492,191795,11,5,5010101,Hakenfelde Nord,2019,1,19,1,3,6,2,2,0,1,1,0,0,0,1,"785231,4157","5831827,237","13,20867","52,56159"
2493,191796,11,5,5030730,Zitadellenweg,2019,1,19,1,3,2,6,2,0,1,0,0,0,0,1,"786362,486","5829159,866","13,22301","52,53708"
2494,191797,11,5,5010314,Carl-Schurz-Straße,2019,1,20,1,3,6,4,2,0,1,1,0,0,0,0,"783947,8378","5829087,194","13,18745","52,53769"
2495,191798,11,8,8010212,Rollberg,2019,1,11,1,3,5,3,0,0,1,0,0,0,0,1,"801236,4954","5823388,131","13,43644","52,47733"
2496,191799,11,4,4030726,Droysenstraße,2019,1,8,1,2,1,1,0,0,1,0,0,0,0,1,"792071,3117","5825297,793","13,30356","52,49943"
2497,191800,11,1,1044201,Reinickendorfer Straße,2019,1,4,1,3,5,3,2,0,1,0,0,0,1,0,"796673,0257","5831931,257","13,37707","52,55641"
2498,191801,11,8,8010301,Reuterkiez,2019,1,18,1,3,2,6,2,0,1,0,0,0,0,1,"801571,2875","5824050,32","13,44196","52,48308"
2499,191802,11,4,4030620,Alt-Lietzow,2019,1,18,1,2,6,2,2,0,1,1,0,0,0,1,"792174,5388","5827292,993","13,30682","52,51726"
2500,191803,11,3,3020307,Buchholz,2019,1,5,5,3,0,6,2,0,1,0,0,0,1,1,"800514,9701","5836163,614","13,4374","52,59224"
2501,191804,11,1,1011102,Großer Tiergarten,2019,1,18,1,3,2,6,2,0,1,0,0,0,0,1,"794993,2272","5827254,821","13,34821","52,5154"
2502,191805,11,7,7050505,Hundsteinweg,2019,1,18,1,2,6,4,2,0,1,1,0,0,0,1,"798886,1499","5819088,283","13,39809","52,44008"
2503,191806,11,5,5010103,Amorbacher Weg,2019,1,17,1,3,5,3,2,0,1,0,0,0,0,1,"785102,5357","5831666,932","13,20664","52,56022"
2504,191807,11,6,6030504,Teltower Damm,2019,1,16,1,3,5,2,2,1,1,0,0,0,0,1,"790624,575","5815222,265","13,27353","52,40987"
2505,191808,11,6,6030608,Schweizer Viertel,2019,1,15,1,3,4,6,0,1,1,0,0,0,0,1,"791301,7079","5817703,782","13,28562","52,43176"
2506,191809,11,12,12214528,Tegeler Forst,2019,1,21,7,3,4,6,2,0,1,0,0,0,0,1,"789937,9016","5836472,864","13,28197","52,60075"
2507,191810,11,4,4051446,Preußenpark,2019,1,22,7,2,6,4,2,0,1,1,0,0,0,1,"792404,0381","5825018,279","13,3082","52,49674"
2508,191811,11,7,7070701,Kettinger Straße/Schillerstraße,2019,1,14,7,2,0,7,0,0,1,0,0,0,0,1,"799159,8603","5814216,478","13,39775","52,39626"
2509,191812,11,11,11010310,Mühlengrund,2019,1,13,7,3,6,4,0,0,0,1,0,0,1,2,"805353,7185","5833248,849","13,50593","52,56342"
2510,191813,11,1,1011305,Heine-Viertel West,2019,1,15,5,3,5,7,0,1,0,0,0,0,1,0,"799069,859","5827094,875","13,40796","52,51175"
2511,191814,11,12,12103117,Letteplatz,2019,1,13,7,3,5,3,0,0,1,0,0,0,0,1,"796271,9056","5832762,798","13,37191","52,56408"
2512,191815,11,8,8020727,Buckow Mitte,2019,1,12,7,3,6,4,0,0,1,1,0,0,0,1,"801604,629","5817441,516","13,43648","52,42383"
2513,191816,11,9,9010202,Köpenicker Landstraße,2019,1,11,7,2,4,6,0,0,1,0,0,0,0,1,"803784,9913","5823282,044","13,47375","52,47497"
2514,191817,11,1,1011302,Oranienburger Straße,2019,1,19,5,3,1,5,2,1,1,0,0,0,0,0,"798948,102","5828428,245","13,40737","52,52377"
2515,191818,11,3,3040818,Pankow Süd,2019,1,11,7,3,5,3,0,0,1,0,0,0,0,1,"799726,0171","5832496,9","13,42248","52,55981"
2516,191819,11,7,7050503,Eisenacher Straße,2019,1,10,7,2,1,5,0,0,1,0,0,0,0,1,"799320,5318","5820527,98","13,40575","52,45275"
2517,191820,11,1,1044201,Reinickendorfer Straße,2019,1,8,7,3,2,6,0,0,1,0,0,0,0,1,"796651,1043","5831920,225","13,37673","52,55632"
2518,191821,11,5,5010208,Germersheimer Platz,2019,1,22,7,3,6,7,2,0,1,1,0,0,0,1,"783704,8897","5830202,999","13,18483","52,54782"
2519,191822,11,2,2040703,Wriezener Bahnhof/Entwicklungsgebiet,2019,1,21,7,3,5,7,2,0,1,0,0,0,0,1,"801349,7813","5826458,746","13,44088","52,50479"
2520,191823,11,4,4030726,Droysenstraße,2019,1,20,7,3,6,7,2,0,1,1,0,0,0,1,"792137,4005","5825322,157","13,30455","52,49961"
2521,191824,11,8,8010117,Schillerpromenade,2019,2,22,6,3,4,5,2,1,0,0,0,0,1,0,"800631,815","5823089,626","13,4273","52,47499"
2522,191825,11,6,6040810,Dahlem,2019,1,20,7,3,6,2,2,0,1,1,0,0,0,1,"790178,1242","5819768,77","13,27093","52,45087"
2523,191826,11,4,4031032,Halensee,2019,1,17,7,3,0,3,1,1,1,0,0,0,0,1,"791056,5208","5824827,522","13,28824","52,49576"
2524,191827,11,3,3010104,Lietzengraben,2019,1,4,7,3,9,1,2,0,1,0,0,0,0,2,"800858,8465","5838764,336","13,44483","52,61536"
2525,191828,11,2,2020202,Rathaus Yorckstraße,2019,1,12,4,3,5,3,0,1,1,0,0,0,0,0,"797550,2237","5825154,341","13,3839","52,49518"
2526,191829,11,9,9010402,Johannisthal Ost,2019,1,18,7,3,6,2,2,0,1,1,0,0,0,1,"805884,2688","5818982,364","13,50063","52,43526"
2527,191830,11,3,3040614,Pankow Zentrum,2019,1,17,7,3,5,3,1,0,1,0,0,0,0,1,"799867,1621","5834294,351","13,42618","52,57584"
2528,191831,11,1,1011204,Leipziger Straße,2019,1,17,7,3,5,2,1,0,1,0,0,0,0,1,"797854,8529","5826860,54","13,3899","52,51031"
2529,191832,11,7,7040403,Manteuffelstraße,2019,1,17,7,2,5,3,1,1,1,0,0,0,0,1,"797090,8214","5822167,274","13,37449","52,46866"
2530,191833,11,6,6020304,Kaiser-Wilhelm-Straße,2019,1,0,7,3,1,5,2,0,0,0,1,1,0,1,"794629,2608","5818129,887","13,3348","52,4338"
2531,191834,11,4,4030931,Breitscheidplatz,2019,1,12,5,3,5,3,0,0,1,0,0,0,0,0,"793998,0148","5826068,087","13,33254","52,5053"
2532,191835,11,9,9041501,Altstadt Kietz,2019,1,17,7,3,6,4,1,0,1,1,0,0,0,1,"811048,6838","5820499,259","13,57777","52,44594"
2533,191836,11,4,4010101,Jungfernheide,2019,1,16,7,3,2,2,1,0,1,0,0,0,0,1,"791297,5801","5830670,852","13,2969","52,54801"
2534,191837,11,10,10010308,Marzahner Chaussee,2019,1,13,5,3,2,6,0,0,1,0,0,0,0,0,"807045,4106","5829121,963","13,52699","52,52548"
2535,191838,11,7,7030301,Friedenau,2019,1,16,7,3,3,6,1,1,0,0,0,0,1,1,"794555,1713","5822540,782","13,3376","52,47338"
2536,191839,11,1,1011103,Lützowstraße,2019,1,18,6,3,2,6,2,0,1,0,0,0,0,1,"795555,3969","5825769,199","13,35515","52,50178"
2537,191840,11,7,7030303,Grazer Platz,2019,1,20,4,3,2,6,2,0,1,0,0,0,0,0,"795385,5662","5820977,943","13,34841","52,45892"
2538,191841,11,8,8010303,Donaustraße,2019,1,22,6,3,5,2,2,1,1,0,0,0,0,1,"801013,7949","5823905,808","13,43364","52,48209"
2539,191842,11,3,3020307,Buchholz,2019,1,21,6,2,0,7,2,0,1,0,0,0,1,0,"800167,5294","5836913,521","13,43297","52,59915"
2540,191843,11,10,10010203,Gewerbegebiet Bitterfelder Straße,2019,1,12,6,3,9,1,0,0,1,0,0,0,0,2,"807677,511","5830789,621","13,53782","52,54007"
2541,191844,11,8,8010117,Schillerpromenade,2019,1,19,6,3,0,5,2,1,1,0,0,0,0,1,"800686,7528","5822950,802","13,42798","52,47371"
2542,191845,11,6,6040809,Thielallee,2019,1,7,6,3,0,1,1,1,0,0,0,0,0,1,"792242,3439","5820561,329","13,30192","52,45688"
2543,191846,11,1,2040701,Andreasviertel,2019,1,7,6,2,5,2,1,1,1,0,0,0,0,1,"800161,8114","5827358,629","13,42424","52,51351"
2544,191847,11,6,6020302,Komponistenviertel Lankwitz,2019,1,6,5,3,2,6,2,0,1,0,0,0,1,0,"794076,031","5818788,917","13,32727","52,44"
2545,191848,11,1,1011102,Großer Tiergarten,2019,1,8,6,3,2,6,0,0,1,0,0,0,0,2,"795191,7185","5827239,765","13,35111","52,51516"
2546,191849,11,1,1011306,Heine-Viertel Ost,2019,1,10,6,3,6,2,0,0,0,1,0,0,1,1,"799663,7495","5827043,318","13,41664","52,51096"
2547,191850,11,4,4020313,Königin-Elisabeth-Straße,2019,1,11,6,3,5,2,0,0,1,0,0,0,1,0,"790209,2888","5826041,022","13,27685","52,50709"
2548,191851,11,7,7040401,Neu-Tempelhof,2019,1,11,6,3,2,7,0,0,1,0,0,0,0,1,"797276,1305","5823682,122","13,37856","52,48214"
2549,191852,11,11,11051229,Rummelsburg,2019,1,13,6,3,6,4,0,0,1,1,0,0,0,1,"803977,9697","5826070,74","13,47913","52,49985"
2550,191853,11,11,11051229,Rummelsburg,2019,1,13,6,2,2,2,0,1,0,0,0,1,0,0,"803345,6762","5826301,38","13,47005","52,50227"
2551,191854,11,9,9041401,Allende I,2019,1,14,6,3,5,3,0,0,1,0,0,0,0,0,"811576,9799","5820376,777","13,5854","52,44454"
2552,191855,11,12,12301204,Wittenau Nord,2019,1,6,6,3,5,2,1,0,1,0,0,0,0,1,"792827,961","5836797,167","13,32481","52,60211"
2553,191856,11,2,2050801,Traveplatz,2019,1,18,6,3,5,2,2,0,1,0,1,0,0,1,"803398,2589","5826865,207","13,47134","52,5073"
2554,191857,11,9,9051702,Bölschestraße,2019,1,10,6,3,0,7,0,0,1,0,0,0,0,1,"815143,0261","5821059,387","13,63834","52,44862"
2555,191858,11,8,8030831,Gropiusstadt Ost,2019,1,18,6,2,6,4,2,0,1,1,0,0,0,1,"803739,373","5817990,696","13,46827","52,42757"
2556,191859,11,9,9020701,Adlershof West,2019,1,17,6,3,5,2,2,0,1,0,0,0,0,1,"808089,6915","5818627,215","13,53264","52,43084"
2557,191860,11,7,7040405,Rathaus Tempelhof,2019,1,18,5,3,6,2,2,0,1,1,0,0,0,0,"798445,7357","5821049,159","13,39338","52,4579"
2558,191861,11,4,4051448,Schaperstraße,2019,1,16,6,3,5,3,1,0,1,0,0,0,0,0,"793965,7875","5824960,752","13,33109","52,49539"
2559,191862,11,4,4030828,Savignyplatz,2019,1,19,5,3,3,6,2,1,1,0,0,0,0,0,"793253,6136","5826186,529","13,32171","52,50676"
2560,191863,11,11,11030619,Fennpfuhl Ost,2019,1,18,5,3,2,6,2,0,1,0,0,0,0,0,"804146,289","5829813,659","13,48502","52,53331"
2561,191864,11,8,8020619,Buschkrugallee Nord,2019,1,17,5,2,5,3,2,0,1,0,0,0,1,0,"801616,6078","5821693,636","13,44049","52,46193"
2562,191865,11,6,6040703,Nikolassee,2019,1,16,5,3,5,3,2,1,1,0,0,0,0,0,"785322,4398","5817729,986","13,19794","52,43515"
2563,191866,11,10,10010102,Havemannstraße,2019,1,15,5,2,6,4,0,0,1,1,0,0,0,0,"810137,0137","5833918,832","13,5769","52,56672"
2564,191867,11,6,6040701,Wannsee,2019,2,15,6,3,5,3,0,0,1,0,0,0,0,0,"781877,5118","5813349,348","13,14371","52,39765"
2565,191868,11,10,10010204,Wuhletalstraße,2019,1,15,5,3,5,3,0,0,1,0,0,1,0,0,"808889,9656","5833395,236","13,55807","52,56274"
2566,191869,11,8,8010118,Silbersteinstraße,2019,1,14,5,3,6,7,0,1,0,1,0,0,0,0,"801181,7254","5821806,219","13,43421","52,46318"
2567,191870,11,9,9020701,Adlershof West,2019,1,9,5,3,6,4,0,0,1,1,0,0,0,0,"808338,7579","5819178,825","13,5368","52,43564"
2568,191871,11,9,9030901,Dorf Altglienicke,2019,1,7,5,3,1,5,0,0,1,0,0,0,0,0,"808370,128","5816940,436","13,5352","52,41556"
2569,191872,11,7,7020204,Schöneberger Insel,2019,1,12,4,3,2,6,0,0,1,0,0,0,0,0,"796601,2784","5823946,242","13,36889","52,48487"
2570,191873,11,5,5020522,Pillnitzer Weg,2019,1,15,4,2,6,4,0,0,1,1,0,0,0,0,"782033,3748","5827359,776","13,15783","52,5232"
2571,191874,11,8,8041037,Alt-Rudow,2019,1,16,4,3,5,2,2,0,1,0,0,0,0,0,"805548,3298","5818553,236","13,49531","52,4316"
2572,191875,11,9,9010101,Elsenstraße,2019,1,17,5,3,2,2,1,0,1,0,0,0,0,0,"802351,5107","5824749,136","13,45404","52,48891"
2573,191876,11,1,1011203,Unter den Linden Süd,2019,1,15,4,3,5,2,0,1,1,0,0,0,0,0,"797623,8441","5827017,473","13,38665","52,51184"
2574,191877,11,7,7010104,Dennewitzplatz,2019,1,15,4,3,2,6,0,0,0,0,1,0,0,0,"796334,468","5825111,897","13,36601","52,49546"
2575,191878,11,3,3050925,Komponistenviertel Weißensee,2019,1,15,4,3,1,5,0,1,1,0,0,0,0,0,"802687,7117","5831395,923","13,46503","52,5483"
2576,191879,11,3,3061126,Arnimplatz,2019,1,14,4,3,1,5,0,0,1,0,0,0,0,0,"798667,2163","5831768,213","13,40625","52,55386"
2577,191880,11,4,4030726,Droysenstraße,2019,1,12,4,2,5,2,0,0,1,0,1,0,0,0,"791577,6258","5825525,58","13,2965","52,50173"
2578,191881,11,3,3030716,Märchenland,2019,1,7,5,3,2,6,0,0,1,0,0,0,0,0,"802865,2545","5833539,449","13,46959","52,56741"
2579,191882,11,9,9010401,Johannisthal West,2019,1,6,4,3,2,6,2,0,1,0,0,0,0,1,"805742,4277","5820365,49","13,49981","52,44774"
2580,191883,11,9,9010401,Johannisthal West,2019,1,6,4,3,0,6,2,0,1,0,0,0,1,0,"806348,2068","5821000,52","13,50928","52,45309"
2581,191884,11,2,2040701,Andreasviertel,2019,1,22,4,3,5,3,2,0,1,0,0,0,0,0,"800307,6524","5827626,121","13,42663","52,51583"
2582,191885,11,3,3020307,Buchholz,2019,1,7,4,3,6,4,0,0,1,1,0,0,0,0,"799534,1922","5837801,758","13,42445","52,60746"
2583,191886,11,4,4051448,Schaperstraße,2019,1,7,4,3,3,6,0,1,1,0,0,0,0,0,"793935,143","5825147,122","13,3308","52,49708"
2584,191887,11,1,1011301,Charitéviertel,2019,1,8,4,3,2,6,0,1,1,0,0,0,0,1,"796949,3682","5829436,585","13,3789","52,5339"
2585,191888,11,9,9010301,Baumschulenstraße,2019,1,17,4,3,5,2,2,1,1,0,0,0,0,0,"805008,5271","5822690,938","13,49117","52,46899"
2586,191889,11,4,4030415,Schloßgarten,2019,1,8,4,3,2,6,0,0,1,0,0,0,0,0,"791618,314","5827511,634","13,29884","52,51952"
2587,191890,11,4,4030519,Kaiserin-Augusta-Allee,2019,1,8,4,3,5,2,0,1,1,0,0,0,0,0,"792596,0674","5828268,647","13,31388","52,52578"
2588,191891,11,5,5010208,Germersheimer Platz,2019,1,9,4,3,6,2,0,0,1,1,0,0,0,0,"783828,6377","5830130,656","13,18659","52,54711"
2589,191892,11,7,7070701,Kettinger Straße/Schillerstraße,2019,1,11,4,2,6,2,0,0,1,1,0,0,0,0,"798696,2745","5816020,906","13,39257","52,41269"
2590,191893,11,12,12302108,Märkisches Zentrum,2019,1,6,4,3,2,6,2,0,1,0,0,0,0,0,"794631,0586","5836292,83","13,35091","52,59662"
2591,191894,11,8,8010301,Reuterkiez,2019,1,9,5,3,0,3,0,0,1,0,1,0,0,0,"801715,4663","5824253,362","13,44426","52,48482"
2592,191895,11,6,6030610,Lichterfelde West,2019,1,19,4,2,5,3,2,0,1,0,0,0,0,2,"791684,9672","5818800,308","13,2922","52,44139"
2593,191896,11,2,2020204,Urbanstraße,2019,1,18,4,3,5,2,2,1,1,0,0,0,0,0,"798489,3602","5825229,342","13,39776","52,49534"
2594,191897,11,4,4030623,Ernst-Reuter-Platz,2019,1,14,4,3,6,4,0,1,0,1,0,0,0,0,"793339,5256","5826672,701","13,3234","52,51107"
2595,191898,11,4,4051550,Leon-Jessel-Platz,2019,1,12,4,3,6,4,0,0,1,1,0,0,0,0,"793229,1012","5823990,763","13,31941","52,48709"
2596,191899,11,8,8010301,Reuterkiez,2019,1,18,4,3,2,6,2,0,1,0,0,0,0,0,"800904,3416","5824271,697","13,43236","52,48543"
2597,191900,11,6,6010209,Feuerbachstraße,2019,1,18,4,3,5,3,2,1,1,0,0,0,0,0,"794486,9374","5821598,398","13,33577","52,46497"
2598,191901,11,3,3040818,Pankow Süd,2019,1,12,4,2,5,3,0,1,1,0,0,0,0,0,"799664,4076","5832817,111","13,42186","52,56271"
2599,191902,11,2,2020206,Graefekiez,2019,1,4,4,2,8,1,2,0,1,0,0,0,0,0,"799457,919","5824933,364","13,41172","52,49216"
2600,191903,11,4,4030931,Breitscheidplatz,2019,1,17,4,3,6,4,2,1,0,1,0,0,0,0,"793847,1224","5825873,673","13,33015","52,50364"
2601,191904,11,7,7040405,Rathaus Tempelhof,2019,1,17,4,3,5,2,2,1,1,0,0,0,0,0,"797945,3969","5822209,957","13,38708","52,46857"
2602,191905,11,2,2040503,Richard-Sorge-Viertel,2019,1,17,4,3,2,6,2,0,1,0,0,0,0,0,"801389,2705","5828723,685","13,44351","52,52507"
2603,191906,11,2,2030302,Lausitzer Platz,2019,1,13,4,3,1,5,0,1,0,0,0,0,1,0,"800297,0314","5825830,517","13,42485","52,49974"
2604,191907,11,6,6020409,Königsberger Straße,2019,1,13,5,3,5,2,0,1,1,0,0,0,0,0,"794140,6087","5817715,924","13,32727","52,43035"
2605,191908,11,8,8020622,Parchimer Allee,2019,1,7,3,3,2,6,0,0,1,0,0,0,0,0,"801254,5084","5819762,051","13,43343","52,44482"
2606,191909,11,3,3061126,Arnimplatz,2019,1,10,3,2,5,7,0,0,1,0,0,0,1,0,"798662,6622","5831707,276","13,40613","52,55331"
2607,191910,11,1,1033201,Brunnenstraße,2019,1,16,3,3,6,4,0,1,0,1,0,0,0,0,"798172,9525","5830043,176","13,39743","52,53867"
2608,191911,11,4,4030623,Ernst-Reuter-Platz,2019,1,13,4,2,5,3,0,1,1,0,0,0,0,0,"792916,931","5826772,084","13,31727","52,51219"
2609,191912,11,11,11020515,Landsberger Allee,2019,1,14,3,3,5,3,0,0,1,0,0,0,0,0,"805124,0264","5830057,489","13,49962","52,53495"
2610,191913,11,3,3061429,Greifswalder Straße,2019,1,14,3,3,5,2,0,1,1,0,0,0,0,0,"801080,0921","5830449,654","13,44053","52,54071"
2611,191914,11,6,6040810,Dahlem,2019,1,13,3,3,2,2,0,0,1,0,0,1,0,0,"790562,6231","5821486,562","13,27807","52,46607"
2612,191915,11,6,6010208,Bergstraße,2019,1,13,3,3,2,2,0,1,1,0,0,0,0,0,"794120,9734","5820820,925","13,32971","52,4582"
2613,191916,11,8,8020621,Mohriner Allee Nord,2019,1,13,3,3,4,6,0,0,1,0,0,0,0,0,"800580,8856","5819341,581","13,42317","52,44142"
2614,191917,11,10,10040933,Mahlsdorf Süd,2019,1,12,3,3,5,2,0,0,1,0,0,0,1,0,"812385,1224","5824270,491","13,60089","52,47898"
2615,191918,11,12,12302110,Dannenwalder Weg,2019,1,18,5,2,6,2,2,0,1,1,0,0,0,0,"794420,6232","5836238,438","13,34776","52,59624"
2616,191919,11,3,3040512,Wilhelmsruh,2019,1,12,3,2,5,3,0,1,1,0,0,0,0,0,"795623,3456","5834694,987","13,36409","52,58175"
2617,191920,11,8,8020619,Buschkrugallee Nord,2019,1,12,3,3,6,7,0,0,1,1,0,0,0,0,"801969,8258","5820748,291","13,44482","52,45326"
2618,191921,11,8,8041036,Zittauer Straße,2019,1,18,3,3,6,4,1,0,1,1,0,0,0,0,"805274,3531","5816503,631","13,48942","52,41339"
2619,191922,11,8,8010405,Hertzbergplatz,2019,1,10,3,3,5,3,0,0,1,0,0,0,1,0,"802266,2523","5823530,721","13,45169","52,47804"
2620,191923,11,8,8030829,Gropiusstadt Nord,2019,1,18,5,2,6,2,1,0,1,1,0,0,0,0,"803146,5604","5818457,92","13,46","52,43208"
2621,191924,11,11,11030720,Herzbergstraße,2019,1,9,3,3,2,6,0,0,1,0,0,0,1,0,"805195,7048","5829051,481","13,49975","52,52589"
2622,191925,11,4,4030930,George-Grosz-Platz,2019,1,9,3,2,3,3,0,0,1,0,0,0,1,0,"792845,1175","5825520,588","13,31512","52,50101"
2623,191926,11,3,3071537,Kollwitzplatz,2019,1,22,3,2,5,2,2,1,1,0,0,0,0,0,"799688,2438","5829250,284","13,41899","52,53073"
2624,191927,11,4,4020310,Park Ruhwald,2019,1,20,3,3,5,2,2,0,1,0,0,0,0,0,"790559,054","5827352,592","13,28314","52,51866"
2625,191928,11,12,12214527,Alt-Tegel,2019,1,19,3,3,6,7,2,0,1,1,0,0,0,0,"790201,639","5835145,095","13,28469","52,58871"
2626,191929,11,6,6040810,Dahlem,2019,1,8,3,3,2,2,0,1,1,0,0,0,0,0,"790139,0618","5819770,878","13,27036","52,45091"
2627,191930,11,2,2010104,Wassertorplatz,2019,1,18,3,3,6,4,1,1,0,1,0,0,0,0,"799047,6008","5825596,119","13,40629","52,49832"
2628,191931,11,10,10010310,Alt-Marzahn,2019,1,20,2,3,2,6,2,0,1,0,0,0,0,1,"807823,2782","5830742,878","13,53992","52,53957"
2629,191932,11,10,10020413,Gut Hellersdorf,2019,1,16,5,3,6,4,0,0,1,1,0,0,0,0,"811119,601","5830922,521","13,58854","52,53931"
2630,191933,11,9,9010301,Baumschulenstraße,2019,1,19,2,3,5,3,2,0,1,0,0,0,0,0,"804871,0547","5822461,085","13,48895","52,467"
2631,191934,11,1,1044202,Sparrplatz,2019,1,18,2,3,2,6,2,0,1,0,0,0,0,0,"795552,4438","5830734,915","13,35952","52,54629"
2632,191935,11,4,4030620,Alt-Lietzow,2019,1,17,2,2,6,2,2,0,1,1,0,0,0,0,"792176,1988","5827292,248","13,30685","52,51725"
2633,191936,11,11,11041023,Gensinger Straße,2019,1,17,2,2,6,4,2,0,1,1,0,0,0,0,"807525,8961","5827591,975","13,53264","52,5115"
2634,191937,11,9,9020501,Oberschöneweide West,2019,1,17,2,3,2,6,2,0,1,0,0,0,0,1,"806027,178","5823050,904","13,50645","52,47164"
2635,191938,11,4,4031032,Halensee,2019,1,14,2,3,2,3,0,0,1,0,0,0,0,0,"791624,937","5824503,987","13,2963","52,49255"
2636,191939,11,7,7040403,Manteuffelstraße,2019,1,7,2,3,2,6,0,0,1,0,0,0,0,1,"797248,8551","5820826,636","13,37562","52,45655"
2637,191940,11,7,7040406,Germaniagarten,2019,1,7,2,3,5,2,0,1,1,0,0,0,0,0,"799964,7278","5821327,082","13,41592","52,45956"
2638,191941,11,3,3040512,Wilhelmsruh,2019,1,7,2,3,3,6,2,0,1,0,0,1,0,0,"796786,7517","5835811,529","13,38221","52,59113"
2639,191942,11,12,12302110,Dannenwalder Weg,2019,2,12,6,3,5,2,0,1,0,0,0,1,0,0,"795278,0396","5836373,535","13,36051","52,59699"
2640,191943,11,6,6040804,Krumme Lanke,2019,1,6,2,3,6,2,2,0,1,1,0,0,0,1,"787643,5067","5818140,343","13,23234","52,43761"
2641,191944,11,9,9030901,Dorf Altglienicke,2019,1,5,2,3,5,2,2,0,1,0,0,0,0,0,"807683,0988","5817730,715","13,52585","52,42303"
2642,191945,11,8,8020728,Buckow Ost,2019,1,17,2,3,2,2,1,0,1,0,1,0,0,0,"802329,6004","5816798,02","13,44652","52,41766"
2643,191946,11,1,1011401,Invalidenstraße,2019,1,13,4,3,6,4,0,0,0,1,0,0,1,0,"798321,9847","5829380,233","13,39903","52,53264"
2644,191947,11,9,9052001,Köpenick Nord,2019,1,17,2,2,6,2,1,0,1,1,0,0,0,0,"810361,9869","5823543,278","13,57052","52,47361"
2645,191948,11,7,7020204,Schöneberger Insel,2019,1,15,2,3,6,4,0,1,0,1,0,0,0,0,"796338,0338","5823954,737","13,36503","52,48509"
2646,191949,11,10,10040829,Alt-Kaulsdorf,2019,1,15,2,3,2,2,0,0,1,0,0,0,0,0,"812265,8877","5827761,993","13,60242","52,51033"
2647,191950,11,4,4020313,Königin-Elisabeth-Straße,2019,1,13,2,3,2,2,0,0,1,0,0,0,0,0,"790292,053","5826036,09","13,27806","52,507"
2648,191951,11,8,8020622,Parchimer Allee,2019,1,13,2,3,0,3,0,0,1,0,0,0,1,0,"802722,4055","5819458,555","13,45469","52,44129"
2649,191952,11,2,2030301,Oranienplatz,2019,1,9,5,3,3,6,0,0,1,0,0,0,1,0,"800127,2833","5825757,633","13,42229","52,49918"
2650,191953,11,2,2020206,Graefekiez,2019,1,12,2,3,6,7,0,0,1,1,0,0,0,0,"800189,9192","5824401,843","13,42199","52,48699"