,id,city,district,lor,street,year,month,hour,weekday,category,collision,movement,light_conditions,bicycle,car,pedestrian,motorbike,truck,other_vehicle,road_conditions,LINREFX,LINREFY,XGCSWGS84,YGCSWGS84
3005,192308,11,4,4051550,Leon-Jessel-Platz,2019,2,8,7,3,1,5,0,1,1,0,0,0,0,0,"793208,3652","5824022,875","13,31914","52,48739"
3006,192309,11,6,6030607,Goerzwerke,2019,2,20,4,3,1,5,2,0,1,0,0,0,0,0,"791585,8215","5816212,847","13,28849","52,41824"
3007,192310,11,5,5010101,Hakenfelde Nord,2019,2,13,7,3,0,7,0,0,1,0,0,0,0,0,"784449,1502","5832411,707","13,19767","52,56724"
3008,192311,11,4,4030725,Amtsgerichtsplatz,2019,2,20,4,3,5,3,2,1,1,0,0,0,0,0,"791802,0499","5826224,883","13,30041","52,50788"
3009,192312,11,3,3071537,Kollwitzplatz,2019,2,12,7,3,2,6,0,0,1,0,0,0,0,0,"799800,784","5829552,663","13,42092","52,53338"
3010,192313,11,7,7050505,Hundsteinweg,2019,2,12,7,2,6,4,0,0,1,1,0,0,0,0,"799270,2078","5819056,232","13,40369","52,43958"
3011,192314,11,11,11010310,Mühlengrund,2019,2,12,7,3,6,4,0,1,0,1,0,0,0,0,"805279,8212","5833243,439","13,50484","52,56341"
3012,192315,11,4,4041136,Hagenplatz,2019,2,19,4,3,3,6,2,0,1,0,0,0,0,0,"790705,325","5822726,526","13,28125","52,47711"
3013,192316,11,4,4030725,Amtsgerichtsplatz,2019,2,11,7,3,0,1,0,0,0,0,1,0,0,0,"791925,5389","5826104,735","13,30212","52,50674"
3014,192317,11,9,9010301,Baumschulenstraße,2019,2,11,7,3,5,2,0,1,1,0,0,0,0,0,"805012,4605","5822697,024","13,49124","52,46904"
3015,192318,11,4,4020314,Messegelände,2019,2,11,7,3,5,2,0,1,1,0,0,0,0,0,"790025,389","5825236,385","13,27345","52,49997"
3016,192319,11,12,12214527,Alt-Tegel,2019,2,19,4,2,6,4,2,0,1,1,0,0,0,0,"789989,7629","5835723,329","13,28208","52,594"
3017,192320,11,10,10010308,Marzahner Chaussee,2019,2,10,7,3,2,6,0,0,1,0,0,0,0,0,"806488,4565","5829476,172","13,51913","52,52897"
3018,192321,11,2,2030302,Lausitzer Platz,2019,2,1,7,3,1,5,2,1,1,0,0,0,0,0,"800771,8637","5826179,869","13,43214","52,50261"
3019,192322,11,1,1011201,Wilhelmstraße,2019,2,19,4,3,5,2,2,1,0,0,0,0,1,0,"797575,1544","5826531,775","13,3855","52,50752"
3020,192323,11,9,9010101,Elsenstraße,2019,2,3,7,2,5,3,2,0,1,0,0,0,0,0,"802327,3725","5825309,699","13,4542","52,49395"
3021,192324,11,5,5010313,Ackerstraße,2019,2,9,7,3,5,2,0,0,1,0,0,0,0,0,"784358,9034","5830001,294","13,19427","52,54567"
3022,192325,11,12,12302109,Treuenbrietzener Straße,2019,2,10,7,3,6,7,0,0,1,1,0,0,0,0,"795476,7293","5836835,832","13,36384","52,60102"
3023,192326,11,8,8040933,Vogelviertel Süd,2019,2,19,4,3,6,2,2,0,1,1,0,0,0,0,"803211,5228","5818470,739","13,46097","52,43216"
3024,192327,11,1,1022104,Emdener Straße,2019,2,10,7,3,2,6,0,0,1,0,0,0,0,0,"794326,216","5828450,461","13,33947","52,52648"
3025,192328,11,11,11040925,Victoriastadt,2019,2,19,5,2,0,1,2,1,0,0,0,0,0,0,"803470,5022","5826533,652","13,4721","52,50429"
3026,192329,11,1,1011303,Alexanderplatzviertel,2019,2,19,7,3,2,6,2,0,1,0,0,0,0,0,"799530,0633","5828814,673","13,41627","52,52691"
3027,192330,11,12,12304313,Borsigwalde,2019,2,17,7,3,5,3,1,0,1,0,0,0,1,0,"791932,6746","5834136,109","13,30929","52,57874"
3028,192331,11,4,4030827,Karl-August-Platz,2019,2,18,4,3,1,5,1,1,1,0,0,0,0,0,"792610,8122","5826113,386","13,3122","52,50645"
3029,192332,11,1,1011301,Charitéviertel,2019,2,10,5,3,1,5,0,1,1,0,0,0,0,0,"797086,9012","5828187,321","13,37981","52,52262"
3030,192333,11,3,3061228,Erich-Weinert-Straße,2019,2,17,7,3,2,6,2,0,1,0,0,0,0,0,"800374,4999","5831549,874","13,43116","52,55096"
3031,192334,11,1,1011301,Charitéviertel,2019,2,16,7,3,5,3,0,1,1,0,0,0,0,0,"796679,9247","5828759,818","13,37434","52,52798"
3032,192335,11,7,7060603,Marienfelde Nordost,2019,2,18,4,3,5,3,2,0,1,0,0,0,0,0,"798131,0863","5816687,783","13,38487","52,41897"
3033,192336,11,3,3050925,Komponistenviertel Weißensee,2019,2,15,7,3,5,3,0,0,1,0,0,0,0,0,"802542,7867","5831446,868","13,46294","52,54884"
3034,192337,11,1,1011303,Alexanderplatzviertel,2019,2,13,7,3,6,7,0,0,1,1,0,0,0,0,"799348,8505","5828110,555","13,41298","52,5207"
3035,192338,11,3,3071537,Kollwitzplatz,2019,2,17,4,3,2,7,1,1,1,0,0,0,0,0,"799375,2612","5829512,726","13,41463","52,53325"
3036,192339,11,12,12103115,Breitkopfbecken,2019,2,13,7,2,6,7,0,0,0,1,0,0,1,0,"795953,6469","5833850,933","13,3682","52,57401"
3037,192340,11,4,4051446,Preußenpark,2019,2,9,6,3,0,5,0,0,1,0,1,0,0,0,"792439,1893","5824962,534","13,30867","52,49623"
3038,192341,11,3,3061441,Eldenaer Straße,2019,2,18,4,3,5,3,1,1,0,0,0,0,0,0,"802809,2767","5828610,776","13,46428","52,52327"
3039,192342,11,6,6020408,Lichterfelde Süd,2019,2,18,6,3,3,2,2,1,1,0,0,0,0,1,"792814,3417","5816211,41","13,3065","52,41757"
3040,192343,11,3,3061126,Arnimplatz,2019,2,13,4,3,5,2,0,1,1,0,0,0,0,0,"799241,889","5831771,604","13,4147","52,55357"
3041,192344,11,6,6010208,Bergstraße,2019,2,14,6,3,2,6,0,0,1,0,0,0,0,0,"794320,591","5820488,998","13,33235","52,45511"
3042,192345,11,6,6030502,Zehlendorf Süd,2019,2,8,6,3,2,6,0,0,1,0,0,0,1,0,"790288,472","5814825,282","13,26826","52,40649"
3043,192346,11,4,4051549,Rathaus Wilmersdorf,2019,2,17,4,3,5,2,0,1,1,0,0,0,0,0,"793300,7336","5823601,729","13,32012","52,48356"
3044,192347,11,4,4031032,Halensee,2019,2,21,6,3,5,2,2,1,1,0,0,0,0,0,"791015,0738","5824859,226","13,28766","52,49606"
3045,192348,11,11,11010309,Zingster Straße West,2019,2,13,6,3,6,4,0,0,1,1,0,0,0,0,"804458,3787","5833718,008","13,49319","52,56813"
3046,192349,11,1,1044202,Sparrplatz,2019,2,12,6,3,5,2,0,1,0,0,0,1,0,0,"794609,9111","5829869,148","13,34489","52,53904"
3047,192350,11,1,1033102,Gesundbrunnen,2019,2,16,4,3,2,6,1,0,1,0,0,0,1,0,"797892,3584","5831860,907","13,39494","52,55511"
3048,192351,11,2,2040502,Friedenstraße,2019,2,13,6,3,6,2,0,0,1,1,0,0,0,0,"800733,7418","5828103,081","13,43332","52,51987"
3049,192352,11,5,5010314,Carl-Schurz-Straße,2019,2,13,6,3,6,4,0,0,1,1,0,0,0,0,"784738,5872","5828820,988","13,19885","52,53489"
3050,192353,11,1,1044201,Reinickendorfer Straße,2019,2,14,6,3,2,2,0,1,1,0,0,0,0,0,"796438,0222","5831976,239","13,37365","52,55694"
3051,192354,11,6,6030501,Berlepschstraße,2019,2,17,4,3,2,6,2,1,1,0,0,0,0,0,"787560,5137","5816401,839","13,22963","52,42207"
3052,192355,11,3,3071537,Kollwitzplatz,2019,2,13,6,3,0,3,0,1,0,0,1,0,0,0,"799347,7782","5829466,363","13,41418","52,53285"
3053,192356,11,3,3010101,Bucher Forst,2019,2,14,6,3,2,6,0,0,1,0,0,0,0,0,"802964,435","5841989,287","13,47879","52,64309"
3054,192357,11,2,2040502,Friedenstraße,2019,2,14,6,3,1,5,0,1,1,0,0,0,0,0,"800728,6578","5828014,004","13,43316","52,51907"
3055,192358,11,8,8020727,Buckow Mitte,2019,2,16,4,3,1,5,0,0,1,0,0,0,0,0,"800849,8796","5816984,877","13,425","52,42015"
3056,192359,11,9,9020501,Oberschöneweide West,2019,2,14,6,3,6,4,0,0,1,1,0,0,0,0,"806440,5494","5822605,249","13,51211","52,46742"
3057,192360,11,9,9020701,Adlershof West,2019,2,10,4,3,2,6,0,0,1,0,0,0,0,0,"807850,1717","5818113,884","13,52866","52,42637"
3058,192361,11,2,2040502,Friedenstraße,2019,2,7,6,3,6,7,0,0,1,1,0,0,0,0,"801205,6662","5828639,855","13,44074","52,52442"
3059,192362,11,2,2040703,Wriezener Bahnhof/Entwicklungsgebiet,2019,2,15,6,3,5,3,0,1,1,0,0,0,0,0,"801133,8827","5827231,312","13,43841","52,51183"
3060,192363,11,1,1033202,Humboldthain Süd,2019,2,15,4,3,5,3,0,0,1,0,0,0,0,0,"797709,9351","5830185,727","13,39075","52,5402"
3061,192364,11,2,2020205,Chamissokiez,2019,2,12,6,3,5,7,0,1,1,0,0,0,0,0,"799190,4857","5824229,189","13,40716","52,48599"
3062,192365,11,7,7030301,Friedenau,2019,2,5,6,3,0,5,2,0,0,0,0,0,1,0,"793955,9366","5821925,13","13,32827","52,46818"
3063,192366,11,1,1011204,Leipziger Straße,2019,2,16,6,3,5,3,0,0,1,0,0,0,0,0,"798610,6365","5826916,806","13,40106","52,5104"
3064,192367,11,4,4030930,George-Grosz-Platz,2019,2,15,4,3,1,5,0,1,1,0,0,0,0,0,"792903,6719","5825521,565","13,31598","52,50099"
3065,192368,11,2,2030401,Reichenberger Straße,2019,2,11,6,3,5,5,0,0,1,0,1,0,0,0,"800560,5567","5825711,508","13,42862","52,49853"
3066,192369,11,2,2040703,Wriezener Bahnhof/Entwicklungsgebiet,2019,2,16,6,3,1,5,0,1,1,0,0,0,1,0,"801405,8562","5826415,337","13,44167","52,50437"
3067,192370,11,3,3050919,Gustav-Adolf-Straße,2019,2,11,6,3,5,2,0,0,0,0,1,1,0,1,"801348,4282","5832471,114","13,44631","52,55868"
3068,192371,11,11,11020411,Malchower Weg,2019,2,16,6,3,2,7,0,0,1,0,0,0,0,0,"805813,942","5832289,712","13,51181","52,55457"
3069,192372,11,8,8041037,Alt-Rudow,2019,2,15,4,2,6,4,0,0,1,1,0,0,0,0,"805563,5175","5817122,234","13,49423","52,41877"
3070,192373,11,4,4030518,Tegeler Weg,2019,2,11,6,3,2,6,0,0,0,0,0,1,1,0,"791654,1035","5827913,748","13,29972","52,5231"
3071,192374,11,4,4051446,Preußenpark,2019,2,10,6,3,5,3,0,0,1,0,0,0,0,0,"792609,9731","5824956,268","13,31117","52,49608"
3072,192375,11,1,1011302,Oranienburger Straße,2019,2,18,6,3,1,5,1,1,1,0,0,0,0,0,"798480,2995","5828386,55","13,40046","52,52365"
3073,192376,11,5,5020625,Borkumer Straße,2019,2,7,4,3,0,2,0,1,1,0,0,0,0,0,"784509,2249","5828605,99","13,19529","52,53309"
3074,192377,11,3,3061131,Falkplatz,2019,2,14,6,3,5,2,0,1,1,0,0,0,0,0,"799177,295","5831110,598","13,41316","52,54768"
3075,192378,11,3,3061131,Falkplatz,2019,2,19,6,3,2,6,2,0,1,0,1,0,0,0,"798689,1868","5830905,619","13,40579","52,54611"
3076,192379,11,4,4030726,Droysenstraße,2019,2,5,4,3,6,4,2,0,1,1,0,0,0,0,"792046,0916","5825849,916","13,30367","52,50439"
3077,192380,11,11,11030721,Rüdigerstraße,2019,2,10,6,3,5,2,0,1,1,0,0,0,0,0,"803887,4877","5827939,284","13,47951","52,51665"
3078,192381,11,4,4051447,Ludwigkirchplatz,2019,2,19,6,3,6,7,2,0,1,1,0,0,0,0,"793124,0917","5825215,575","13,31895","52,49813"
3079,192382,11,2,2050801,Traveplatz,2019,2,20,6,3,5,3,2,1,1,0,0,0,0,0,"802859,1831","5827477,993","13,46398","52,51309"
3080,192383,11,5,5010314,Carl-Schurz-Straße,2019,2,7,3,3,2,6,0,0,1,0,0,0,0,0,"785089,0971","5828965,438","13,20412","52,53601"
3081,192384,11,7,7070704,Nahariyastraße,2019,2,20,6,3,6,4,2,1,0,1,0,0,0,0,"800200,7118","5813333,434","13,41221","52,38777"
3082,192385,11,4,4051445,Eisenzahnstraße,2019,2,21,6,3,5,2,2,0,1,0,0,0,0,0,"792442,0155","5824101,776","13,30795","52,48851"
3083,192386,11,10,10040931,Mahlsdorf Nord,2019,2,11,6,2,5,3,0,1,1,0,0,0,0,0,"813309,0097","5828734,39","13,61865","52,51845"
3084,192387,11,5,5010312,Kurstraße,2019,2,13,3,3,5,3,0,0,1,0,0,0,0,0,"784898,2895","5830497,355","13,20263","52,54984"
3085,192388,11,1,1044202,Sparrplatz,2019,2,9,6,3,2,6,0,0,1,0,0,0,1,0,"795516,0151","5830722,595","13,35897","52,5462"
3086,192389,11,8,8020727,Buckow Mitte,2019,2,14,6,3,5,2,0,0,1,0,0,0,1,0,"800603,2608","5816867,031","13,42128","52,41923"
3087,192390,11,10,10010206,Ringkolonnaden,2019,2,7,3,3,5,3,0,0,1,0,0,0,1,0,"809975,3127","5832061,819","13,57278","52,55017"
3088,192391,11,12,12214125,Waldidyll/Flughafensee,2019,2,16,6,2,3,6,0,1,1,0,0,0,0,0,"788713,5851","5833359,048","13,26123","52,57349"
3089,192392,11,6,6020301,Alt-Lankwitz,2019,2,20,6,3,0,1,2,0,0,0,1,0,0,0,"796243,1388","5818611,039","13,3589","52,43724"
3090,192393,11,9,9051901,Dammvorstadt,2019,2,16,6,2,0,1,0,0,0,0,1,0,0,0,"811614,2722","5821150,041","13,58667","52,45145"
3091,192394,11,12,12214125,Waldidyll/Flughafensee,2019,2,12,3,3,6,4,0,0,1,1,0,0,0,0,"791066,0399","5831166,862","13,29393","52,55258"
3092,192395,11,7,7020201,Bayerischer Platz,2019,2,16,5,3,3,6,0,0,1,0,0,0,0,0,"794956,8088","5824448,003","13,34519","52,49026"
3093,192396,11,7,7040404,Marienhöhe,2019,2,15,5,3,5,2,0,0,1,0,0,0,1,0,"796384,2203","5819736,513","13,36197","52,44725"
3094,192397,11,7,7020201,Bayerischer Platz,2019,2,18,5,2,6,2,2,0,1,1,0,0,0,1,"794931,7147","5824662,007","13,34501","52,49219"
3095,192398,11,7,7070703,John-Locke-Straße,2019,2,15,3,3,5,3,0,0,1,0,0,0,0,0,"799476,6099","5813653,464","13,40189","52,39104"
3096,192399,11,8,8010405,Hertzbergplatz,2019,2,16,5,3,1,5,0,0,1,0,0,0,0,1,"802028,9323","5823591,062","13,44826","52,47871"
3097,192400,11,8,8010301,Reuterkiez,2019,2,20,5,3,6,2,2,0,1,1,0,0,0,0,"801300,8819","5824010,038","13,43795","52,48287"
3098,192401,11,7,7030301,Friedenau,2019,2,11,5,3,2,6,0,0,1,0,0,0,0,1,"793967,676","5821530,288","13,32809","52,46464"
3099,192402,11,4,4041241,Breite Straße,2019,2,21,5,3,6,2,2,0,1,1,0,0,0,1,"791348,8998","5822564,516","13,29055","52,47531"
3100,192403,11,10,10040933,Mahlsdorf Süd,2019,2,12,3,3,5,3,0,0,1,0,0,0,0,0,"812386,0313","5824308,53","13,60094","52,47932"
3101,192404,11,1,1011105,Nördlicher Landwehrkanal,2019,2,19,5,2,5,2,2,0,1,0,1,0,0,1,"796640,2538","5826651,994","13,37187","52,5091"
3102,192405,11,2,2030301,Oranienplatz,2019,2,19,5,3,6,2,2,0,1,1,0,0,0,1,"799899,918","5825981,922","13,41916","52,50132"
3103,192406,11,2,2030302,Lausitzer Platz,2019,2,9,3,3,3,6,0,1,0,0,0,1,0,0,"801629,2853","5826033,857","13,4446","52,50083"
3104,192407,11,1,7010101,Wittenbergplatz/Viktoria-Luise-Platz,2019,2,19,5,3,5,3,2,1,1,0,0,0,0,1,"794805,1802","5825990,495","13,34433","52,50417"
3105,192408,11,8,8010301,Reuterkiez,2019,2,19,5,3,5,2,2,0,0,0,1,0,1,1,"800990,9392","5824209,697","13,43358","52,48483"
3106,192409,11,2,2040703,Wriezener Bahnhof/Entwicklungsgebiet,2019,2,9,3,3,5,2,0,1,1,0,0,0,0,0,"801353,1441","5826456,898","13,44093","52,50477"
3107,192410,11,10,10040931,Mahlsdorf Nord,2019,2,19,5,2,6,2,2,0,1,1,0,0,0,1,"813736,5301","5829980,558","13,62611","52,52937"
3108,192411,11,4,4020311,Reichsstraße,2019,2,13,4,3,6,2,0,0,1,1,0,0,0,0,"789003,1923","5826971,668","13,25994","52,51607"
3109,192412,11,7,7050505,Hundsteinweg,2019,2,18,5,3,5,2,1,0,1,0,1,0,0,1,"798772,4223","5819086,06","13,39642","52,44012"
3110,192413,11,5,5030731,Gartenfelder Straße,2019,2,17,5,3,5,7,2,0,1,0,1,0,0,1,"787204,2461","5829743,85","13,2359","52,54187"
3111,192414,11,1,1011104,Körnerstraße,2019,2,8,3,3,5,2,0,1,1,0,0,0,0,0,"796254,3824","5825960,306","13,36559","52,50311"
3112,192415,11,3,3061228,Erich-Weinert-Straße,2019,2,17,5,3,5,3,2,1,1,0,0,0,0,1,"800751,6117","5831291,354","13,43647","52,54844"
3113,192416,11,1,1011204,Leipziger Straße,2019,2,15,4,3,2,6,0,0,1,0,0,0,0,0,"798710,1789","5827548,942","13,40309","52,51601"
3114,192417,11,4,4030726,Droysenstraße,2019,2,16,5,3,5,7,0,0,1,0,0,0,0,1,"792095,9804","5825760,877","13,30432","52,50357"
3115,192418,11,12,12214527,Alt-Tegel,2019,2,16,5,3,0,2,0,1,1,0,0,0,0,1,"789887,1936","5835695,449","13,28055","52,59381"
3116,192419,11,9,9010402,Johannisthal Ost,2019,2,6,3,3,3,6,0,0,1,0,0,0,0,0,"806480,5448","5820668,366","13,51092","52,45004"
3117,192420,11,6,6030503,Zehlendorf Mitte,2019,2,10,5,3,0,7,0,0,1,0,0,0,0,1,"789573,3644","5817322,888","13,25994","52,42926"
3118,192421,11,11,11051229,Rummelsburg,2019,2,8,5,3,2,2,0,0,1,0,0,0,0,1,"803330,7841","5826304,542","13,46984","52,50231"
3119,192422,11,8,8020625,Handwerker-Siedlung,2019,2,8,5,3,5,2,0,0,1,0,0,0,1,1,"801398,7122","5819151,832","13,435","52,43927"
3120,192423,11,11,11020412,Hauptstraße,2019,2,18,3,3,1,1,2,0,1,0,0,0,0,0,"806187,3968","5831036,36","13,51615","52,54312"
3121,192424,11,1,1011202,Unter den Linden Nord,2019,2,8,5,3,6,7,0,0,1,1,0,0,0,1,"797475,435","5827934,947","13,38529","52,52015"
3122,192425,11,10,10030724,Oberfeldstraße,2019,2,7,5,3,5,2,0,0,1,0,0,0,1,0,"808519,2092","5829496,472","13,54899","52,52801"
3123,192426,11,1,1033201,Brunnenstraße,2019,2,6,5,3,6,2,0,0,1,1,0,0,0,1,"798453,1284","5830193,634","13,40168","52,53986"
3124,192427,11,6,6030609,Augustaplatz,2019,2,8,4,3,5,7,0,0,1,0,0,0,0,0,"792738,5799","5818746,761","13,30761","52,44034"
3125,192428,11,9,9020802,Köllnische Vorstadt,2019,2,6,5,2,5,2,0,1,1,0,0,0,0,1,"810762,679","5818707,025","13,5719","52,43004"
3126,192429,11,1,1033102,Gesundbrunnen,2019,2,1,5,3,1,1,2,0,1,0,0,0,0,0,"797452,0609","5831441,472","13,38808","52,55159"
3127,192430,11,3,3010102,Buch,2019,2,5,3,3,2,6,2,0,1,0,0,0,0,0,"804242,5828","5841118,509","13,49682","52,63457"
3128,192431,11,4,4010103,Paul-Hertz-Siedlung,2019,2,6,5,3,5,2,1,0,1,0,1,0,0,1,"791134,9247","5829154,649","13,29318","52,53451"
3129,192432,11,1,1033202,Humboldthain Süd,2019,2,13,5,3,5,3,0,0,1,0,0,0,0,0,"797153,9102","5830368,879","13,38274","52,54214"
3130,192433,11,2,2040503,Richard-Sorge-Viertel,2019,2,12,5,3,5,3,0,0,1,0,1,0,0,1,"801432,1267","5827930,26","13,44342","52,51793"
3131,192434,11,1,1011202,Unter den Linden Nord,2019,2,12,5,3,2,6,0,0,1,0,0,0,0,0,"797637,3868","5827777,896","13,38753","52,51865"
3132,192435,11,4,4020206,Angerburger Allee,2019,2,0,3,3,5,3,2,0,1,0,0,0,0,0,"786443,6826","5826274,065","13,22172","52,51117"
3133,192436,11,10,10010308,Marzahner Chaussee,2019,2,12,5,3,6,4,0,0,1,1,0,0,0,1,"807543,4081","5829356,371","13,53453","52,5273"
3134,192437,11,5,5010339,Freiheit,2019,2,11,5,2,2,6,0,0,1,0,0,0,1,0,"787321,272","5828088,266","13,23619","52,52697"
3135,192438,11,8,8020727,Buckow Mitte,2019,2,11,5,2,6,2,0,0,0,1,0,0,1,1,"800645,9369","5816184,696","13,42129","52,41309"
3136,192439,11,5,5030833,Motardstraße,2019,2,16,3,2,5,2,0,0,1,0,0,0,0,0,"789207,0025","5829280,489","13,26494","52,53666"
3137,192440,11,7,7040404,Marienhöhe,2019,2,9,5,3,0,6,0,1,1,0,0,0,0,0,"796664,4067","5819994,134","13,3663","52,44941"
3138,192441,11,3,3030715,Heinersdorf,2019,2,11,5,2,6,3,0,0,1,1,0,0,0,0,"801045,0747","5833837,806","13,44309","52,5711"
3139,192442,11,7,7030303,Grazer Platz,2019,2,10,5,3,5,3,0,0,1,0,0,0,0,1,"795981,938","5822754,879","13,35874","52,47453"
3140,192443,11,1,1011302,Oranienburger Straße,2019,2,18,4,3,3,6,2,1,0,0,0,0,0,0,"797986,6525","5828620,611","13,39342","52,52602"
3141,192444,11,10,10030724,Oberfeldstraße,2019,2,14,4,3,2,6,0,0,1,0,0,0,0,0,"809651,2813","5829224,323","13,56538","52,52493"
3142,192445,11,12,12304313,Borsigwalde,2019,2,8,4,3,0,6,0,0,1,0,0,0,0,0,"791309,0957","5834342,427","13,30029","52,58092"
3143,192446,11,1,1011105,Nördlicher Landwehrkanal,2019,2,17,4,3,0,3,0,1,1,0,0,0,0,0,"796095,7488","5826518,49","13,36375","52,5082"
3144,192447,11,11,11041022,Rosenfelder Ring,2019,2,16,3,3,2,2,0,1,1,0,0,0,1,0,"806134,3989","5827352,483","13,51198","52,51014"
3145,192448,11,6,6010205,Südende,2019,2,8,4,3,6,4,0,0,1,1,0,0,0,0,"795829,5765","5819912,57","13,35398","52,44913"
3146,192449,11,3,3030406,Alt-Karow,2019,2,5,4,3,5,2,2,1,1,0,0,0,0,0,"803364,375","5838249,928","13,48125","52,60935"
3147,192450,11,3,3020209,Niederschönhausen,2019,2,7,4,3,5,3,0,0,1,0,0,0,0,0,"798144,3824","5835472,386","13,40189","52,58735"
3148,192451,11,8,8020619,Buschkrugallee Nord,2019,2,11,3,2,0,1,0,0,0,0,1,0,0,0,"801523,2708","5820742,659","13,43826","52,45346"
3149,192452,11,7,7070702,Alt-Lichtenrade/Töpchiner Weg,2019,2,7,4,3,5,3,0,1,1,0,0,0,0,0,"800601,9005","5814440,635","13,41908","52,39748"
3150,192453,11,10,10020623,Rotes Viertel,2019,2,11,5,3,5,3,0,0,1,0,0,0,0,0,"811295,5899","5829144,974","13,58946","52,52328"
3151,192454,11,8,8010115,Hasenheide,2019,2,12,4,3,2,6,0,0,1,0,0,0,0,0,"799388,3523","5823787,521","13,40967","52,48193"
3152,192455,11,10,11020516,Weiße Taube,2019,2,13,4,3,0,3,0,0,1,0,0,0,1,0,"806295,7303","5830208,072","13,51698","52,53564"
3153,192456,11,2,2020204,Urbanstraße,2019,2,16,3,3,3,6,0,1,1,0,0,0,0,0,"798300,8306","5825395,944","13,39514","52,49694"
3154,192457,11,4,4030726,Droysenstraße,2019,2,10,4,3,6,2,0,0,1,1,0,0,0,0,"792321,7636","5825370,853","13,3073","52,49995"
3155,192458,11,8,8010117,Schillerpromenade,2019,2,11,4,3,0,2,0,0,1,0,1,0,0,0,"800469,794","5823613,312","13,42539","52,47977"
3156,192459,11,1,1022104,Emdener Straße,2019,2,11,4,3,1,5,0,1,1,0,0,0,0,0,"794179,5789","5828447,04","13,33731","52,52653"
3157,192460,11,5,5030730,Zitadellenweg,2019,2,14,4,3,5,3,0,0,1,0,0,0,0,0,"786319,4129","5829484,428","13,22266","52,54001"
3158,192461,11,1,1011304,Karl-Marx-Allee,2019,2,18,2,2,0,7,2,0,0,0,1,0,0,0,"799828,2743","5828595,834","13,42046","52,52478"
3159,192462,11,1,1022204,Thomasiusstraße,2019,2,11,4,3,6,3,0,0,1,1,0,0,0,0,"794798,8998","5828309,199","13,34629","52,52496"
3160,192463,11,1,1022204,Thomasiusstraße,2019,2,13,4,3,5,2,0,1,1,0,0,0,0,0,"794789,0525","5828310,617","13,34615","52,52498"
3161,192464,11,8,8010302,Bouchéstraße,2019,2,14,2,3,1,5,0,0,1,0,0,0,0,0,"801815,6679","5824395,148","13,44586","52,48604"
3162,192465,11,2,2030302,Lausitzer Platz,2019,2,14,4,3,3,6,0,1,1,0,0,0,0,0,"801401,1895","5825991,081","13,44121","52,50057"
3163,192466,11,4,4030931,Breitscheidplatz,2019,2,15,4,3,5,2,0,0,1,0,0,0,0,0,"794098,993","5826355,638","13,33428","52,50782"
3164,192467,11,4,4030620,Alt-Lietzow,2019,2,10,4,3,0,1,0,0,0,0,1,0,0,0,"792639,2038","5827102,855","13,31349","52,51531"
3165,192468,11,1,1022103,Westhafen,2019,2,8,2,3,2,6,0,0,0,0,0,1,1,0,"793418,647","5829470,748","13,32703","52,53611"
3166,192469,11,5,5010207,Darbystraße,2019,2,16,4,2,5,3,0,0,1,0,0,0,0,0,"783705,5141","5830175,281","13,18481","52,54758"
3167,192470,11,7,7020201,Bayerischer Platz,2019,2,17,5,3,5,2,1,0,1,0,0,0,0,0,"794938,7887","5824458,025","13,34493","52,49036"
3168,192471,11,3,3050925,Komponistenviertel Weißensee,2019,2,17,4,2,6,4,0,0,1,1,0,0,0,0,"802056,4926","5831122,916","13,4555","52,5462"
3169,192472,11,8,8020622,Parchimer Allee,2019,2,17,4,3,2,6,1,0,1,0,0,0,0,0,"801299,0653","5819564,609","13,43391","52,44302"
3170,192473,11,10,10010309,Springpfuhl,2019,2,7,2,3,0,7,0,1,0,0,0,0,0,0,"808415,5568","5830155,951","13,54808","52,53398"
3171,192474,11,3,3061228,Erich-Weinert-Straße,2019,2,18,4,2,6,4,1,0,1,1,0,0,0,0,"800705,5495","5830952,307","13,43548","52,54542"
3172,192475,11,2,2020202,Rathaus Yorckstraße,2019,2,12,3,3,5,2,0,0,1,0,0,0,0,0,"797921,6369","5825269,677","13,38946","52,49601"
3173,192476,11,6,6010103,Markelstraße,2019,2,18,2,3,5,2,2,1,0,0,0,0,1,0,"792725,5296","5821687,457","13,31","52,46671"
3174,192477,11,3,3030716,Märchenland,2019,2,17,2,3,1,5,1,1,0,0,0,1,0,0,"802709,8518","5833896,351","13,46763","52,5707"
3175,192478,11,4,4030827,Karl-August-Platz,2019,2,8,3,3,0,4,0,1,0,1,0,0,0,0,"792727,8912","5826154,674","13,31395","52,50676"
3176,192479,11,1,1011202,Unter den Linden Nord,2019,2,10,3,3,5,7,0,0,1,0,0,0,0,0,"797491,9149","5827805,893","13,38542","52,51898"
3177,192480,11,3,3040614,Pankow Zentrum,2019,2,17,2,2,6,4,0,0,1,1,0,0,0,0,"797983,6505","5833064,797","13,39736","52,56585"
3178,192481,11,4,4030929,Hindemithplatz,2019,2,16,3,3,1,5,0,1,1,0,0,0,0,0,"792397,0114","5825405,983","13,30844","52,50022"
3179,192482,11,5,5010206,Gütersloher Weg,2019,2,15,3,3,5,7,0,0,1,0,1,0,0,0,"782365,3183","5830496,712","13,16537","52,55115"
3180,192483,11,6,6030503,Zehlendorf Mitte,2019,2,16,2,3,0,2,0,1,0,0,0,0,1,0,"790013,2327","5817494,83","13,26654","52,43057"