,id,city,district,lor,street,year,month,hour,weekday,category,collision,movement,light_conditions,bicycle,car,pedestrian,motorbike,truck,other_vehicle,road_conditions,LINREFX,LINREFY,XGCSWGS84,YGCSWGS84
3181,192484,11,3,3050919,Gustav-Adolf-Straße,2019,2,14,3,3,4,7,0,0,1,0,0,0,0,0,"801828,8222","5832464,965","13,45337","52,55836"
3182,192485,11,2,2020206,Graefekiez,2019,2,12,4,3,2,6,0,0,1,0,0,0,0,0,"800247,9484","5824392,539","13,42284","52,48688"
3183,192486,11,12,12214125,Waldidyll/Flughafensee,2019,2,12,3,3,5,3,0,0,1,0,0,0,1,0,"791865,761","5831451,807","13,30594","52,55471"
3184,192487,11,12,12301203,Wittenau Süd,2019,2,11,3,3,5,3,0,0,1,0,0,0,1,0,"793837,8816","5835502,121","13,33853","52,58996"
3185,192488,11,2,2020205,Chamissokiez,2019,2,16,2,3,5,3,0,0,1,0,0,0,0,0,"798333,3958","5824030,971","13,3944","52,48469"
3186,192489,11,6,6020303,Lankwitz Kirche,2019,2,10,3,3,2,6,0,0,1,0,0,0,0,0,"795220,5677","5818703,009","13,34398","52,43862"
3187,192490,11,11,11010310,Mühlengrund,2019,2,9,3,3,2,4,0,0,1,1,1,0,0,0,"805317,0366","5833223,804","13,50537","52,56322"
3188,192491,11,9,9041302,Wendenschloß,2019,2,9,3,3,0,1,0,1,0,0,0,0,0,0,"811933,3956","5817765,183","13,58819","52,42094"
3189,192492,11,12,12214125,Waldidyll/Flughafensee,2019,2,16,2,3,5,3,0,0,1,0,1,0,0,0,"791865,761","5831451,807","13,30594","52,55471"
3190,192493,11,2,2050801,Traveplatz,2019,2,8,3,3,5,7,0,1,1,0,0,0,0,0,"802875,7712","5827547,56","13,46429","52,5137"
3191,192494,11,1,1044101,Rehberge,2019,2,8,3,3,5,3,0,1,1,0,0,0,0,0,"793671,2883","5832250,352","13,3332","52,5609"
3192,192495,11,1,1022106,Elberfelder Straße,2019,2,8,3,3,5,2,0,1,1,0,0,0,0,0,"794554,2804","5828334,351","13,34272","52,52532"
3193,192496,11,12,12214125,Waldidyll/Flughafensee,2019,2,7,3,3,6,4,0,1,0,1,0,0,0,0,"790778,604","5833708,817","13,29193","52,57552"
3194,192497,11,1,1011105,Nördlicher Landwehrkanal,2019,2,22,3,3,0,7,2,1,0,0,0,0,0,0,"796843,4848","5826614,035","13,37482","52,50865"
3195,192498,11,8,8010118,Silbersteinstraße,2019,2,20,3,3,6,4,2,0,1,1,0,0,0,1,"800999,4922","5822172,354","13,43187","52,46656"
3196,192499,11,8,8010301,Reuterkiez,2019,2,18,3,3,5,2,2,1,1,0,0,0,0,0,"801413,1329","5824471,391","13,44001","52,48694"
3197,192500,11,6,6040804,Krumme Lanke,2019,2,11,4,3,5,2,0,1,1,0,0,0,0,0,"787637,2724","5818151,709","13,23226","52,43771"
3198,192501,11,12,12103117,Letteplatz,2019,2,17,3,3,3,6,2,1,1,0,0,0,0,0,"796680,5191","5832835,529","13,37799","52,56451"
3199,192502,11,1,1011304,Karl-Marx-Allee,2019,2,17,3,3,2,6,2,1,1,0,0,0,0,0,"799728,0609","5827518,642","13,41802","52,51518"
3200,192503,11,12,12224229,Konradshöhe/Tegelort,2019,2,15,2,3,0,7,0,0,0,0,0,0,1,0,"786293,6001","5834305,513","13,22644","52,58325"
3201,192504,11,1,1022101,Huttenkiez,2019,2,17,3,3,6,4,1,0,1,1,0,0,0,0,"792715,4168","5828653,388","13,31597","52,52917"
3202,192505,11,9,9030901,Dorf Altglienicke,2019,2,14,2,3,5,2,0,0,1,0,0,0,0,0,"808413,9953","5816399,03","13,53534","52,41069"
3203,192506,11,8,8010212,Rollberg,2019,2,7,2,3,5,3,0,0,1,0,0,0,0,0,"800868,416","5823468,136","13,43111","52,47825"
3204,192507,11,6,6030607,Goerzwerke,2019,2,15,2,3,2,6,0,0,1,0,0,0,1,0,"793028,0288","5817691,867","13,31093","52,43073"
3205,192508,11,2,2040703,Wriezener Bahnhof/Entwicklungsgebiet,2019,2,19,2,3,1,5,2,1,1,0,0,0,1,0,"800936,8971","5826812,131","13,43514","52,50819"
3206,192509,11,9,9051901,Dammvorstadt,2019,2,13,2,2,6,4,0,1,0,1,0,0,0,0,"810910,6548","5821522,799","13,57669","52,45519"
3207,192510,11,1,1011103,Lützowstraße,2019,2,21,2,3,5,3,2,1,1,0,0,0,0,0,"795285,2039","5826174,141","13,35154","52,50556"
3208,192511,11,2,2010104,Wassertorplatz,2019,2,19,2,3,3,6,2,0,1,0,1,0,0,0,"799757,7232","5825709,097","13,41682","52,49895"
3209,192512,11,9,9020802,Köllnische Vorstadt,2019,2,17,2,3,2,7,2,0,1,0,0,0,0,0,"810521,2926","5820047,026","13,56961","52,44219"
3210,192513,11,7,7010103,Barbarossaplatz,2019,2,17,2,3,6,4,1,1,0,1,0,0,0,0,"795514,1771","5824888,461","13,35376","52,49391"
3211,192514,11,2,2020205,Chamissokiez,2019,2,15,2,3,4,5,0,1,0,0,0,0,0,0,"797874,3608","5824585,651","13,38816","52,48991"
3212,192515,11,4,4030931,Breitscheidplatz,2019,2,17,2,2,0,6,0,0,1,0,0,0,1,0,"794287,6269","5826077,127","13,3368","52,50522"
3213,192516,11,8,8010211,Flughafenstraße,2019,2,17,2,3,6,4,0,0,1,1,0,0,0,0,"800435,2469","5823749,38","13,42501","52,48101"
3214,192517,11,2,2010102,Mehringplatz,2019,2,9,4,2,5,3,0,0,1,0,0,0,0,0,"798411,3574","5825782,726","13,39711","52,50035"
3215,192518,11,12,12103117,Letteplatz,2019,2,14,2,3,5,3,0,1,1,0,0,0,0,0,"796697,3218","5832997,761","13,37838","52,56596"
3216,192519,11,8,8010508,Weiße Siedlung,2019,2,14,2,3,5,3,0,0,1,0,0,0,0,0,"803196,0866","5822714,976","13,4646","52,47021"
3217,192520,11,10,10020413,Gut Hellersdorf,2019,2,14,2,3,2,6,0,0,1,0,0,0,0,0,"811354,0532","5830674,874","13,59175","52,53696"
3218,192521,11,11,11020515,Landsberger Allee,2019,2,12,2,3,5,3,0,1,0,0,0,0,1,0,"805130,7888","5830018,512","13,49968","52,53459"
3219,192522,11,10,11030720,Herzbergstraße,2019,2,11,2,3,3,6,0,0,1,0,0,0,0,0,"806277,0998","5830169,314","13,51667","52,5353"
3220,192523,11,3,3020210,Herthaplatz,2019,2,11,2,3,0,5,0,1,1,0,0,0,0,0,"798534,7146","5834962,637","13,40717","52,58256"
3221,192524,11,5,5010103,Amorbacher Weg,2019,2,14,2,3,3,6,0,1,1,0,0,0,0,0,"783872,1397","5831072,024","13,18803","52,55553"
3222,192525,11,9,9041501,Altstadt Kietz,2019,2,11,2,2,0,1,0,1,0,0,0,0,0,0,"811043,3091","5820355,65","13,57755","52,44466"
3223,192526,11,1,1044103,Westliche Müllerstraße,2019,2,10,2,3,2,6,0,0,1,0,0,0,0,0,"795199,229","5830788,025","13,35437","52,54696"
3224,192527,11,4,4030417,Schloßstraße,2019,2,8,2,2,6,4,0,0,1,1,0,0,0,0,"790987,4161","5826616,797","13,28879","52,51183"
3225,192528,11,8,8040933,Vogelviertel Süd,2019,2,13,2,3,1,1,0,0,1,0,0,0,1,0,"803331,781","5818555,602","13,46281","52,43286"
3226,192529,11,1,1011401,Invalidenstraße,2019,2,17,2,3,5,3,0,0,1,0,1,0,0,0,"798121,0449","5829344,503","13,39604","52,53243"
3227,192530,11,7,7020203,Kaiser-Wilhelm-Platz,2019,2,16,2,3,5,2,0,1,0,0,0,0,0,0,"795580,2492","5824152,73","13,35408","52,48728"
3228,192531,11,11,11020412,Hauptstraße,2019,2,13,2,2,6,4,0,0,1,1,0,0,0,0,"804885,4468","5831343,153","13,49729","52,5466"
3229,192532,11,3,3020307,Buchholz,2019,2,16,2,3,5,2,0,1,1,0,0,0,0,0,"800190,7875","5838470,161","13,43472","52,61309"
3230,192533,11,6,6030605,Botanischer Garten,2019,2,16,2,3,5,2,0,0,1,0,0,0,0,0,"791768,0201","5819273,767","13,29383","52,44559"
3231,192534,11,12,12214423,Mellerbogen,2019,2,13,2,3,2,6,0,0,1,0,1,0,0,0,"792669,8015","5833873,39","13,3199","52,57599"
3232,192535,11,1,1011102,Großer Tiergarten,2019,2,15,2,3,3,2,0,0,1,0,1,0,0,0,"795140,2766","5827072,352","13,35021","52,51369"
3233,192536,11,4,4041241,Breite Straße,2019,2,15,5,2,5,3,0,0,1,0,0,0,0,0,"791325,3971","5822055,741","13,28977","52,47076"
3234,192537,11,9,9020502,Oberschöneweide Ost,2019,2,14,2,3,5,3,0,1,1,0,0,0,0,0,"808014,6846","5821569,908","13,53425","52,45726"
3235,192538,11,1,1022106,Elberfelder Straße,2019,2,14,2,3,5,5,0,0,1,0,1,0,0,0,"794494,91","5828350,57","13,34186","52,52549"
3236,192539,11,9,9010301,Baumschulenstraße,2019,2,10,2,3,6,4,0,0,1,1,0,0,0,0,"804577,0848","5822011,226","13,48422","52,46314"
3237,192540,11,3,3061429,Greifswalder Straße,2019,2,20,1,3,6,4,2,0,1,1,0,0,0,0,"801088,47","5830429,067","13,44064","52,54052"
3238,192541,11,1,1011105,Nördlicher Landwehrkanal,2019,2,23,5,3,5,2,2,0,1,0,0,0,0,0,"796582,4773","5826872,612","13,37122","52,51111"
3239,192542,11,7,7020202,Volkspark (Rudolf-Wilde-Park),2019,2,13,1,3,1,5,0,1,1,0,0,0,0,0,"794879,524","5823766,676","13,34345","52,48419"
3240,192543,11,8,8020726,Buckow West,2019,2,14,1,3,2,6,0,0,1,0,0,0,0,0,"799590,3487","5816402,534","13,40601","52,41562"
3241,192544,11,3,3020210,Herthaplatz,2019,2,10,2,3,3,6,0,0,1,0,0,1,0,0,"798447,2681","5835563,651","13,40643","52,588"
3242,192545,11,9,9010402,Johannisthal Ost,2019,2,9,1,3,3,6,0,1,0,0,0,0,1,0,"806563,6326","5820533,629","13,51201","52,44878"
3243,192546,11,5,5010314,Carl-Schurz-Straße,2019,2,18,1,2,2,4,2,0,1,1,0,0,0,0,"784801,4051","5828809,465","13,19976","52,53476"
3244,192547,11,11,11041128,Sewanstraße,2019,2,10,2,3,6,2,0,0,1,1,0,0,0,0,"806074,5454","5825804,404","13,50968","52,4963"
3245,192548,11,4,4041344,Rüdesheimer Platz,2019,2,16,1,3,1,5,0,1,1,0,0,0,0,0,"793153,3339","5822082,197","13,31662","52,47002"
3246,192549,11,2,2010101,Askanischer Platz,2019,2,21,1,2,6,2,2,0,1,1,0,0,0,0,"797655,7674","5826290,578","13,38647","52,50531"
3247,192550,11,1,1011202,Unter den Linden Nord,2019,2,9,2,3,0,7,0,0,1,0,1,0,0,0,"797652,8953","5828104,128","13,38805","52,52157"
3248,192551,11,2,2040502,Friedenstraße,2019,2,21,1,2,5,2,2,0,1,0,1,0,0,0,"801248,424","5827823,23","13,44063","52,51708"
3249,192552,11,11,11030618,Fennpfuhl West,2019,2,13,4,3,5,2,0,1,1,0,0,0,0,0,"803064,9756","5829527,675","13,46887","52,53135"
3250,192553,11,1,1011204,Leipziger Straße,2019,2,17,1,3,5,2,1,1,1,0,0,0,0,0,"798616,2254","5827001,398","13,40122","52,51116"
3251,192554,11,9,9041501,Altstadt Kietz,2019,2,15,1,3,6,4,0,1,0,1,0,0,0,0,"811237,9291","5820211,94","13,58027","52,44326"
3252,192555,11,4,4051445,Eisenzahnstraße,2019,2,9,2,3,5,7,0,0,1,0,0,0,1,0,"792436,6005","5824117,499","13,30789","52,48865"
3253,192556,11,1,1033102,Gesundbrunnen,2019,2,15,1,3,6,2,0,0,1,1,0,0,0,0,"797156,002","5831919,612","13,38416","52,55604"
3254,192557,11,2,2030402,Wrangelkiez,2019,2,15,1,3,2,6,0,1,1,0,0,0,0,0,"801649,9852","5825897,593","13,44478","52,49959"
3255,192558,11,11,11030619,Fennpfuhl Ost,2019,2,14,1,3,5,3,0,0,1,0,0,0,0,0,"803533,9787","5829749,778","13,47597","52,53308"
3256,192559,11,12,12231101,Hermsdorf,2019,2,8,2,3,2,6,0,0,1,0,0,0,0,0,"790778,7847","5837599,266","13,29535","52,6104"
3257,192560,11,1,1044202,Sparrplatz,2019,2,14,1,3,2,1,0,1,1,0,0,0,0,0,"795358,3226","5830249,227","13,35623","52,54205"
3258,192561,11,4,4010101,Jungfernheide,2019,2,3,1,3,9,1,2,0,1,0,0,0,0,0,"791216,058","5829730,96","13,29487","52,53963"
3259,192562,11,2,2030302,Lausitzer Platz,2019,2,14,1,3,1,5,0,0,1,0,0,0,0,0,"800808,3068","5826486,035","13,43295","52,50533"
3260,192563,11,1,1011303,Alexanderplatzviertel,2019,2,22,2,3,5,2,2,1,1,0,0,0,0,0,"799593,7643","5828256,38","13,41671","52,52187"
3261,192564,11,1,1011202,Unter den Linden Nord,2019,2,18,1,2,5,2,2,1,1,0,0,0,0,0,"798236,2352","5827696,029","13,39626","52,51759"
3262,192565,11,7,7020202,Volkspark (Rudolf-Wilde-Park),2019,2,21,1,2,5,2,2,0,1,0,0,0,1,0,"795004,1569","5823818,288","13,34533","52,48459"
3263,192566,11,10,10010311,Landsberger Tor,2019,2,15,1,2,5,2,0,0,1,0,0,0,0,0,"810311,3843","5831817,081","13,5775","52,54779"
3264,192567,11,12,12103117,Letteplatz,2019,2,5,2,3,2,6,2,0,1,0,0,0,0,0,"796643,5503","5832436,112","13,37708","52,56095"
3265,192568,11,2,2020203,Viktoriapark,2019,2,8,1,3,1,5,0,0,1,0,0,0,1,0,"797694,1616","5824024,14","13,38501","52,48497"
3266,192569,11,6,6040703,Nikolassee,2019,2,8,4,3,5,3,0,1,1,0,0,0,0,0,"785318,6063","5817722,139","13,19787","52,43508"
3267,192570,11,11,11010102,Dorf Wartenberg,2019,2,10,7,3,5,2,0,0,1,0,1,0,0,0,"805805,7172","5834706,494","13,51392","52,57623"
3268,192571,11,1,1022206,Lüneburger Straße,2019,2,2,7,3,6,4,2,0,1,1,0,0,0,0,"796247,6487","5828494,293","13,36775","52,52583"
3269,192572,11,9,9041301,Kietzer Feld/Nachtheide,2019,2,6,2,3,2,6,1,0,1,0,0,0,0,0,"811693,7768","5818521,013","13,58538","52,42785"
3270,192573,11,4,4030931,Breitscheidplatz,2019,2,22,7,3,5,3,2,1,1,0,0,0,0,0,"793932,411","5826044,861","13,33155","52,50513"
3271,192574,11,2,2030301,Oranienplatz,2019,2,21,7,3,3,6,2,1,1,0,0,0,0,0,"800348,8445","5826276,422","13,42602","52,50371"
3272,192575,11,4,4030827,Karl-August-Platz,2019,2,18,7,3,1,5,2,0,1,0,0,0,0,0,"792402,1885","5826259,487","13,30926","52,50787"
3273,192576,11,12,12214424,Scharnweberstraße,2019,2,7,2,3,3,6,0,0,1,0,0,1,0,0,"793387,3094","5833083,998","13,32976","52,56852"
3274,192577,11,10,10020413,Gut Hellersdorf,2019,2,17,7,3,5,3,1,0,1,0,0,0,1,0,"811133,1244","5830925,043","13,58874","52,53932"
3275,192578,11,7,7010101,Wittenbergplatz/Viktoria-Luise-Platz,2019,2,11,7,3,5,2,0,1,1,0,0,0,0,0,"794770,9525","5825692,85","13,34356","52,50152"
3276,192579,11,3,3030406,Alt-Karow,2019,2,9,7,3,5,3,0,0,1,0,0,0,0,0,"802871,58","5838289,263","13,47403","52,60998"
3277,192580,11,5,5010103,Amorbacher Weg,2019,2,16,7,3,0,7,0,0,1,0,0,0,0,0,"783916,1066","5831341,346","13,18891","52,55792"
3278,192581,11,12,12214424,Scharnweberstraße,2019,2,20,2,3,1,5,2,0,1,0,0,0,0,0,"792899,4214","5832941,954","13,32246","52,56751"
3279,192582,11,4,4030931,Breitscheidplatz,2019,2,15,7,3,6,4,0,0,1,1,0,0,0,0,"793849,6545","5826060,351","13,33035","52,50531"
3280,192583,11,8,8010214,Glasower Straße,2019,2,14,7,3,5,2,0,1,1,0,0,0,0,0,"801752,6013","5822051,211","13,44281","52,46506"
3281,192584,11,2,2020204,Urbanstraße,2019,2,14,7,3,2,6,0,0,1,0,0,0,0,0,"798654,9344","5825144,836","13,40012","52,49449"
3282,192585,11,3,3051022,Hansastraße,2019,2,7,4,3,5,2,0,1,1,0,0,0,0,0,"803669,2204","5832011,797","13,48002","52,55327"
3283,192586,11,4,4051445,Eisenzahnstraße,2019,2,13,7,2,6,7,0,0,1,1,0,0,0,0,"792784,501","5824307,681","13,31316","52,49017"
3284,192587,11,7,7040401,Neu-Tempelhof,2019,2,13,7,3,6,4,0,0,1,1,0,0,0,0,"797198,8069","5823816,873","13,37755","52,48339"
3285,192588,11,10,10010309,Springpfuhl,2019,2,19,2,3,6,7,2,0,1,1,0,0,0,0,"808098,6908","5830047,871","13,54333","52,53319"
3286,192589,11,7,7060604,Marienfelde Süd,2019,2,13,7,3,2,6,0,0,1,0,0,0,0,0,"797750,9478","5815406,764","13,37816","52,4077"
3287,192590,11,1,1011202,Unter den Linden Nord,2019,2,20,6,2,5,3,2,1,1,0,0,0,0,0,"797265,3955","5827806,35","13,38209","52,51911"
3288,192591,11,5,5010314,Carl-Schurz-Straße,2019,2,19,6,3,2,6,2,0,1,0,0,0,0,0,"785188,4003","5829363,049","13,20592","52,53952"
3289,192592,11,12,12231101,Hermsdorf,2019,2,7,2,3,1,5,0,1,1,0,0,0,0,0,"791453,9255","5838714,338","13,30627","52,62004"
3290,192593,11,3,3061227,Humannplatz,2019,2,21,6,3,6,4,2,1,0,1,0,0,0,0,"799670,3627","5831248,488","13,42053","52,54865"
3291,192594,11,5,5010310,Eckschanze,2019,2,10,5,2,1,7,0,0,1,0,0,0,1,0,"784617,0655","5830861,365","13,19881","52,55325"
3292,192595,11,4,5030833,Motardstraße,2019,2,20,6,3,2,6,2,0,1,0,1,0,0,0,"790377,456","5829034,106","13,28193","52,53383"
3293,192596,11,12,12302110,Dannenwalder Weg,2019,2,18,6,3,2,6,2,0,1,0,0,0,0,0,"794663,9434","5836274,149","13,35138","52,59643"
3294,192597,11,10,10030725,Buckower Ring,2019,2,21,2,2,9,1,2,0,0,0,1,0,0,0,"810000,1456","5828363,534","13,5697","52,51701"
3295,192598,11,9,9041301,Kietzer Feld/Nachtheide,2019,2,8,6,3,5,3,0,0,1,0,0,0,1,0,"812181,2353","5819098,725","13,59307","52,43275"
3296,192599,11,4,4030931,Breitscheidplatz,2019,2,8,6,3,1,5,0,0,1,0,1,0,0,0,"794526,2843","5825937,611","13,34018","52,50385"
3297,192600,11,8,8010406,Treptower Straße Nord,2019,2,8,6,3,6,4,0,0,1,1,0,0,0,0,"801918,9907","5824159,585","13,44716","52,48387"
3298,192601,11,4,4051653,Prager Platz,2019,2,7,6,3,5,2,0,1,1,0,0,0,0,0,"794002,846","5824280,562","13,33103","52,48927"
3299,192602,11,7,7030302,Ceciliengärten,2019,2,7,2,3,0,1,0,0,0,0,1,0,0,0,"794376,3676","5821956,869","13,33446","52,46824"
3300,192603,11,1,1022106,Elberfelder Straße,2019,2,15,6,2,6,2,0,0,1,1,0,0,0,0,"794116,098","5827763,257","13,33577","52,52043"
3301,192604,11,12,12103218,Teichstraße,2019,2,15,6,3,2,6,0,0,1,0,0,0,0,0,"794038,5671","5835339,144","13,34134","52,58839"
3302,192605,11,3,3020209,Niederschönhausen,2019,2,8,2,3,5,3,0,1,1,0,0,0,0,0,"797887,5049","5834640,666","13,39736","52,58003"
3303,192606,11,1,1011105,Nördlicher Landwehrkanal,2019,2,15,6,3,1,5,0,1,1,0,0,0,0,0,"796764,0452","5826927,977","13,37394","52,51151"
3304,192607,11,9,9010101,Elsenstraße,2019,2,16,6,2,2,7,0,1,1,0,0,0,0,0,"802533,1257","5824562,412","13,45654","52,48714"
3305,192608,11,1,1044203,Leopoldplatz,2019,2,7,6,2,2,7,0,1,0,0,0,0,0,0,"795596,9601","5831751,05","13,36108","52,55538"
3306,192609,11,4,4010102,Plötzensee,2019,2,16,1,3,2,6,0,0,1,0,0,0,0,0,"793342,6551","5829711,539","13,32612","52,53831"
3307,192610,11,10,10020622,Kaulsdorf Nord I,2019,2,7,6,3,3,6,0,0,1,0,0,1,0,0,"811153,5774","5829036,825","13,58727","52,52239"
3308,192611,11,11,11020513,Orankesee,2019,2,18,5,3,2,6,1,0,1,0,0,0,0,0,"803312,8464","5830109,326","13,47304","52,53642"
3309,192612,11,8,8010301,Reuterkiez,2019,2,7,6,3,6,2,0,0,1,1,0,0,0,0,"800975,4154","5824764,866","13,43385","52,48981"
3310,192613,11,7,7050503,Eisenacher Straße,2019,2,7,6,3,5,3,1,1,1,0,0,0,0,0,"798241,7677","5820503,243","13,3899","52,45311"
3311,192614,11,7,7070701,Kettinger Straße/Schillerstraße,2019,2,16,1,3,0,7,0,0,0,1,0,0,1,0,"798729,8477","5816017,473","13,39305","52,41264"
3312,192615,11,1,1011201,Wilhelmstraße,2019,2,6,6,3,2,6,0,0,1,0,0,0,0,0,"796977,3891","5827004,171","13,37714","52,51208"
3313,192616,11,2,2020203,Viktoriapark,2019,2,5,6,2,5,2,2,1,1,0,0,0,0,0,"797100,9444","5824491,31","13,37671","52,48948"
3314,192617,11,9,9020702,Adlershof Ost,2019,2,16,1,3,2,6,0,0,1,0,0,0,0,0,"809224,9548","5819572,653","13,55016","52,43867"
3315,192618,11,9,9020501,Oberschöneweide West,2019,2,5,6,2,3,6,2,0,1,0,0,1,0,0,"806882,4751","5823240,453","13,51918","52,47286"
3316,192619,11,3,3050919,Gustav-Adolf-Straße,2019,2,16,6,3,6,4,0,0,1,1,0,0,0,0,"801756,7568","5832405,253","13,45226","52,55786"
3317,192620,11,8,8040933,Vogelviertel Süd,2019,2,16,1,3,1,5,0,0,1,0,0,0,1,0,"802789,772","5818791,091","13,45507","52,43527"
3318,192621,11,3,3040818,Pankow Süd,2019,2,16,6,2,2,6,1,0,1,0,0,0,0,0,"799330,2489","5833455,289","13,41752","52,56862"
3319,192622,11,8,8020727,Buckow Mitte,2019,2,17,6,3,1,1,1,0,1,0,0,0,1,0,"800335,143","5816688,479","13,41719","52,41777"
3320,192623,11,2,2020202,Rathaus Yorckstraße,2019,2,8,6,3,2,3,0,1,1,0,0,0,0,0,"797913,354","5825279,649","13,38935","52,49611"
3321,192624,11,1,1011303,Alexanderplatzviertel,2019,2,16,1,3,5,7,0,0,1,0,0,0,0,0,"799498,5635","5828143,631","13,41521","52,52091"
3322,192625,11,2,2020204,Urbanstraße,2019,2,8,6,3,5,2,0,1,1,0,0,0,0,0,"798493,6885","5825222,747","13,39782","52,49528"
3323,192626,11,3,3061227,Humannplatz,2019,2,14,4,3,3,6,0,0,1,0,0,0,0,0,"799958,1172","5831721,628","13,42519","52,55273"
3324,192627,11,6,6030605,Botanischer Garten,2019,2,18,6,3,5,2,1,0,1,0,0,0,1,0,"791532,077","5819139,009","13,29025","52,4445"
3325,192628,11,3,3071536,Teutoburger Platz,2019,2,18,6,3,6,4,1,0,1,1,0,0,0,0,"799101,2854","5829106,76","13,41023","52,52976"
3326,192629,11,4,4051448,Schaperstraße,2019,2,17,1,3,5,7,1,1,1,0,0,0,0,0,"793506,3035","5825347,13","13,32468","52,4991"
3327,192630,11,9,9051901,Dammvorstadt,2019,2,9,6,3,3,6,0,1,0,0,0,0,0,0,"810317,6485","5821373,528","13,56786","52,45419"
3328,192631,11,8,8020619,Buschkrugallee Nord,2019,2,18,6,3,5,3,2,0,1,0,0,0,0,0,"801774,2292","5821103,644","13,44227","52,45656"
3329,192632,11,5,5030731,Gartenfelder Straße,2019,2,15,6,3,5,2,0,1,1,0,0,0,0,0,"786999,7561","5829460,36","13,23264","52,53944"
3330,192633,11,4,4010103,Paul-Hertz-Siedlung,2019,2,17,1,3,2,7,2,0,1,0,0,1,0,0,"791105,9432","5829127,122","13,29273","52,53427"
3331,192634,11,11,11030721,Rüdigerstraße,2019,2,10,6,3,5,3,0,0,1,0,0,0,0,0,"804606,541","5827495,575","13,48967","52,51227"
3332,192635,11,4,4030620,Alt-Lietzow,2019,2,7,4,3,6,4,0,0,1,1,0,0,0,0,"792889,5905","5827360,635","13,31739","52,51748"
3333,192636,11,2,2020203,Viktoriapark,2019,3,23,2,3,5,3,2,0,1,0,0,0,0,1,"797841,7014","5824926,746","13,38798","52,49298"
3334,192637,11,9,9020802,Köllnische Vorstadt,2019,3,17,5,3,6,2,0,0,1,1,0,0,0,1,"810051,0763","5819464,271","13,56217","52,43723"
3335,192638,11,7,7020201,Bayerischer Platz,2019,3,8,2,3,5,2,0,0,1,0,0,0,0,1,"794949,2164","5824553,53","13,34517","52,49121"
3336,192639,11,12,12103115,Breitkopfbecken,2019,3,22,2,3,9,1,2,0,1,0,0,0,0,1,"795825,8299","5833661,51","13,36615","52,57238"
3337,192640,11,6,6040703,Nikolassee,2019,3,16,5,2,5,3,0,1,1,0,0,0,0,1,"785875,1493","5816579,405","13,20506","52,42454"
3338,192641,11,4,4030931,Breitscheidplatz,2019,3,8,2,3,1,5,0,1,1,0,0,0,1,1,"794053,9392","5826126,349","13,33341","52,50579"
3339,192642,11,3,3050925,Komponistenviertel Weißensee,2019,3,5,1,3,1,1,2,0,1,0,0,0,0,0,"802434,287","5831064,89","13,461","52,54547"
3340,192643,11,11,11020513,Orankesee,2019,3,5,1,3,2,6,2,0,1,0,0,0,0,0,"802866,4018","5831262,05","13,46753","52,547"
3341,192644,11,12,12304314,Ziekowstraße/Freie Scholle,2019,3,16,5,3,5,3,1,1,1,0,0,0,0,1,"790646,1676","5835594,309","13,29163","52,5925"
3342,192645,11,9,9010101,Elsenstraße,2019,3,20,1,3,6,2,2,0,1,1,0,0,0,1,"802107,4699","5824764,442","13,45047","52,48919"
3343,192646,11,2,2020203,Viktoriapark,2019,3,19,5,3,5,3,2,1,1,0,0,0,0,1,"797816,6067","5824933,046","13,38762","52,49305"
3344,192647,11,7,7010102,Nollendorfplatz,2019,3,19,1,3,5,2,2,1,1,0,0,0,0,1,"794966,3903","5825195,685","13,34599","52,49696"
3345,192648,11,2,2050803,Stralauer Kiez,2019,3,20,1,3,5,2,2,1,1,0,0,0,0,1,"802460,0924","5826326,632","13,45707","52,50299"
3346,192649,11,11,11041128,Sewanstraße,2019,3,18,1,3,6,2,1,0,1,1,0,0,0,1,"806058,5979","5825807,539","13,50944","52,49633"
3347,192650,11,2,2020206,Graefekiez,2019,3,20,1,2,5,7,2,0,1,0,0,0,0,1,"799503,7971","5824531,458","13,41203","52,48853"
3348,192651,11,12,12214424,Scharnweberstraße,2019,3,19,1,3,5,3,2,0,1,0,0,0,0,1,"793487,717","5832414,325","13,33064","52,56247"
3349,192652,11,10,10020413,Gut Hellersdorf,2019,3,18,1,2,6,2,2,0,1,1,0,0,0,1,"811285,1316","5831537,923","13,59155","52,54473"
3350,192653,11,4,4030828,Savignyplatz,2019,3,18,1,3,6,2,2,0,1,1,0,0,0,1,"793149,5165","5826075,352","13,32008","52,50582"
3351,192654,11,5,5010101,Hakenfelde Nord,2019,3,8,1,2,9,1,0,0,1,0,0,0,0,1,"784711,6023","5834642,311","13,20344","52,5871"
3352,192655,11,1,1011204,Leipziger Straße,2019,3,16,5,3,5,2,0,1,0,0,0,0,1,1,"798554,0785","5826816,364","13,40014","52,50953"
3353,192656,11,8,8010404,Rixdorf,2019,3,17,1,3,2,6,1,0,1,0,0,0,0,1,"801725,2281","5823688,836","13,44389","52,47976"
3354,192657,11,10,10030727,Biesdorf Süd,2019,3,16,5,3,5,3,0,1,1,0,0,0,0,1,"809159,9242","5826175,422","13,55532","52,49788"
3355,192658,11,1,1033202,Humboldthain Süd,2019,3,14,1,3,0,1,0,0,0,0,1,0,0,1,"797877,1406","5829867,498","13,39292","52,53725"