,id,city,district,lor,street,year,month,hour,weekday,category,collision,movement,light_conditions,bicycle,car,pedestrian,motorbike,truck,other_vehicle,road_conditions,LINREFX,LINREFY,XGCSWGS84,YGCSWGS84
3356,192659,11,6,6020306,Lankwitz Süd,2019,3,14,1,3,5,7,0,0,1,0,0,0,0,1,"796303,6068","5816846,457","13,35822","52,42139"
3357,192660,11,7,7010102,Nollendorfplatz,2019,3,12,1,3,2,6,0,0,1,0,0,0,0,1,"794965,8111","5825667,705","13,3464","52,50119"
3358,192661,11,11,11030618,Fennpfuhl West,2019,3,15,5,3,5,2,0,1,1,0,0,0,0,1,"803852,076","5828739,623","13,47972","52,52385"
3359,192662,11,1,1022206,Lüneburger Straße,2019,3,12,1,3,5,2,0,1,1,0,0,0,0,1,"795793,3069","5828242,886","13,36084","52,52382"
3360,192663,11,1,1011102,Großer Tiergarten,2019,3,19,5,3,5,3,2,0,1,0,1,0,0,1,"795049,4878","5827190,843","13,34898","52,5148"
3361,192664,11,12,12103117,Letteplatz,2019,3,12,1,3,5,2,0,0,1,0,0,0,0,1,"795782,8035","5832578,302","13,36455","52,56269"
3362,192665,11,8,8010213,Körnerpark,2019,3,20,7,3,5,3,2,1,1,0,0,0,0,1,"800954,3921","5822316,853","13,43133","52,46788"
3363,192666,11,3,3020209,Niederschönhausen,2019,3,15,5,3,5,3,0,0,1,0,0,0,0,1,"798143,5047","5835472,187","13,40188","52,58734"
3364,192667,11,3,3010101,Bucher Forst,2019,3,14,7,2,5,2,0,0,1,0,0,0,0,1,"803013,5737","5842058,001","13,47957","52,64368"
3365,192668,11,5,5010314,Carl-Schurz-Straße,2019,3,15,7,3,0,6,0,0,1,0,1,0,0,1,"784834,8511","5829035,443","13,20045","52,53677"
3366,192669,11,12,12214125,Waldidyll/Flughafensee,2019,3,20,5,3,6,4,2,0,0,1,1,0,0,1,"790995,3329","5833819,701","13,29521","52,5764"
3367,192670,11,5,5010339,Freiheit,2019,3,8,7,2,1,5,0,0,1,0,1,0,0,1,"786999,8211","5828155,481","13,23152","52,52774"
3368,192671,11,8,8040933,Vogelviertel Süd,2019,3,16,7,3,5,3,0,0,1,0,0,0,0,1,"803141,4988","5818819,483","13,46026","52,43533"
3369,192672,11,12,12304314,Ziekowstraße/Freie Scholle,2019,3,17,7,3,6,4,1,0,1,1,0,0,0,0,"790946,2909","5836197,186","13,29658","52,59774"
3370,192673,11,4,4030726,Droysenstraße,2019,3,20,5,3,5,2,2,1,1,0,0,0,0,1,"792090,9974","5825291,993","13,30384","52,49937"
3371,192674,11,7,7060604,Marienfelde Süd,2019,3,17,7,3,5,7,1,0,1,0,0,0,0,1,"797243,6867","5815444,284","13,37076","52,40831"
3372,192675,11,5,5010313,Ackerstraße,2019,3,20,5,2,5,7,2,0,1,0,0,0,0,1,"784663,7799","5829696,547","13,1985","52,54278"
3373,192676,11,12,12103115,Breitkopfbecken,2019,3,19,7,3,6,2,2,0,1,1,0,0,0,1,"795470,5129","5833409,148","13,3607","52,57031"
3374,192677,11,7,7040403,Manteuffelstraße,2019,3,13,7,3,2,7,0,0,1,0,0,0,0,0,"797777,5055","5820776,509","13,38333","52,45582"
3375,192678,11,4,4030726,Droysenstraße,2019,3,22,5,3,6,2,2,0,1,1,0,0,0,1,"792115,9352","5825765,934","13,30462","52,5036"
3376,192679,11,12,12103219,Schäfersee,2019,3,23,5,3,1,5,2,1,1,0,0,0,1,1,"795665,3551","5832967,692","13,36317","52,56625"
3377,192680,11,4,4030726,Droysenstraße,2019,3,12,7,3,3,6,0,0,1,0,0,0,0,0,"792185,3164","5825637,215","13,30553","52,50241"
3378,192681,11,6,6030503,Zehlendorf Mitte,2019,3,9,7,3,5,3,0,0,1,0,0,0,0,1,"789416,056","5817999,378","13,25822","52,43541"
3379,192682,11,12,12214424,Scharnweberstraße,2019,3,16,5,3,2,6,0,0,1,0,0,0,0,1,"793309,279","5832660,186","13,32824","52,56477"
3380,192683,11,12,12103219,Schäfersee,2019,3,9,7,3,5,2,0,0,1,0,0,0,1,0,"795063,7313","5832467,562","13,35387","52,56209"
3381,192684,11,10,10020412,Alte Hellersdorfer Straße,2019,3,15,7,3,6,4,0,1,0,1,0,0,0,1,"810969,9685","5832025,658","13,58737","52,54928"
3382,192685,11,8,8010509,Schulenburgpark,2019,3,14,5,3,5,7,0,0,1,0,0,0,1,1,"803655,6953","5822278,953","13,47094","52,46605"
3383,192686,11,2,2020203,Viktoriapark,2019,3,2,7,3,5,2,2,0,1,0,0,0,0,0,"797760,1827","5824597,336","13,38649","52,49008"
3384,192687,11,2,2010102,Mehringplatz,2019,3,19,7,2,6,4,2,0,1,1,0,0,0,1,"798200,4807","5826386,813","13,39456","52,50588"
3385,192688,11,9,9010302,Späthsfelde,2019,3,15,5,3,2,6,0,0,1,0,0,0,0,1,"804040,9437","5821221,112","13,47563","52,45635"
3386,192689,11,6,6030610,Lichterfelde West,2019,3,19,7,2,5,2,2,1,1,0,0,0,0,1,"792926,8526","5817768,256","13,30951","52,43147"
3387,192690,11,9,9030901,Dorf Altglienicke,2019,3,16,5,3,5,2,1,0,1,0,0,0,0,1,"808085,0312","5816924,185","13,531","52,41558"
3388,192691,11,12,12302107,Schorfheidestraße,2019,3,19,7,3,6,2,2,0,1,1,0,0,0,1,"794397,659","5836235,063","13,34742","52,59622"
3389,192692,11,4,4041342,Schlangenbader Straße,2019,3,19,7,3,5,2,2,0,1,0,0,0,0,1,"792528,0593","5822918,151","13,30818","52,47785"
3390,192693,11,4,4051653,Prager Platz,2019,3,23,5,2,9,1,2,0,1,0,0,0,0,1,"794383,4822","5824838,069","13,33711","52,49407"
3391,192694,11,6,6010205,Südende,2019,3,19,7,3,6,2,2,0,1,1,0,0,0,1,"795314,8636","5819982,85","13,34649","52,45004"
3392,192695,11,8,8010118,Silbersteinstraße,2019,3,20,7,3,5,3,2,1,1,0,0,0,0,1,"800819,4939","5822577,093","13,42959","52,47029"
3393,192696,11,9,9020802,Köllnische Vorstadt,2019,3,20,7,3,8,1,2,0,1,0,0,0,0,1,"810041,5726","5819507,931","13,56208","52,43763"
3394,192697,11,8,8010118,Silbersteinstraße,2019,3,18,5,3,6,2,1,0,1,1,0,0,0,0,"801076,1401","5821981,898","13,43282","52,46481"
3395,192698,11,8,8020622,Parchimer Allee,2019,3,10,7,3,5,2,0,0,1,0,0,0,0,0,"801264,1407","5819820,028","13,43363","52,44533"
3396,192699,11,9,9020701,Adlershof West,2019,3,20,7,3,5,3,2,0,1,0,0,0,0,1,"807657,4901","5819361,404","13,52698","52,43766"
3397,192700,11,8,8020619,Buschkrugallee Nord,2019,3,21,7,2,6,4,2,0,1,1,0,0,0,1,"801431,8283","5821029,718","13,43718","52,45608"
3398,192701,11,1,1033202,Humboldthain Süd,2019,3,18,5,3,0,1,2,0,0,0,1,0,0,1,"797775,1219","5829747,105","13,39132","52,53623"
3399,192702,11,4,4030931,Breitscheidplatz,2019,3,22,7,3,5,3,2,0,1,0,0,0,0,1,"793910,1546","5825533,206","13,33077","52,50055"
3400,192703,11,8,8010213,Körnerpark,2019,3,23,7,3,5,3,2,0,1,0,0,0,0,1,"801230,7821","5822467,79","13,43553","52,46908"
3401,192704,11,8,8010404,Rixdorf,2019,3,11,6,3,5,3,0,0,1,0,0,0,0,1,"802349,1125","5822949,948","13,45238","52,47279"
3402,192705,11,7,7070703,John-Locke-Straße,2019,3,13,5,3,5,3,0,1,1,0,0,0,0,0,"799287,2733","5813135,314","13,39865","52,3865"
3403,192706,11,1,1044201,Reinickendorfer Straße,2019,3,23,6,2,6,4,2,0,1,1,0,0,0,0,"796624,5779","5831625,213","13,37608","52,55369"
3404,192707,11,9,9052001,Köpenick Nord,2019,3,1,5,3,9,1,2,0,1,0,0,0,0,1,"811541,1437","5823057,501","13,58737","52,46859"
3405,192708,11,3,3061131,Falkplatz,2019,3,23,6,3,6,4,2,0,1,1,0,0,0,0,"798944,2194","5831069,029","13,40969","52,54744"
3406,192709,11,2,2010102,Mehringplatz,2019,3,17,6,3,2,6,0,1,1,0,0,0,0,0,"797933,465","5826387,348","13,39063","52,50603"
3407,192710,11,3,3010102,Buch,2019,3,6,5,2,6,4,0,0,1,1,0,0,0,1,"804879,9504","5841522,898","13,50658","52,63784"
3408,192711,11,9,9020501,Oberschöneweide West,2019,3,17,6,2,1,1,0,0,1,0,0,0,1,0,"806340,8616","5822224,92","13,5103","52,46407"
3409,192712,11,3,3040614,Pankow Zentrum,2019,3,16,6,2,6,4,0,0,1,1,0,0,0,0,"798433,4126","5833809,518","13,40465","52,57228"
3410,192713,11,3,3061227,Humannplatz,2019,3,14,6,3,5,3,0,0,1,0,0,0,0,1,"800086,2845","5831671,075","13,42703","52,55221"
3411,192714,11,8,8010407,Gewerbegebiet Ederstraße,2019,3,13,5,3,5,3,0,0,1,0,0,0,0,1,"802293,4431","5823884,189","13,45241","52,48119"
3412,192715,11,2,2010103,Moritzplatz,2019,3,8,6,3,5,3,0,1,1,0,0,0,0,0,"799327,2419","5826236,426","13,41097","52,50391"
3413,192716,11,9,9010301,Baumschulenstraße,2019,3,19,5,3,3,6,2,1,0,0,0,0,0,1,"804945,741","5823041,929","13,49057","52,47217"
3414,192717,11,4,4041137,Flinsberger Platz,2019,3,5,5,3,0,3,2,0,1,0,1,0,0,1,"791521,4526","5823559,678","13,29396","52,48414"
3415,192718,11,1,1033102,Gesundbrunnen,2019,3,17,5,3,2,6,0,0,1,0,0,0,0,1,"797208,0509","5831915,814","13,38492","52,55598"
3416,192719,11,4,4051448,Schaperstraße,2019,3,6,5,2,5,2,0,1,1,0,0,0,0,1,"793917,4918","5824957,62","13,33037","52,49539"
3417,192720,11,9,9020501,Oberschöneweide West,2019,3,7,5,3,5,3,0,0,1,0,0,0,1,1,"805703,8924","5824052,524","13,50263","52,4808"
3418,192721,11,8,8041036,Zittauer Straße,2019,3,8,5,2,5,3,0,1,1,0,0,0,0,1,"804619,5426","5816128,755","13,47948","52,41039"
3419,192722,11,6,6040810,Dahlem,2019,3,22,5,3,6,7,2,0,1,1,0,0,0,1,"790489,378","5819760,269","13,27549","52,45063"
3420,192723,11,2,2010103,Moritzplatz,2019,3,23,5,3,5,3,2,1,1,0,0,0,0,0,"799814,0295","5825748,785","13,41768","52,49927"
3421,192724,11,2,2030301,Oranienplatz,2019,3,20,5,3,1,5,2,1,1,0,0,0,0,1,"799947,5213","5825964,133","13,41984","52,50113"
3422,192725,11,3,3030715,Heinersdorf,2019,3,13,5,3,5,3,0,0,1,0,0,0,1,1,"800939,6788","5833548,042","13,44128","52,56856"
3423,192726,11,10,10020517,Adele-Sandrock-Straße,2019,3,20,5,3,5,3,2,0,1,0,0,0,0,0,"812606,1418","5830417,718","13,60991","52,53393"
3424,192727,11,8,8010117,Schillerpromenade,2019,3,19,5,3,2,5,2,1,1,0,0,0,0,0,"800474,6541","5823594,652","13,42544","52,4796"
3425,192728,11,9,9052001,Köpenick Nord,2019,3,8,5,3,5,3,0,1,1,0,0,0,0,1,"810356,9939","5823533,221","13,57044","52,47352"
3426,192729,11,6,6020303,Lankwitz Kirche,2019,3,18,5,3,6,2,1,0,1,1,0,0,0,0,"795552,7451","5818313,191","13,34851","52,43494"
3427,192730,11,2,2020203,Viktoriapark,2019,3,18,5,3,5,2,2,1,1,0,0,0,0,1,"797770,2322","5824017,098","13,38612","52,48487"
3428,192731,11,2,2030301,Oranienplatz,2019,3,18,5,3,2,6,0,1,1,0,0,0,0,1,"799722,8725","5826056,093","13,41662","52,50208"
3429,192732,11,6,6030610,Lichterfelde West,2019,3,8,5,3,1,5,0,1,1,0,0,0,0,1,"791092,8696","5817818,492","13,28266","52,4329"
3430,192733,11,12,12214424,Scharnweberstraße,2019,3,17,5,3,3,6,0,0,1,0,0,0,1,1,"793214,9994","5832615,173","13,32681","52,56441"
3431,192734,11,2,2030302,Lausitzer Platz,2019,3,17,5,3,5,3,1,0,1,0,1,0,0,1,"800733,7773","5826517,177","13,43189","52,50565"
3432,192735,11,4,4030827,Karl-August-Platz,2019,3,17,5,3,2,6,0,0,1,0,0,0,0,0,"792272,9023","5826111,752","13,30723","52,50662"
3433,192736,11,2,2030301,Oranienplatz,2019,3,17,5,3,6,4,0,1,0,1,0,0,0,1,"799986,5556","5825731,476","13,4202","52,49902"
3434,192737,11,1,1044202,Sparrplatz,2019,3,12,5,3,5,2,0,0,1,0,0,0,0,1,"794619,0775","5829877,865","13,34504","52,53912"
3435,192738,11,9,9051901,Dammvorstadt,2019,3,17,5,3,2,1,0,0,1,0,0,0,0,0,"810620,5082","5820336,336","13,57133","52,44473"
3436,192739,11,3,3010102,Buch,2019,3,16,5,3,0,3,0,0,1,0,1,0,0,1,"804813,7833","5841410,604","13,5055","52,63687"
3437,192740,11,1,1022104,Emdener Straße,2019,3,12,5,3,2,6,0,0,1,0,0,0,0,1,"793936,6751","5828480,523","13,33377","52,52696"
3438,192741,11,1,1011401,Invalidenstraße,2019,3,16,5,3,2,7,0,1,1,0,0,0,0,1,"797769,8712","5829051,373","13,39062","52,53"
3439,192742,11,1,1022204,Thomasiusstraße,2019,3,16,5,3,2,2,0,0,1,0,1,0,0,1,"795117,8852","5828257,641","13,35093","52,52432"
3440,192743,11,8,8020727,Buckow Mitte,2019,3,15,5,3,2,1,0,0,1,0,0,0,0,0,"801593,8463","5817456,038","13,43633","52,42396"
3441,192744,11,10,10040828,Kaulsdorf Nord,2019,3,10,5,3,5,3,0,0,1,0,0,0,0,1,"811848,0433","5829318,869","13,59774","52,52452"
3442,192745,11,2,2030302,Lausitzer Platz,2019,3,7,5,3,5,2,0,1,1,0,0,0,0,1,"800671,4714","5825819,593","13,43034","52,49944"
3443,192746,11,12,12214424,Scharnweberstraße,2019,3,8,5,2,5,3,0,0,1,0,0,1,0,0,"792689,2488","5833256,902","13,31964","52,57045"
3444,192747,11,1,1011402,Arkonaplatz,2019,3,8,5,3,2,6,0,0,1,0,1,0,0,1,"798097,0905","5829959,453","13,39624","52,53796"
3445,192748,11,10,10030724,Oberfeldstraße,2019,3,10,5,3,5,7,0,0,1,0,0,0,0,1,"808621,2132","5829492,795","13,55049","52,52792"
3446,192749,11,11,11020514,Große-Leege-Straße,2019,3,10,5,3,5,2,0,1,1,0,0,0,0,0,"804458,1245","5830929,256","13,49063","52,54313"
3447,192750,11,10,10010308,Marzahner Chaussee,2019,3,9,5,3,2,6,0,0,1,0,0,0,0,1,"806581,1436","5829152,931","13,5202","52,52602"
3448,192751,11,4,4051654,Wilhelmsaue,2019,3,12,5,3,5,2,0,1,1,0,0,0,0,0,"793436,1219","5823922,293","13,32239","52,48637"
3449,192752,11,9,9051702,Bölschestraße,2019,3,12,5,3,1,5,0,1,1,0,0,0,0,0,"814372,092","5821212,33","13,62718","52,45043"
3450,192753,11,1,1033201,Brunnenstraße,2019,3,9,5,3,5,5,0,1,1,0,0,0,0,1,"797857,2657","5830383,978","13,39309","52,54189"
3451,192754,11,9,9052001,Köpenick Nord,2019,3,12,5,3,2,2,0,0,1,0,0,0,0,0,"810368,9041","5823529,692","13,57061","52,47349"
3452,192755,11,3,3040614,Pankow Zentrum,2019,3,14,5,3,3,6,0,1,1,0,0,0,0,0,"798894,903","5834982,494","13,41249","52,58254"
3453,192756,11,4,4041134,Bismarckallee,2019,3,6,4,2,5,3,0,1,1,0,0,0,0,1,"790855,3244","5823646,832","13,28425","52,48528"
3454,192757,11,4,4051653,Prager Platz,2019,3,14,5,3,6,7,0,0,1,1,0,0,0,0,"794357,1071","5824522,62","13,33645","52,49125"
3455,192758,11,3,3061227,Humannplatz,2019,3,7,5,3,6,4,0,1,0,1,0,0,0,1,"799955,1874","5831077,059","13,42456","52,54695"
3456,192759,11,7,7040403,Manteuffelstraße,2019,3,13,4,2,6,4,0,1,0,1,0,0,0,1,"797348,5944","5821909,513","13,37805","52,46621"
3457,192760,11,11,11051331,Karlshorst Nord,2019,3,5,5,3,5,3,2,1,0,0,0,0,1,1,"807327,7241","5824796,493","13,52715","52,48656"
3458,192761,11,9,9052001,Köpenick Nord,2019,3,9,4,3,2,2,0,0,1,0,0,0,0,0,"809220,1593","5823019,721","13,55328","52,46957"
3459,192762,11,3,3020203,Blankenfelde,2019,3,9,5,3,2,6,0,0,1,0,0,1,0,0,"798702,313","5837415,118","13,41185","52,60445"
3460,192763,11,4,4020314,Messegelände,2019,3,8,5,3,5,2,0,0,1,0,0,0,0,0,"790387,1065","5825672,243","13,27914","52,50368"
3461,192764,11,3,3020209,Niederschönhausen,2019,3,15,4,3,0,3,0,1,1,0,0,0,0,1,"797573,352","5835074,101","13,39313","52,58409"
3462,192765,11,7,7010101,Wittenbergplatz/Viktoria-Luise-Platz,2019,3,9,5,2,5,3,0,1,1,0,0,0,0,1,"794484,4116","5824915,594","13,33866","52,49471"
3463,192766,11,1,1011401,Invalidenstraße,2019,3,20,4,2,6,4,2,0,1,1,0,0,0,1,"798436,3438","5829161,565","13,40051","52,53062"
3464,192767,11,11,11010205,Falkenberg West,2019,3,0,5,2,6,4,2,0,1,1,0,0,0,0,"805854,5687","5833606,015","13,51362","52,56634"
3465,192768,11,8,8020620,Tempelhofer Weg,2019,3,14,4,3,3,6,0,0,1,0,0,1,0,0,"800630,8551","5820549,874","13,42499","52,45222"
3466,192769,11,4,4030931,Breitscheidplatz,2019,3,23,4,3,6,2,2,0,1,1,0,0,0,1,"794487,1926","5825868,287","13,33955","52,50324"
3467,192770,11,4,4051448,Schaperstraße,2019,3,10,4,3,5,2,0,0,1,0,0,0,0,0,"794231,0646","5825420,257","13,33539","52,49937"
3468,192771,11,5,5010209,An der Kappe,2019,3,16,4,3,5,2,0,0,1,0,0,0,0,0,"781905,797","5829565,512","13,15782","52,54304"
3469,192772,11,9,9020702,Adlershof Ost,2019,3,5,4,3,2,6,2,1,0,0,0,0,1,0,"809520,0078","5819769,871","13,55467","52,44027"
3470,192773,11,12,12302107,Schorfheidestraße,2019,3,5,4,3,5,3,2,0,1,0,0,0,0,1,"793844,7105","5836157,975","13,33921","52,59583"
3471,192774,11,10,10040933,Mahlsdorf Süd,2019,3,11,4,2,5,3,0,1,1,0,0,0,0,0,"813093,9946","5826504,899","13,6134","52,49859"
3472,192775,11,3,3030711,Blankenburg,2019,3,12,6,3,5,3,0,1,1,0,0,0,0,1,"801526,6469","5836125,721","13,45226","52,59134"
3473,192776,11,2,2050601,Hausburgviertel,2019,3,20,4,2,6,2,2,0,1,1,0,0,0,0,"801880,2092","5828990,558","13,45097","52,52719"
3474,192777,11,4,4051448,Schaperstraße,2019,3,20,4,3,5,2,2,1,1,0,0,0,0,0,"794168,2083","5825307,041","13,33437","52,49839"
3475,192778,11,6,6010210,Bismarckstraße,2019,3,5,4,3,6,2,2,0,1,1,0,0,0,1,"794786,7479","5821586,457","13,34016","52,4647"
3476,192779,11,5,5010206,Gütersloher Weg,2019,3,20,4,2,6,2,2,0,1,1,0,0,0,0,"781954,3838","5830607,801","13,15942","52,55236"
3477,192780,11,12,12214125,Waldidyll/Flughafensee,2019,3,19,4,3,5,2,2,0,1,0,0,0,0,0,"790690,321","5834316,046","13,29116","52,58101"
3478,192781,11,1,1011306,Heine-Viertel Ost,2019,3,6,4,3,5,5,2,0,1,0,1,0,0,1,"800063,6754","5826898,652","13,42239","52,50944"
3479,192782,11,2,2030401,Reichenberger Straße,2019,3,19,4,3,4,5,2,0,1,0,0,0,1,0,"800625,4603","5825255,542","13,42916","52,49441"
3480,192783,11,12,12231101,Hermsdorf,2019,3,18,4,3,5,3,1,0,1,0,0,0,0,1,"791418,4625","5838758,261","13,30579","52,62045"
3481,192784,11,2,2020202,Rathaus Yorckstraße,2019,3,16,4,3,2,2,0,0,1,0,0,0,0,0,"797943,2318","5825259,116","13,38977","52,49591"
3482,192785,11,8,8010404,Rixdorf,2019,3,16,4,2,3,6,0,0,1,0,1,0,1,0,"801520,9887","5823833,879","13,44102","52,48117"
3483,192786,11,11,11010309,Zingster Straße West,2019,3,6,4,3,4,7,2,0,1,0,0,0,0,0,"804225,406","5833409,672","13,48948","52,56549"
3484,192787,11,3,3071537,Kollwitzplatz,2019,3,15,4,3,5,3,0,0,1,0,0,0,0,0,"799527,8546","5829746,882","13,41708","52,53527"
3485,192788,11,9,9041402,Siedlung Kämmereiheide,2019,3,7,4,3,5,2,0,1,0,0,0,0,1,0,"812462,7442","5820103,141","13,59813","52,44159"
3486,192789,11,10,10040932,Alt-Mahlsdorf,2019,3,15,4,3,6,4,0,0,0,1,0,0,1,0,"812923,9996","5827950,735","13,61226","52,51165"
3487,192790,11,4,4030519,Kaiserin-Augusta-Allee,2019,3,7,4,3,1,5,0,1,1,0,0,0,0,0,"792661,5112","5828245,455","13,31482","52,52554"
3488,192791,11,4,4030415,Schloßgarten,2019,3,13,4,3,5,2,0,1,1,0,0,0,0,0,"791379,3619","5827491,813","13,29531","52,51947"
3489,192792,11,11,11030721,Rüdigerstraße,2019,3,19,5,3,6,2,2,0,1,1,0,0,0,1,"804632,9437","5827766,871","13,4903","52,51469"
3490,192793,11,4,4030931,Breitscheidplatz,2019,3,12,4,3,1,5,0,1,1,0,0,0,0,0,"794343,0171","5825940,22","13,33749","52,50397"
3491,192794,11,1,1022202,Heidestraße,2019,3,13,4,3,5,2,0,0,1,0,0,0,0,0,"795664,665","5829738,324","13,36028","52,5373"
3492,192795,11,6,6020409,Königsberger Straße,2019,3,11,4,3,5,7,0,1,1,0,0,0,0,0,"794061,1949","5818772,899","13,32703","52,43987"
3493,192796,11,7,7030301,Friedenau,2019,3,13,4,3,1,7,0,0,1,0,0,0,1,0,"793645,4629","5822419,666","13,32414","52,47278"
3494,192797,11,1,1011101,Stülerstraße,2019,3,11,4,3,5,3,0,1,1,0,0,0,0,0,"795306,8497","5826271,315","13,35195","52,50641"
3495,192798,11,1,1011201,Wilhelmstraße,2019,3,11,4,2,5,2,0,1,1,0,0,0,0,0,"796961,1086","5826699,89","13,37663","52,50936"
3496,192799,11,1,1022202,Heidestraße,2019,3,13,4,3,5,2,0,1,1,0,0,0,0,0,"795668,9129","5829732,336","13,36034","52,53724"
3497,192800,11,7,7070703,John-Locke-Straße,2019,3,11,4,3,5,2,0,0,1,0,1,0,0,0,"799019,8548","5814282,127","13,39576","52,39692"
3498,192801,11,4,4030621,Spreestadt,2019,3,9,4,3,6,4,0,1,0,1,0,0,0,0,"793760,8617","5827072,999","13,32994","52,51444"
3499,192802,11,9,9051901,Dammvorstadt,2019,3,8,4,3,3,6,0,0,0,0,1,0,1,0,"810726,8885","5820929,841","13,57345","52,44998"
3500,192803,11,7,7020203,Kaiser-Wilhelm-Platz,2019,3,15,4,2,6,4,0,0,1,1,0,0,0,0,"795356,0127","5823479,369","13,35019","52,48136"
3501,192804,11,1,1033203,Humboldthain Nordwest,2019,3,7,4,3,5,2,0,0,1,0,0,0,0,0,"796852,9193","5830641,047","13,37856","52,54475"
3502,192805,11,4,4030621,Spreestadt,2019,3,15,4,3,2,6,0,0,1,0,0,0,1,0,"793294,4273","5827818,962","13,32374","52,52137"
3503,192806,11,3,3030715,Heinersdorf,2019,3,7,4,3,5,2,0,1,1,0,0,0,0,0,"800883,1644","5833381,892","13,4403","52,5671"
3504,192807,11,10,10040931,Mahlsdorf Nord,2019,3,6,4,3,6,4,1,0,1,1,0,0,0,0,"813278,5266","5829057,579","13,61851","52,52136"
3505,192808,11,5,5010314,Carl-Schurz-Straße,2019,3,15,4,3,0,2,0,0,1,0,0,0,1,0,"784846,5804","5829228,539","13,20078","52,53849"
3506,192809,11,3,3040614,Pankow Zentrum,2019,3,15,3,3,5,3,0,1,1,0,0,0,0,0,"797774,0077","5832965,555","13,39419","52,56508"
3507,192810,11,4,4030726,Droysenstraße,2019,3,19,5,3,5,3,2,1,1,0,0,0,0,1,"792090,9226","5825310,163","13,30386","52,49953"
3508,192811,11,6,6010101,Fichtenberg,2019,3,8,3,3,5,3,0,1,0,0,0,0,1,0,"792715,0329","5821673,533","13,30983","52,46659"
3509,192812,11,4,4051445,Eisenzahnstraße,2019,3,21,3,3,6,2,2,1,0,1,0,0,0,0,"792337,216","5824074,31","13,30639","52,48832"
3510,192813,11,2,2050802,Boxhagener Platz,2019,3,19,3,3,5,3,2,0,1,0,0,0,1,1,"802524,2252","5827271,208","13,45887","52,51142"
3511,192814,11,11,11030619,Fennpfuhl Ost,2019,3,16,4,2,5,7,0,0,1,0,1,0,0,0,"804146,4714","5829812,456","13,48503","52,5333"
3512,192815,11,4,4041134,Bismarckallee,2019,3,19,3,3,2,6,2,0,1,0,0,0,0,1,"790861,2747","5824620,665","13,28519","52,494"
3513,192816,11,2,2010103,Moritzplatz,2019,3,19,3,3,5,2,2,1,1,0,0,0,0,0,"799118,3786","5826276,424","13,40794","52,50438"
3514,192817,11,4,4030620,Alt-Lietzow,2019,3,16,4,3,2,7,0,1,1,0,0,0,0,0,"792611,259","5827365,268","13,31331","52,51767"
3515,192818,11,7,7020203,Kaiser-Wilhelm-Platz,2019,3,18,3,3,6,2,2,0,1,1,0,0,0,1,"796116,3313","5824097,043","13,3619","52,48649"
3516,192819,11,1,1011105,Nördlicher Landwehrkanal,2019,3,18,3,3,5,3,2,1,1,0,0,0,0,1,"795848,7077","5826675,736","13,36027","52,50975"
3517,192820,11,8,8010406,Treptower Straße Nord,2019,3,19,3,3,5,2,2,1,1,0,0,0,0,1,"802025,7381","5824298,294","13,44885","52,48505"
3518,192821,11,5,5010312,Kurstraße,2019,3,16,4,2,5,7,0,0,1,0,0,0,0,0,"784826,8174","5830252,302","13,20137","52,54768"
3519,192822,11,7,7040405,Rathaus Tempelhof,2019,3,17,3,3,5,3,2,0,1,0,0,0,0,1,"799070,0521","5821704,455","13,40313","52,46343"
3520,192823,11,7,7070705,Franziusweg/Rohrbachstraße,2019,3,18,4,3,5,2,1,1,1,0,0,0,0,0,"798388,65","5813699,983","13,38599","52,39205"
3521,192824,11,1,1022206,Lüneburger Straße,2019,3,17,3,2,6,4,1,0,1,1,0,0,0,1,"796203,8335","5828205,897","13,36684","52,52327"
3522,192825,11,8,8010404,Rixdorf,2019,3,16,3,2,6,7,0,0,1,1,0,0,0,0,"801713,0865","5823697,488","13,44372","52,47984"
3523,192826,11,2,2020204,Urbanstraße,2019,3,20,4,3,0,1,2,1,1,0,0,0,0,0,"798458,6781","5824735,743","13,39687","52,49094"
3524,192827,11,9,9051701,Hirschgarten,2019,3,15,3,3,5,3,2,1,1,0,0,0,0,0,"813348,9456","5821562,382","13,6125","52,45416"
3525,192828,11,1,1011101,Stülerstraße,2019,3,15,3,3,3,6,0,0,1,0,1,0,0,1,"794479,5559","5826092,151","13,33963","52,50526"
3526,192829,11,6,6020302,Komponistenviertel Lankwitz,2019,3,23,4,3,6,7,2,0,1,1,0,0,0,1,"794684,2267","5819217,976","13,33657","52,44352"
3527,192830,11,4,4020310,Park Ruhwald,2019,3,10,3,3,6,3,0,0,1,1,0,0,0,1,"790347,57","5827464,472","13,28012","52,51977"
3528,192831,11,10,10020413,Gut Hellersdorf,2019,3,12,3,2,0,3,0,0,1,0,1,0,0,1,"811461,8337","5830676,287","13,59334","52,53691"
3529,192832,11,6,6040810,Dahlem,2019,3,12,3,2,5,2,0,0,1,0,0,1,0,0,"791226,5729","5820636,548","13,28708","52,45809"
3530,192833,11,4,4030931,Breitscheidplatz,2019,3,16,3,3,2,6,0,0,1,0,0,0,1,0,"794095,212","5826439,412","13,33429","52,50858"
3531,192834,11,11,11020515,Landsberger Allee,2019,3,6,3,3,6,4,1,0,0,1,1,0,0,0,"803600,4629","5830227,555","13,47738","52,53732"
3532,192835,11,1,1011402,Arkonaplatz,2019,3,6,3,3,5,2,0,1,1,0,0,0,0,0,"798798,1988","5829172,914","13,40584","52,53052"