,id,city,district,lor,street,year,month,hour,weekday,category,collision,movement,light_conditions,bicycle,car,pedestrian,motorbike,truck,other_vehicle,road_conditions,LINREFX,LINREFY,XGCSWGS84,YGCSWGS84
3533,192836,11,2,2010102,Mehringplatz,2019,3,9,3,2,1,5,0,1,1,0,0,0,0,0,"798037,3036","5826555,497","13,39231","52,50748"
3534,192837,11,12,12302212,Rollbergesiedlung,2019,3,6,3,3,0,3,0,0,1,0,1,0,0,1,"792791,1302","5837479,513","13,32487","52,60825"
3535,192838,11,7,7030301,Friedenau,2019,3,19,3,3,0,2,2,0,1,0,0,0,1,0,"794241,9163","5822036,98","13,33256","52,46903"
3536,192839,11,1,1011203,Unter den Linden Süd,2019,3,6,3,3,5,3,0,0,1,0,0,0,0,0,"797782,9293","5827352,193","13,38929","52,51476"
3537,192840,11,1,1022103,Westhafen,2019,3,7,3,3,3,6,0,1,0,0,0,1,0,0,"795649,8481","5829746,648","13,36007","52,53738"
3538,192841,11,3,3040513,Schönholz,2019,3,19,3,2,5,3,2,1,1,0,0,0,0,0,"797412,3571","5833971,488","13,38977","52,57429"
3539,192842,11,3,3061332,Helmholtzplatz,2019,3,8,3,3,2,2,0,1,1,0,0,0,0,0,"799927,3735","5830736,112","13,42385","52,54391"
3540,192843,11,2,2020204,Urbanstraße,2019,3,8,3,3,5,3,0,1,1,0,0,0,0,0,"799102,428","5825207,14","13,40675","52,49481"
3541,192844,11,6,6020409,Königsberger Straße,2019,3,17,3,3,0,2,0,1,1,0,0,0,0,1,"793122,9027","5817654,353","13,31229","52,43034"
3542,192845,11,3,3050920,Weißer See,2019,3,19,3,3,5,3,2,0,1,0,0,0,0,0,"802185,2157","5832421,244","13,45857","52,55777"
3543,192846,11,1,1033202,Humboldthain Süd,2019,3,9,3,3,6,4,0,0,1,1,0,0,0,0,"797744,8473","5829711,43","13,39084","52,53593"
3544,192847,11,1,1044203,Leopoldplatz,2019,3,5,5,3,0,6,2,0,1,0,1,0,0,1,"795085,2848","5831211,714","13,35308","52,55082"
3545,192848,11,1,1011305,Heine-Viertel West,2019,3,9,3,3,5,2,0,1,1,0,0,0,0,0,"799648,6808","5827039,581","13,41642","52,51093"
3546,192849,11,4,4020310,Park Ruhwald,2019,3,17,3,3,5,2,1,1,1,0,0,0,0,0,"790373,8651","5827299,193","13,28037","52,51828"
3547,192850,11,6,6030610,Lichterfelde West,2019,3,10,3,3,5,3,0,0,1,0,0,0,0,0,"792933,5835","5817745,462","13,30959","52,43126"
3548,192851,11,4,4030620,Alt-Lietzow,2019,3,11,3,3,5,3,0,0,1,0,0,0,0,0,"791992,0613","5827500,99","13,30432","52,51922"
3549,192852,11,5,5030730,Zitadellenweg,2019,3,16,3,3,5,3,0,1,1,0,0,0,0,0,"786453,0434","5831100,42","13,22602","52,55443"
3550,192853,11,4,4051653,Prager Platz,2019,3,11,3,3,5,2,0,1,1,0,0,0,0,0,"794040,2623","5824716,526","13,33197","52,49316"
3551,192854,11,4,4030417,Schloßstraße,2019,3,18,3,3,5,3,2,1,1,0,0,0,0,1,"791493,2201","5827210,917","13,29674","52,51689"
3552,192855,11,1,1011204,Leipziger Straße,2019,3,16,3,3,5,7,0,0,1,0,0,0,0,0,"798525,9738","5826770,855","13,39968","52,50914"
3553,192856,11,2,2050802,Boxhagener Platz,2019,3,16,3,3,1,5,0,1,1,0,0,0,0,1,"802304,3386","5827104,549","13,45549","52,51005"
3554,192857,11,11,11030618,Fennpfuhl West,2019,3,17,3,3,5,3,0,0,1,0,0,0,0,0,"802949,9153","5829190,773","13,46687","52,52839"
3555,192858,11,2,2020202,Rathaus Yorckstraße,2019,3,16,3,2,6,4,0,0,1,1,0,0,0,0,"797867,016","5825068,566","13,38848","52,49424"
3556,192859,11,7,7040403,Manteuffelstraße,2019,3,16,3,3,5,3,0,1,1,0,0,0,0,0,"797389,141","5821873,231","13,37861","52,46586"
3557,192860,11,1,1011105,Nördlicher Landwehrkanal,2019,3,9,2,3,1,5,0,1,1,0,0,0,0,0,"796736,1946","5826827,547","13,37344","52,51063"
3558,192861,11,1,1011401,Invalidenstraße,2019,3,17,3,3,5,3,0,1,0,0,0,1,0,0,"797843,4225","5829077,815","13,39172","52,53019"
3559,192862,11,2,2020206,Graefekiez,2019,3,18,2,3,2,2,2,0,1,0,0,0,0,1,"799685,1834","5824504,007","13,41467","52,48819"
3560,192863,11,8,8010406,Treptower Straße Nord,2019,3,18,5,3,5,3,2,1,1,0,0,0,0,1,"802381,5512","5824040,972","13,45384","52,48255"
3561,192864,11,4,4051446,Preußenpark,2019,3,16,2,3,6,4,0,0,1,1,0,0,0,0,"792827,8656","5824351,434","13,31384","52,49054"
3562,192865,11,4,4051653,Prager Platz,2019,3,16,2,3,2,6,1,0,1,0,0,0,0,1,"793993,6301","5824427,361","13,33103","52,49059"
3563,192866,11,2,2020206,Graefekiez,2019,3,16,2,3,5,3,0,1,1,0,0,0,0,0,"799611,2848","5824523,634","13,4136","52,4884"
3564,192867,11,6,6010102,Schloßstraße,2019,3,15,2,3,2,6,0,0,1,0,0,0,0,0,"793619,4948","5820552,137","13,32212","52,45606"
3565,192868,11,1,1022101,Huttenkiez,2019,3,14,2,3,5,7,0,0,1,0,1,0,0,0,"793271,9817","5828544,641","13,32405","52,52789"
3566,192869,11,5,5030730,Zitadellenweg,2019,3,14,3,3,2,6,0,0,1,0,0,0,0,0,"786448,556","5830945,616","13,22582","52,55305"
3567,192870,11,10,10010310,Alt-Marzahn,2019,3,14,2,3,5,3,0,0,1,0,0,0,0,0,"807807,0029","5830769,237","13,53971","52,53982"
3568,192871,11,6,6020410,Oberhofer Platz,2019,3,12,2,3,3,6,0,1,1,0,0,0,0,1,"794242,6885","5817028,558","13,32816","52,42413"
3569,192872,11,3,3061332,Helmholtzplatz,2019,3,11,3,3,5,7,0,1,0,0,0,0,1,0,"799735,9922","5830870,747","13,42115","52,54523"
3570,192873,11,7,7060604,Marienfelde Süd,2019,3,13,2,3,5,2,0,0,1,0,0,0,1,1,"795808,6524","5816024,528","13,35024","52,41429"
3571,192874,11,6,6020408,Lichterfelde Süd,2019,3,13,2,3,1,5,0,0,1,0,1,0,0,1,"792834,508","5816448,972","13,307","52,41969"
3572,192875,11,8,8010211,Flughafenstraße,2019,3,10,3,3,5,3,0,1,0,0,0,0,1,1,"800440,1271","5823728,065","13,42506","52,48082"
3573,192876,11,7,7040401,Neu-Tempelhof,2019,3,12,2,3,5,3,0,0,1,0,0,0,0,1,"797105,54","5823462,511","13,37586","52,48026"
3574,192877,11,4,4030518,Tegeler Weg,2019,3,12,2,3,5,3,0,0,1,0,0,0,0,1,"791479,6966","5828283,765","13,29748","52,52651"
3575,192878,11,1,1033102,Gesundbrunnen,2019,3,11,2,3,1,5,0,0,1,0,1,0,0,0,"797571,4507","5831290,818","13,38971","52,55018"
3576,192879,11,4,4051653,Prager Platz,2019,3,10,3,3,6,4,0,1,0,1,0,0,0,0,"794137,395","5824705,94","13,33338","52,49301"
3577,192880,11,4,4020313,Königin-Elisabeth-Straße,2019,3,9,2,3,2,6,0,0,1,0,0,0,0,1,"790214,796","5826660,659","13,27747","52,51264"
3578,192881,11,8,8010404,Rixdorf,2019,3,17,5,3,2,6,2,0,1,0,0,0,0,1,"802603,269","5823076,336","13,45622","52,47378"
3579,192882,11,4,4030623,Ernst-Reuter-Platz,2019,3,6,2,3,3,6,0,0,1,0,0,0,0,1,"792999,8361","5826960,768","13,31866","52,51384"
3580,192883,11,4,4030930,George-Grosz-Platz,2019,3,18,2,3,5,2,1,0,1,0,1,0,0,1,"792961,1267","5825687,952","13,31697","52,50245"
3581,192884,11,4,4051448,Schaperstraße,2019,3,9,3,3,5,2,0,0,1,0,1,0,0,0,"794172,1556","5825317,13","13,33443","52,49847"
3582,192885,11,1,1011204,Leipziger Straße,2019,3,19,2,3,5,3,2,1,1,0,0,0,0,1,"798020,6032","5826589,865","13,3921","52,50779"
3583,192886,11,9,9020701,Adlershof West,2019,3,19,2,3,5,3,2,1,1,0,0,0,0,1,"807874,7835","5818129,657","13,52903","52,4265"
3584,192887,11,2,2020202,Rathaus Yorckstraße,2019,3,8,3,2,6,2,0,0,0,1,0,1,0,0,"797945,1393","5825258,906","13,3898","52,49591"
3585,192888,11,2,2020206,Graefekiez,2019,3,20,2,2,5,3,2,1,1,0,0,0,0,1,"799561,8065","5824891,292","13,41321","52,49173"
3586,192889,11,1,1022202,Heidestraße,2019,3,22,2,2,5,2,2,0,1,0,0,0,0,1,"795665,74","5829739,276","13,3603","52,53731"
3587,192890,11,9,9010101,Elsenstraße,2019,3,8,3,3,5,3,0,1,1,0,0,0,0,1,"802121,3644","5825068,427","13,45095","52,4919"
3588,192891,11,1,1011301,Charitéviertel,2019,3,23,2,2,6,4,2,0,1,1,0,0,0,0,"796859,435","5828863,782","13,37707","52,52881"
3589,192892,11,1,1011201,Wilhelmstraße,2019,3,8,3,3,5,3,0,1,1,0,0,0,0,1,"797646,8075","5826896,191","13,38688","52,51074"
3590,192893,11,5,5010314,Carl-Schurz-Straße,2019,3,17,2,2,6,4,1,0,1,1,0,0,0,1,"784616,0214","5828841,983","13,19706","52,53515"
3591,192894,11,9,9020702,Adlershof Ost,2019,3,8,2,3,5,3,0,0,1,0,0,0,0,0,"809468,6383","5819066,285","13,55326","52,434"
3592,192895,11,2,2020203,Viktoriapark,2019,3,0,3,3,5,3,2,0,1,0,0,0,0,1,"797809,833","5824908,594","13,3875","52,49284"
3593,192896,11,11,11030721,Rüdigerstraße,2019,3,17,2,2,0,1,0,1,0,0,0,0,0,1,"805209,7064","5828125,408","13,4991","52,51758"
3594,192897,11,5,5010314,Carl-Schurz-Straße,2019,3,6,3,3,0,6,0,0,0,0,1,0,1,1,"784969,3741","5829415,118","13,20275","52,5401"
3595,192898,11,10,10040933,Mahlsdorf Süd,2019,3,4,2,3,0,6,2,0,1,0,0,0,1,1,"813149,0614","5826930,516","13,61461","52,50237"
3596,192899,11,1,1044103,Westliche Müllerstraße,2019,3,13,2,3,0,1,0,0,0,0,1,0,0,1,"795186,3645","5831034,125","13,3544","52,54917"
3597,192900,11,6,6030502,Zehlendorf Süd,2019,3,7,3,3,5,2,0,1,1,0,0,0,0,0,"790233,2817","5814957,489","13,26757","52,40771"
3598,192901,11,12,12302110,Dannenwalder Weg,2019,3,18,1,3,5,2,1,1,1,0,0,0,0,0,"794990,7913","5836323,183","13,35623","52,59669"
3599,192902,11,8,8020619,Buschkrugallee Nord,2019,3,13,1,3,5,2,0,0,1,0,0,0,0,1,"801856,445","5821906,435","13,4442","52,46371"
3600,192903,11,4,4030827,Karl-August-Platz,2019,3,7,3,3,3,6,0,0,1,0,1,0,0,0,"792344,7515","5826120,703","13,3083","52,50666"
3601,192904,11,9,9030901,Dorf Altglienicke,2019,3,0,1,2,1,5,2,0,1,0,0,0,0,0,"808008,877","5816742,563","13,52972","52,41399"
3602,192905,11,4,4020310,Park Ruhwald,2019,3,22,1,3,4,1,2,0,1,0,0,0,1,1,"790223,1405","5828157,83","13,2789","52,52606"
3603,192906,11,1,1033203,Humboldthain Nordwest,2019,3,16,3,3,2,6,0,0,1,0,0,0,0,0,"796957,3703","5831433,892","13,3808","52,5518"
3604,192907,11,3,3061131,Falkplatz,2019,3,18,1,3,0,6,2,0,1,0,1,0,0,1,"799180,0805","5830843,803","13,41296","52,54529"
3605,192908,11,3,3030715,Heinersdorf,2019,3,8,3,3,5,2,0,1,1,0,0,0,0,1,"800131,6555","5833862,363","13,42968","52,57182"
3606,192909,11,1,1011304,Karl-Marx-Allee,2019,3,17,1,3,5,2,1,1,1,0,0,0,0,1,"800051,239","5828091,307","13,42328","52,52014"
3607,192910,11,5,5020625,Borkumer Straße,2019,3,16,1,3,2,1,0,0,1,0,1,0,0,1,"783743,6279","5828681,991","13,1841","52,53417"
3608,192911,11,5,5020626,Adamstraße,2019,3,16,3,3,6,4,0,0,1,1,0,0,0,0,"784701,7652","5827687,064","13,19733","52,52475"
3609,192912,11,2,2010104,Wassertorplatz,2019,3,15,1,3,3,6,0,0,1,0,1,0,0,1,"799860,4213","5825697,363","13,41832","52,49879"
3610,192913,11,4,4020208,Kranzallee,2019,3,15,1,3,5,3,0,0,1,0,0,0,0,1,"788805,0654","5825931,392","13,25612","52,50685"
3611,192914,11,12,12214422,Klixstraße,2019,3,10,1,3,5,3,0,0,1,0,0,0,0,1,"792091,3586","5832945,375","13,31057","52,56798"
3612,192915,11,3,3040614,Pankow Zentrum,2019,3,8,3,3,1,5,0,1,1,0,0,0,0,1,"798737,7957","5833132,832","13,40851","52,56605"
3613,192916,11,6,6030504,Teltower Damm,2019,3,4,1,2,6,4,2,0,0,1,0,0,1,1,"788960,6713","5816411,527","13,25017","52,42142"
3614,192917,11,2,2020206,Graefekiez,2019,3,23,1,3,2,2,2,0,1,0,0,0,0,1,"800125,2433","5824422,947","13,42106","52,48722"
3615,192918,11,6,6020411,Schütte-Lanz-Straße,2019,3,10,1,3,2,6,0,0,1,0,0,0,0,1,"793387,3496","5816216,625","13,31491","52,41731"
3616,192919,11,3,3040614,Pankow Zentrum,2019,3,16,3,3,2,6,0,1,1,0,0,0,0,0,"799346,1554","5834261,743","13,41848","52,57583"
3617,192920,11,1,1044202,Sparrplatz,2019,3,10,1,3,5,3,0,0,1,0,0,0,0,0,"795409,961","5830258,652","13,357","52,5421"
3618,192921,11,1,1044201,Reinickendorfer Straße,2019,3,23,1,3,9,1,2,0,1,0,0,0,0,1,"797107,9674","5831922,887","13,38346","52,5561"
3619,192922,11,7,7010102,Nollendorfplatz,2019,3,13,7,3,2,6,0,0,1,0,0,0,0,0,"794964,4202","5825398,172","13,34614","52,49877"
3620,192923,11,7,7040404,Marienhöhe,2019,3,16,3,3,2,6,0,0,1,0,0,1,0,0,"796369,7041","5819726,733","13,36174","52,44717"
3621,192924,11,1,1011303,Alexanderplatzviertel,2019,3,17,7,3,6,4,1,0,1,1,0,0,0,0,"798961,3042","5828525,637","13,40765","52,52463"
3622,192925,11,3,3050920,Weißer See,2019,3,16,3,3,3,6,0,0,1,0,0,0,1,0,"802763,3012","5832374,953","13,46703","52,55703"
3623,192926,11,4,4030620,Alt-Lietzow,2019,3,18,7,3,5,2,2,1,1,0,0,0,0,0,"792174,1124","5827293,184","13,30682","52,51726"
3624,192927,11,5,5020524,Weinmeisterhornweg,2019,3,14,7,3,5,3,0,0,1,0,0,0,0,0,"783139,7998","5826434,053","13,17331","52,51432"
3625,192928,11,4,4030416,Klausenerplatz,2019,3,14,3,3,1,5,0,0,1,0,1,0,0,0,"790879,7646","5827050,138","13,28758","52,51578"
3626,192929,11,11,11020513,Orankesee,2019,3,13,7,3,5,2,0,0,1,0,0,0,0,0,"802883,73","5831201,591","13,46773","52,54645"
3627,192930,11,4,4030621,Spreestadt,2019,3,12,7,3,3,1,0,1,0,0,0,0,1,0,"793245,8398","5827801,771","13,32302","52,52125"
3628,192931,11,3,3051017,Rennbahnstraße,2019,3,18,7,3,5,3,2,0,1,0,0,0,0,0,"802494,4189","5832696,476","13,46337","52,56007"
3629,192932,11,4,4010101,Jungfernheide,2019,3,14,3,2,5,2,0,0,1,0,1,0,0,0,"791216,058","5829730,96","13,29487","52,53963"
3630,192933,11,7,7020203,Kaiser-Wilhelm-Platz,2019,3,12,7,3,6,4,0,1,0,1,0,0,0,0,"795726,978","5824016,603","13,35612","52,48598"
3631,192934,11,9,9020702,Adlershof Ost,2019,3,18,5,2,6,2,2,0,1,1,0,0,0,1,"809668,744","5819050,76","13,55618","52,43374"
3632,192935,11,2,2040502,Friedenstraße,2019,3,12,7,3,5,7,0,0,1,0,0,0,0,0,"800778,3025","5828423,489","13,43426","52,52272"
3633,192936,11,1,1022201,Stephankiez,2019,3,6,7,3,2,6,2,0,1,0,0,0,1,1,"795218,8942","5829333,622","13,35337","52,53391"
3634,192937,11,1,1011201,Wilhelmstraße,2019,3,19,7,3,2,2,2,0,1,0,0,0,0,0,"797180,9336","5827188,066","13,38029","52,51361"
3635,192938,11,12,12103218,Teichstraße,2019,3,14,3,3,5,3,0,0,1,0,0,0,0,0,"794831,4543","5833499,647","13,35138","52,57147"
3636,192939,11,8,8041037,Alt-Rudow,2019,3,19,7,2,6,7,2,1,0,1,0,0,0,0,"805777,9561","5817112,593","13,49736","52,41856"
3637,192940,11,1,1033202,Humboldthain Süd,2019,3,18,5,3,5,2,1,1,1,0,0,0,0,1,"796963,9548","5830140,609","13,37974","52,5402"
3638,192941,11,5,5020523,Maulbeerallee,2019,3,18,7,2,1,1,2,0,1,0,0,0,0,0,"782330,8149","5827312,483","13,16216","52,52262"
3639,192942,11,3,3071537,Kollwitzplatz,2019,3,1,7,3,5,5,2,0,1,0,0,0,0,0,"799342,9889","5829458,284","13,4141","52,53278"
3640,192943,11,4,4051446,Preußenpark,2019,3,18,2,3,6,2,1,0,1,1,0,0,0,0,"792914,2762","5824363,081","13,31512","52,4906"
3641,192944,11,11,11051332,Karlshorst Süd,2019,3,1,7,3,0,1,2,1,0,0,0,0,0,0,"806980,5867","5823416,997","13,52078","52,47439"
3642,192945,11,2,2050802,Boxhagener Platz,2019,3,15,6,2,5,2,0,1,1,0,0,0,0,0,"802110,0106","5827355,439","13,45286","52,51241"
3643,192946,11,3,3040818,Pankow Süd,2019,3,14,2,3,2,6,0,0,1,0,0,0,0,1,"799663,2174","5833724,552","13,42266","52,57085"
3644,192947,11,1,1011201,Wilhelmstraße,2019,3,17,6,3,2,2,1,0,1,0,0,0,0,0,"796974,4818","5826706,322","13,37683","52,50941"
3645,192948,11,8,8020622,Parchimer Allee,2019,3,17,6,3,6,4,0,1,0,1,0,0,0,0,"802238,0143","5819101,448","13,44726","52,43835"
3646,192949,11,2,2010104,Wassertorplatz,2019,3,16,6,3,2,3,0,1,0,0,0,0,1,0,"799574,8006","5825635,107","13,41407","52,49839"
3647,192950,11,2,2020204,Urbanstraße,2019,3,19,2,3,6,2,2,0,1,1,0,0,0,1,"798707,835","5824709,015","13,4005","52,49056"
3648,192951,11,3,3040614,Pankow Zentrum,2019,3,13,6,3,6,3,0,0,1,1,0,0,0,0,"798971,9462","5835025,925","13,41366","52,58289"
3649,192952,11,4,4020311,Reichsstraße,2019,3,12,2,3,6,2,0,0,1,1,0,0,0,0,"789727,1188","5826409,311","13,27009","52,51064"
3650,192953,11,4,4030931,Breitscheidplatz,2019,3,14,6,3,2,2,0,0,0,0,0,0,1,0,"793981,8524","5826162,257","13,33238","52,50615"
3651,192954,11,5,5020626,Adamstraße,2019,3,14,6,2,5,3,0,1,0,0,1,0,0,0,"784517,7478","5827998,304","13,19489","52,52763"
3652,192955,11,6,6010207,Mittelstraße,2019,3,12,2,3,5,7,0,0,1,0,1,0,0,1,"793478,6011","5820180,581","13,31973","52,4528"
3653,192956,11,4,4031032,Halensee,2019,3,12,6,3,5,3,0,0,1,0,0,0,0,0,"791642,0997","5824519,555","13,29657","52,49268"
3654,192957,11,9,9020701,Adlershof West,2019,3,13,6,3,5,2,0,1,1,0,0,0,0,0,"808325,7457","5818864,446","13,53632","52,43283"
3655,192958,11,6,6040809,Thielallee,2019,3,14,6,3,0,7,0,0,1,0,0,0,0,0,"791693,611","5819352,98","13,29281","52,44634"
3656,192959,11,1,1011303,Alexanderplatzviertel,2019,3,8,6,3,5,7,0,0,1,0,1,0,0,0,"798871,4315","5827929,594","13,4058","52,51934"
3657,192960,11,5,5030731,Gartenfelder Straße,2019,3,7,2,3,0,5,0,0,1,0,0,0,0,0,"786989,2124","5830133,217","13,23307","52,54548"
3658,192961,11,10,10030727,Biesdorf Süd,2019,3,8,6,2,0,6,0,0,1,0,0,0,1,0,"809546,1065","5827038,484","13,5618","52,5054"
3659,192962,11,3,3020209,Niederschönhausen,2019,3,14,6,3,5,3,0,1,1,0,0,0,0,0,"797965,2071","5835015,982","13,39884","52,58335"
3660,192963,11,9,9051701,Hirschgarten,2019,3,8,2,3,5,3,0,1,1,0,0,0,0,1,"813590,8992","5821668,966","13,61615","52,45497"
3661,192964,11,1,1011402,Arkonaplatz,2019,3,1,6,3,3,6,2,0,1,0,0,0,0,0,"798175,89","5829815,102","13,39727","52,53662"
3662,192965,11,8,8010213,Körnerpark,2019,3,19,6,3,5,3,2,0,1,0,0,0,0,0,"801230,9766","5822467,843","13,43553","52,46908"
3663,192966,11,3,3061441,Eldenaer Straße,2019,3,18,6,2,4,2,2,0,1,0,1,0,0,0,"802881,5991","5828633,541","13,46536","52,52343"
3664,192967,11,8,8010301,Reuterkiez,2019,3,10,2,3,2,6,0,0,0,0,0,0,1,0,"801132,6868","5824109,906","13,43557","52,48386"
3665,192968,11,1,1022207,Hansaviertel,2019,3,18,6,3,2,6,2,0,1,0,0,0,0,0,"794380,0342","5827618,864","13,33952","52,519"
3666,192969,11,4,4051446,Preußenpark,2019,3,11,2,3,5,3,0,1,1,0,0,0,0,1,"792730,7974","5824454,424","13,3125","52,49151"
3667,192970,11,5,5010206,Gütersloher Weg,2019,3,18,6,3,0,2,2,0,1,0,1,0,0,0,"782447,1142","5831049,668","13,16705","52,55607"
3668,192971,11,10,10040830,Kaulsdorf Süd,2019,2,13,5,3,3,6,0,1,0,0,0,0,1,0,"810926,2181","5826866,863","13,58191","52,50308"
3669,192972,11,10,10030727,Biesdorf Süd,2019,3,13,2,3,6,4,0,0,1,1,0,0,0,1,"809719,1147","5826252,779","13,56361","52,49826"
3670,192973,11,8,8010301,Reuterkiez,2019,2,16,5,3,5,3,0,0,1,0,1,0,0,0,"800667,8905","5825096,72","13,42964","52,49296"
3671,192974,11,4,4020311,Reichsstraße,2019,2,10,5,3,5,3,0,0,1,0,0,0,0,0,"789992,273","5826317,665","13,2739","52,50968"
3672,192975,11,8,8020620,Tempelhofer Weg,2019,3,15,2,3,5,3,0,0,1,0,0,0,0,1,"800866,1553","5820935,969","13,42879","52,45555"
3673,192976,11,5,5030833,Motardstraße,2019,2,12,5,3,5,2,0,0,1,0,1,0,0,0,"789197,438","5829295,488","13,26481","52,5368"
3674,192977,11,8,8040933,Vogelviertel Süd,2019,2,8,5,3,5,2,0,0,1,0,1,0,0,0,"802823,0839","5818895,289","13,45566","52,43618"
3675,192978,11,12,12304314,Ziekowstraße/Freie Scholle,2019,3,15,2,3,2,6,0,0,1,0,0,0,0,0,"790203,4545","5835864,46","13,28535","52,59516"
3676,192979,11,7,7040401,Neu-Tempelhof,2019,2,8,5,3,5,7,0,0,1,0,1,0,0,0,"797589,8291","5823875,455","13,38334","52,4837"
3677,192980,11,12,12214424,Scharnweberstraße,2019,2,15,5,3,5,3,0,0,1,0,0,0,0,0,"792823,8576","5832743,854","13,32117","52,56578"
3678,192981,11,8,8040933,Vogelviertel Süd,2019,2,15,5,2,5,2,0,0,1,0,0,0,0,0,"803573,5748","5818648,137","13,46644","52,43355"
3679,192982,11,11,11030618,Fennpfuhl West,2019,3,16,2,3,2,6,0,0,1,0,0,0,0,1,"803195,6948","5829601,537","13,47086","52,53194"
3680,192983,11,1,1022204,Thomasiusstraße,2019,2,16,5,2,6,4,0,0,1,1,0,0,0,0,"795204,7096","5828254,259","13,3522","52,52425"
3681,192984,11,11,11030619,Fennpfuhl Ost,2019,3,19,2,3,6,4,2,0,1,1,0,0,0,1,"803957,9886","5829072,214","13,48158","52,52677"
3682,192985,11,1,2040501,Barnimkiez,2019,2,16,5,2,3,6,1,1,0,0,0,0,0,0,"800252,5202","5828426,328","13,42654","52,52303"
3683,192986,11,4,4030620,Alt-Lietzow,2019,2,16,5,3,5,2,0,1,1,0,0,0,0,0,"792145,4044","5827329,869","13,30643","52,51761"
3684,192987,11,8,8030829,Gropiusstadt Nord,2019,3,21,2,2,6,4,2,0,1,1,0,0,0,1,"803126,2791","5818428,076","13,45968","52,43183"
3685,192988,11,1,1011203,Unter den Linden Süd,2019,2,17,5,3,6,7,1,0,1,1,0,0,0,0,"797796,8685","5827223,848","13,38938","52,5136"
3686,192989,11,12,12214527,Alt-Tegel,2019,2,11,5,3,6,7,0,0,1,1,0,0,0,0,"789990,4553","5835207,498","13,28164","52,58938"
3687,192990,11,11,11030720,Herzbergstraße,2019,2,11,5,2,5,2,0,0,1,0,1,0,0,0,"805177,535","5829640,98","13,50002","52,53118"
3688,192991,11,2,2020205,Chamissokiez,2019,3,22,2,3,2,6,2,1,0,0,0,1,0,1,"797955,4158","5824572,391","13,38933","52,48975"
3689,192992,11,3,3040614,Pankow Zentrum,2019,2,11,5,2,6,4,0,0,1,1,0,0,0,0,"798238,9904","5833057,411","13,40111","52,56565"
3690,192993,11,5,5010206,Gütersloher Weg,2019,3,5,5,2,6,4,2,0,1,1,0,0,0,1,"782362,4141","5830484,834","13,16532","52,55105"
3691,192994,11,8,8010117,Schillerpromenade,2019,3,8,2,3,3,6,0,0,0,0,0,0,1,1,"800471,8821","5823605,295","13,42541","52,4797"
3692,192995,11,2,2020206,Graefekiez,2019,3,19,5,3,5,2,2,0,1,0,1,0,0,1,"799966,9681","5824448,336","13,41876","52,48753"
3693,192996,11,10,10010309,Springpfuhl,2019,3,12,2,3,0,1,0,0,0,0,1,0,0,1,"807850,7033","5829081,968","13,53879","52,52467"
3694,192997,11,1,1011302,Oranienburger Straße,2019,3,10,1,3,5,2,0,1,1,0,0,0,0,0,"799060,3904","5829007,106","13,40954","52,52889"
3695,192998,11,2,2050802,Boxhagener Platz,2019,3,15,5,3,5,3,0,1,1,0,0,0,0,1,"802478,9704","5827048,91","13,458","52,50946"
3696,192999,11,7,7010104,Dennewitzplatz,2019,3,20,1,2,0,1,2,0,0,0,1,0,0,0,"796001,183","5825140,227","13,36114","52,4959"
3697,193000,11,9,9041402,Siedlung Kämmereiheide,2019,3,14,1,2,3,6,0,1,0,0,0,0,0,0,"812479,6566","5820105,84","13,59838","52,4416"
3698,193001,11,1,1022104,Emdener Straße,2019,3,22,5,3,6,2,2,0,1,1,0,0,0,1,"794559,7557","5828452,036","13,3429","52,52637"
3699,193002,11,9,9051801,Rahnsdorf/Hessenwinkel,2019,3,14,1,3,5,3,0,1,1,0,0,0,0,0,"818885,3831","5820468,318","13,69266","52,44115"
3700,193003,11,5,5010312,Kurstraße,2019,3,16,5,3,1,5,0,1,1,0,0,0,0,1,"785183,4255","5829463,044","13,20594","52,54042"
3701,193004,11,11,11020516,Weiße Taube,2019,3,13,1,3,3,6,0,1,1,0,0,0,0,0,"806095,2598","5830640,962","13,51443","52,53963"
3702,193005,11,8,8020625,Handwerker-Siedlung,2019,3,16,5,2,5,3,0,0,1,0,0,0,0,1,"801488,0742","5817852,985","13,43514","52,42758"
3703,193006,11,7,7030301,Friedenau,2019,3,12,1,3,2,6,0,0,1,0,0,0,0,0,"794301,1414","5822143,203","13,33352","52,46995"
3704,193007,11,1,1011301,Charitéviertel,2019,3,11,1,3,6,4,0,0,1,1,0,0,0,0,"796998,4923","5828875,872","13,37912","52,52884"
3705,193008,11,1,3071537,Kollwitzplatz,2019,3,11,1,3,2,7,0,1,1,0,0,0,0,0,"799502,4453","5828872,739","13,41592","52,52745"
3706,193009,11,7,7040401,Neu-Tempelhof,2019,3,10,1,3,5,3,0,0,1,0,0,0,0,0,"797018,1071","5823302,089","13,37444","52,47887"
3707,193010,11,6,6040810,Dahlem,2019,3,10,1,3,5,3,0,0,1,0,0,0,0,0,"790404,9748","5820902,902","13,27525","52,46092"
3708,193011,11,8,8041036,Zittauer Straße,2019,3,14,6,3,5,3,0,0,1,0,0,0,0,0,"804621,3515","5816384,309","13,47974","52,41268"
3709,193012,11,4,4030931,Breitscheidplatz,2019,3,0,1,3,5,2,2,1,1,0,0,0,0,0,"793915,4291","5825885,462","13,33116","52,50371"
3710,193013,11,12,12103218,Teichstraße,2019,3,13,1,1,6,4,0,0,0,1,1,0,0,0,"794621,4118","5832991,569","13,34783","52,56703"