,id,city,district,lor,street,year,month,hour,weekday,category,collision,movement,light_conditions,bicycle,car,pedestrian,motorbike,truck,other_vehicle,road_conditions,LINREFX,LINREFY,XGCSWGS84,YGCSWGS84
3888,193191,11,10,10010309,Springpfuhl,2019,3,7,4,3,0,7,0,0,1,0,0,0,1,0,"808579,1165","5830116,792","13,55045","52,53353"
3889,193192,11,7,7040403,Manteuffelstraße,2019,3,19,3,3,2,2,2,0,1,0,0,0,1,0,"797258,2891","5820960,583","13,37588","52,45775"
3890,193193,11,3,3061227,Humannplatz,2019,3,8,4,3,2,7,0,0,1,0,0,0,0,0,"799972,4039","5831087,45","13,42483","52,54704"
3891,193194,11,1,1011201,Wilhelmstraße,2019,3,8,4,2,5,2,0,1,0,0,0,1,0,0,"797472,9448","5826794,385","13,38423","52,50993"
3892,193195,11,4,4010103,Paul-Hertz-Siedlung,2019,3,10,4,3,3,6,0,0,1,0,0,1,0,0,"791145,0297","5829114,831","13,29329","52,53414"
3893,193196,11,12,12301204,Wittenau Nord,2019,3,15,3,3,5,3,0,1,1,0,0,0,0,0,"791666,943","5835558,051","13,30663","52,59163"
3894,193197,11,4,4030726,Droysenstraße,2019,3,11,4,2,5,3,0,1,1,0,0,0,0,0,"792284,5515","5825376,637","13,30676","52,50002"
3895,193198,11,8,8041036,Zittauer Straße,2019,3,7,4,3,5,3,0,1,1,0,0,0,0,0,"804393,3872","5815998,004","13,47605","52,40934"
3896,193199,11,1,1033203,Humboldthain Nordwest,2019,3,23,6,3,0,1,2,1,0,0,0,0,0,0,"796753,567","5830731,242","13,37718","52,54561"
3897,193200,11,1,1011202,Unter den Linden Nord,2019,3,15,3,3,0,4,0,1,0,1,0,0,0,1,"797673,9225","5827911,272","13,38819","52,51983"
3898,193201,11,4,4030620,Alt-Lietzow,2019,3,11,4,2,0,7,0,1,0,0,0,0,0,0,"791972,9208","5827382,286","13,30394","52,51817"
3899,193202,11,1,1033203,Humboldthain Nordwest,2019,3,19,4,1,6,4,1,0,1,1,0,0,1,0,"796569,7024","5829846,653","13,37369","52,53778"
3900,193203,11,9,9020701,Adlershof West,2019,3,11,5,3,5,2,0,1,0,0,0,1,0,0,"808470,0813","5819062,358","13,53862","52,43453"
3901,193204,11,4,4030726,Droysenstraße,2019,3,13,3,3,1,5,0,1,1,0,0,0,1,0,"792066,01","5825835,733","13,30395","52,50425"
3902,193205,11,5,5020626,Adamstraße,2019,3,15,3,3,6,4,0,0,1,1,0,0,0,1,"784743,3609","5827446,28","13,19774","52,52257"
3903,193206,11,6,6010209,Feuerbachstraße,2019,3,9,3,3,5,3,0,0,1,0,1,0,0,0,"794458,5651","5821330,194","13,33512","52,46258"
3904,193207,11,6,6020303,Lankwitz Kirche,2019,3,15,3,2,1,5,0,0,1,0,1,0,0,1,"795271,8455","5818360,548","13,34443","52,43552"
3905,193208,11,8,8010510,Gewerbegebiet Köllnische Heide,2019,3,8,3,2,5,3,0,0,1,0,0,0,0,0,"803651,0589","5821882,03","13,47051","52,46249"
3906,193209,11,3,3030711,Blankenburg,2019,3,7,3,3,5,2,0,1,1,0,0,0,0,0,"801915,263","5836369,608","13,4582","52,59331"
3907,193210,11,8,8010509,Schulenburgpark,2019,3,15,3,3,5,3,0,1,1,0,0,0,0,1,"804053,4221","5821923,049","13,47646","52,46264"
3908,193211,11,6,6040701,Wannsee,2019,3,18,3,2,1,5,1,1,1,0,0,0,0,0,"784508,0861","5816918,154","13,1853","52,42829"
3909,193212,11,1,1011301,Charitéviertel,2019,3,19,3,3,3,6,2,0,1,0,0,0,0,0,"796769,1493","5828812,499","13,37569","52,5284"
3910,193213,11,3,3061228,Erich-Weinert-Straße,2019,3,16,6,3,2,6,0,0,1,0,1,0,0,0,"800337,5384","5831570,58","13,43063","52,55117"
3911,193214,11,8,8010117,Schillerpromenade,2019,3,15,3,3,6,4,0,0,1,1,0,0,0,1,"800511,8271","5823453,694","13,42586","52,47832"
3912,193215,11,8,8020622,Parchimer Allee,2019,3,15,3,3,6,4,0,0,1,1,0,0,0,1,"801434,7689","5820279,604","13,43655","52,44936"
3913,193216,11,5,5010103,Amorbacher Weg,2019,3,19,3,3,5,3,2,0,1,0,0,0,0,0,"784584,9932","5831089,472","13,19853","52,55531"
3914,193217,11,11,11020513,Orankesee,2019,3,23,3,3,5,2,2,0,1,0,0,0,1,0,"802896,9356","5831227,324","13,46795","52,54667"
3915,193218,11,7,7010102,Nollendorfplatz,2019,3,16,6,3,0,2,0,0,1,0,1,0,0,0,"795206,5449","5825600,281","13,34988","52,50045"
3916,193219,11,1,1011102,Großer Tiergarten,2019,3,15,3,3,5,3,0,0,1,0,0,0,0,1,"795188,661","5827210,532","13,35104","52,5149"
3917,193220,11,7,7050503,Eisenacher Straße,2019,3,17,3,2,0,1,0,1,0,0,0,0,0,0,"798698,6943","5819666,822","13,39586","52,44537"
3918,193221,11,8,8010301,Reuterkiez,2019,3,20,5,3,1,5,2,1,1,0,0,0,0,1,"800713,5673","5824367,012","13,42965","52,48639"
3919,193222,11,1,1044102,Schillerpark,2019,3,11,3,3,1,5,0,0,1,0,0,1,0,0,"794779,4101","5831849,454","13,34914","52,5567"
3920,193223,11,2,2040502,Friedenstraße,2019,3,15,3,3,2,6,0,0,1,0,0,0,0,1,"800463,8662","5828447,579","13,42967","52,52311"
3921,193224,11,4,4030929,Hindemithplatz,2019,3,11,3,2,0,5,0,0,1,0,1,0,0,0,"792720,6639","5825934,638","13,31365","52,50479"
3922,193225,11,12,12302109,Treuenbrietzener Straße,2019,3,15,3,3,5,3,0,0,1,0,0,0,0,1,"795733,6904","5837042,609","13,36781","52,60274"
3923,193226,11,7,7050503,Eisenacher Straße,2019,3,11,3,2,3,6,0,0,0,0,1,0,1,0,"799204,4594","5820009,838","13,40358","52,44817"
3924,193227,11,2,2020204,Urbanstraße,2019,3,9,3,3,0,2,0,1,0,0,0,0,1,0,"798294,7225","5824811,482","13,39453","52,4917"
3925,193228,11,1,1011302,Oranienburger Straße,2019,3,15,3,3,3,6,0,1,0,0,0,0,1,1,"798973,2369","5828493,056","13,4078","52,52433"
3926,193229,11,1,1044101,Rehberge,2019,3,9,3,3,6,4,0,0,1,1,0,0,0,0,"793889,3927","5830065,901","13,33447","52,5412"
3927,193230,11,5,5020627,Tiefwerder,2019,3,7,3,3,6,2,0,0,0,1,0,1,0,0,"785933,5814","5827990,236","13,2157","52,52682"
3928,193231,11,7,7010102,Nollendorfplatz,2019,3,14,6,3,5,2,0,0,1,0,0,0,0,0,"794951,6046","5825651,056","13,34618","52,50105"
3929,193232,11,6,6010209,Feuerbachstraße,2019,3,7,3,3,1,5,0,1,1,0,0,0,0,1,"794485,3376","5821467,248","13,33563","52,46379"
3930,193233,11,6,6020409,Königsberger Straße,2019,3,9,3,3,0,5,0,0,1,0,0,0,1,0,"793969,8681","5817489,275","13,32457","52,42841"
3931,193234,11,2,2050803,Stralauer Kiez,2019,3,17,3,3,3,2,0,0,1,0,1,0,0,0,"803061,3159","5825880,527","13,4655","52,49866"
3932,193235,11,1,1011303,Alexanderplatzviertel,2019,3,19,3,3,6,4,2,1,0,1,0,0,0,0,"799103,004","5828954,842","13,41012","52,5284"
3933,193236,11,2,2030302,Lausitzer Platz,2019,3,17,3,2,6,4,1,0,1,1,0,0,0,0,"800357,4339","5826061,977","13,42595","52,50178"
3934,193237,11,8,8010301,Reuterkiez,2019,3,16,3,3,5,2,0,0,1,0,0,0,0,0,"800759,3071","5824342,291","13,4303","52,48615"
3935,193238,11,5,5020626,Adamstraße,2019,3,15,3,3,0,4,0,0,0,1,0,0,1,0,"784763,7764","5827180,85","13,19781","52,52017"
3936,193239,11,7,7040401,Neu-Tempelhof,2019,3,13,3,3,1,7,0,1,0,0,0,0,1,0,"797631,6798","5823907,627","13,38399","52,48396"
3937,193240,11,3,3020209,Niederschönhausen,2019,3,14,3,3,5,2,0,1,0,0,0,0,0,0,"798041,6415","5834786,003","13,39976","52,58125"
3938,193241,11,5,5010313,Ackerstraße,2019,3,13,3,3,6,4,0,0,1,1,0,0,0,0,"784578,5718","5830320,116","13,19778","52,54842"
3939,193242,11,2,2050801,Traveplatz,2019,3,21,3,3,5,2,2,1,1,0,0,0,0,0,"803552,5218","5827193,532","13,47391","52,51016"
3940,193243,11,8,8010303,Donaustraße,2019,3,13,3,3,6,2,0,0,1,1,0,0,0,0,"801029,35","5823875,612","13,43384","52,48181"
3941,193244,11,4,4010101,Jungfernheide,2019,3,23,3,3,3,6,2,0,1,0,0,0,1,1,"791288,723","5830682,824","13,29678","52,54812"
3942,193245,11,1,1011303,Alexanderplatzviertel,2019,3,15,3,3,2,6,0,0,1,0,0,0,0,1,"799171,8904","5828976,076","13,41115","52,52855"
3943,193246,11,8,8010118,Silbersteinstraße,2019,3,12,3,3,3,6,0,0,1,0,1,0,1,1,"800764,3403","5822750,985","13,42894","52,47188"
3944,193247,11,10,10010206,Ringkolonnaden,2019,3,15,2,3,2,6,0,0,1,0,0,0,0,1,"808519,6937","5832441,41","13,55174","52,5544"
3945,193248,11,4,4030415,Schloßgarten,2019,3,21,5,3,6,2,2,0,1,1,0,0,0,1,"790804,6093","5827384,504","13,28677","52,51881"
3946,193249,11,1,1011401,Invalidenstraße,2019,3,15,2,3,1,5,0,1,1,0,0,0,0,1,"797176,8422","5829570,542","13,38236","52,53497"
3947,193250,11,2,2010101,Askanischer Platz,2019,3,6,3,3,5,2,0,1,1,0,0,0,0,0,"797744,2439","5826093,69","13,38759","52,5035"
3948,193251,11,8,8020625,Handwerker-Siedlung,2019,3,14,2,3,2,6,0,0,1,0,0,0,0,1,"801493,5084","5819225,629","13,43646","52,43988"
3949,193252,11,9,9030903,Kölner Viertel,2019,3,7,3,3,5,3,0,1,1,0,0,0,0,0,"808595,6418","5815755,434","13,53741","52,40482"
3950,193253,11,7,7050502,Fritz-Werner-Straße,2019,3,15,2,3,2,6,0,0,1,0,0,0,0,0,"797864,1275","5818822,81","13,38286","52,43826"
3951,193254,11,7,7020204,Schöneberger Insel,2019,3,15,2,3,0,2,0,0,1,0,1,0,0,1,"796048,4184","5823345,958","13,36024","52,47979"
3952,193255,11,2,2020203,Viktoriapark,2019,3,15,2,3,5,2,0,1,1,0,0,0,0,0,"797502,641","5824015,216","13,38219","52,485"
3953,193256,11,5,5030731,Gartenfelder Straße,2019,3,16,2,3,2,1,0,0,1,0,0,0,0,0,"787112,9255","5829378,47","13,23424","52,53865"
3954,193257,11,1,1011302,Oranienburger Straße,2019,3,17,2,2,5,3,1,1,0,0,0,0,0,1,"797913,2258","5828331,135","13,39208","52,52346"
3955,193258,11,8,8010301,Reuterkiez,2019,3,13,6,3,2,2,0,1,1,0,0,0,0,0,"801716,173","5824254,348","13,44427","52,48483"
3956,193259,11,1,1011303,Alexanderplatzviertel,2019,3,8,3,3,5,3,0,0,1,0,1,0,0,0,"799169,881","5827795,653","13,41006","52,51797"
3957,193260,11,1,1022204,Thomasiusstraße,2019,3,18,2,3,5,7,1,0,1,0,0,0,0,1,"794839,5041","5828303,352","13,34688","52,52488"
3958,193261,11,7,7030303,Grazer Platz,2019,3,18,2,3,6,2,1,0,1,1,0,0,0,1,"795229,5159","5822263,592","13,34726","52,47053"
3959,193262,11,3,3050923,Weißenseer Spitze,2019,3,8,3,3,5,3,0,1,1,0,0,0,0,0,"800420,4385","5832299,261","13,43251","52,55765"
3960,193263,11,2,2030302,Lausitzer Platz,2019,3,18,2,3,6,4,1,0,0,1,1,0,0,1,"800447,8684","5825898,905","13,42713","52,50027"
3961,193264,11,11,11040925,Victoriastadt,2019,3,18,2,3,5,3,1,1,0,0,0,0,1,1,"803619,017","5826582,501","13,47433","52,50464"
3962,193265,11,12,12224229,Konradshöhe/Tegelort,2019,3,9,3,3,1,5,0,1,1,0,0,0,0,0,"786169,7596","5834304,579","13,22462","52,58331"
3963,193266,11,5,5010310,Eckschanze,2019,3,18,2,2,6,4,1,0,1,1,0,0,0,1,"784776,0394","5830375,875","13,20073","52,54882"
3964,193267,11,7,7060604,Marienfelde Süd,2019,3,20,2,3,5,2,2,1,1,0,0,0,0,1,"796566,3081","5815869,989","13,36121","52,41249"
3965,193268,11,6,6040807,Zehlendorf Eiche,2019,3,12,5,2,1,5,0,0,1,0,0,0,1,1,"789706,856","5818413,4","13,26284","52,43897"
3966,193269,11,2,2020206,Graefekiez,2019,3,20,2,3,5,7,2,0,1,0,0,0,0,1,"800155,1275","5825054,002","13,42207","52,49286"
3967,193270,11,2,2030402,Wrangelkiez,2019,3,9,3,3,5,3,0,1,1,0,0,0,0,0,"801895,8754","5825670,013","13,44819","52,49742"
3968,193271,11,9,9051901,Dammvorstadt,2019,3,20,2,3,6,4,2,0,1,1,0,0,0,1,"811395,6628","5821164,189","13,58347","52,4517"
3969,193272,11,9,9020702,Adlershof Ost,2019,3,14,3,3,5,2,0,1,1,0,0,0,0,0,"809516,3314","5818774,6","13,55369","52,43136"
3970,193273,11,1,1033102,Gesundbrunnen,2019,3,22,2,3,5,2,2,1,1,0,0,0,0,1,"797161,6073","5831879,126","13,38421","52,55568"
3971,193274,11,6,6040810,Dahlem,2019,3,9,2,3,0,6,0,1,1,0,0,0,0,0,"791996,3412","5821478,858","13,29911","52,46523"
3972,193275,11,6,6030504,Teltower Damm,2019,3,14,3,3,5,2,0,1,1,0,0,0,0,1,"790598,4663","5815205,987","13,27314","52,40974"
3973,193276,11,3,3010101,Bucher Forst,2019,3,15,2,3,5,3,0,0,1,0,0,0,0,1,"803343,8236","5842648,203","13,48498","52,64879"
3974,193277,11,12,12302107,Schorfheidestraße,2019,3,15,2,3,0,1,0,0,0,0,1,0,0,1,"793734,7127","5836145,283","13,33758","52,59578"
3975,193278,11,5,5020626,Adamstraße,2019,3,22,6,2,6,2,2,0,1,1,0,0,0,0,"784548,2518","5828157,089","13,19548","52,52904"
3976,193279,11,2,2040701,Andreasviertel,2019,3,9,3,3,2,6,0,0,1,0,0,0,0,1,"800206,2487","5827467,181","13,42499","52,51446"
3977,193280,11,8,8010214,Glasower Straße,2019,3,14,2,3,0,3,0,1,1,0,0,0,0,1,"801804,2647","5821957,6","13,44348","52,46419"
3978,193281,11,4,4030518,Tegeler Weg,2019,3,14,5,2,6,4,0,0,1,1,0,0,0,1,"791568,8464","5828014,577","13,29856","52,52405"
3979,193282,11,8,8041037,Alt-Rudow,2019,3,14,2,3,2,6,0,0,1,0,0,0,0,1,"805551,7745","5818558,138","13,49536","52,43164"
3980,193283,11,11,11030720,Herzbergstraße,2019,3,10,3,3,5,3,0,0,1,0,0,0,0,0,"804678,321","5828701,204","13,49182","52,52304"
3981,193284,11,1,1011306,Heine-Viertel Ost,2019,3,13,2,3,6,2,0,0,0,1,0,0,1,0,"799985,7015","5826927,415","13,42127","52,50974"
3982,193285,11,7,7010101,Wittenbergplatz/Viktoria-Luise-Platz,2019,3,10,3,3,6,7,0,0,1,1,0,0,0,0,"794915,0567","5825407,358","13,34542","52,49888"
3983,193286,11,10,10030724,Oberfeldstraße,2019,3,12,2,3,2,6,0,0,1,0,0,0,0,0,"809635,8784","5829710,297","13,5656","52,52929"
3984,193287,11,8,8020622,Parchimer Allee,2019,3,9,5,2,1,5,0,0,1,0,1,0,0,1,"801495,8468","5820441,985","13,43759","52,45078"
3985,193288,11,4,4030623,Ernst-Reuter-Platz,2019,3,12,2,3,6,2,0,0,1,1,0,0,0,0,"793503,2255","5826470,505","13,32562","52,50917"
3986,193289,11,2,2020206,Graefekiez,2019,3,14,3,3,2,2,0,0,1,0,0,0,0,1,"799079,4598","5824615,105","13,40588","52,48951"
3987,193290,11,3,3030715,Heinersdorf,2019,3,11,2,3,5,2,0,0,1,0,0,0,0,0,"800122,7423","5833866,284","13,42955","52,57186"
3988,193291,11,9,9052001,Köpenick Nord,2019,3,10,3,3,6,4,0,0,1,1,0,0,0,0,"811342,3639","5822448,626","13,58389","52,46324"
3989,193292,11,10,10040932,Alt-Mahlsdorf,2019,3,11,2,3,5,3,0,1,1,0,0,0,0,0,"813439,4104","5828065,705","13,61994","52,51238"
3990,193293,11,2,2020202,Rathaus Yorckstraße,2019,3,7,2,3,3,6,0,0,1,0,0,1,0,0,"797881,9313","5825062,514","13,38869","52,49418"
3991,193294,11,1,1022104,Emdener Straße,2019,3,10,3,2,2,7,0,0,1,0,0,0,0,0,"794303,1318","5828483,01","13,33916","52,52678"
3992,193295,11,7,7070704,Nahariyastraße,2019,3,7,2,2,6,4,0,0,1,1,0,0,0,0,"800886,1873","5814178,714","13,42301","52,39498"
3993,193296,11,11,11051330,Karlshorst West,2019,3,8,2,3,1,5,0,1,1,0,0,0,0,0,"806610,9331","5825145,705","13,51695","52,49009"
3994,193297,11,2,2030402,Wrangelkiez,2019,3,13,6,2,5,3,0,1,1,0,0,0,0,0,"801874,7765","5825713,125","13,44792","52,49782"
3995,193298,11,1,1011104,Körnerstraße,2019,3,14,3,3,6,4,0,0,1,1,0,0,0,1,"796352,9474","5826134,047","13,36719","52,50462"
3996,193299,11,6,6030503,Zehlendorf Mitte,2019,3,9,2,2,5,3,0,0,1,0,0,0,1,0,"788362,9946","5817767,573","13,24257","52,43389"
3997,193300,11,3,3061126,Arnimplatz,2019,3,15,5,3,6,4,0,0,1,1,0,0,0,1,"799084,6752","5832199,511","13,41278","52,55749"
3998,193301,11,6,6020304,Kaiser-Wilhelm-Straße,2019,3,10,2,3,0,1,0,1,0,0,0,0,0,0,"794859,5309","5817943,433","13,33801","52,432"
3999,193302,11,12,12214125,Waldidyll/Flughafensee,2019,3,13,3,3,1,5,0,0,1,0,0,0,0,1,"791342,6392","5833160,638","13,29975","52,57031"
4000,193303,11,2,2020206,Graefekiez,2019,3,8,2,3,0,1,0,0,0,0,0,0,1,1,"799067,5283","5824625,215","13,40571","52,48961"
4001,193304,11,12,12103218,Teichstraße,2019,3,10,3,3,2,6,0,0,1,0,0,0,0,1,"794846,623","5833748,013","13,35182","52,57369"
4002,193305,11,2,2040502,Friedenstraße,2019,3,19,1,3,5,7,2,0,1,0,0,0,0,0,"800724,89","5827968,454","13,43307","52,51867"
4003,193306,11,8,8010301,Reuterkiez,2019,3,19,1,3,2,6,2,0,1,0,0,0,0,1,"801137,7538","5824126,159","13,43566","52,484"
4004,193307,11,9,9010401,Johannisthal West,2019,3,12,3,3,0,4,0,0,1,1,0,0,0,0,"805792,0064","5820334,51","13,50051","52,44743"
4005,193308,11,6,6010209,Feuerbachstraße,2019,3,18,1,3,5,3,2,0,1,0,0,0,0,1,"794642,0769","5821087,913","13,3376","52,46031"
4006,193309,11,12,12103116,Hausotterplatz,2019,3,15,1,2,5,3,0,0,1,0,1,0,0,0,"796281,5022","5833224,058","13,37246","52,56821"
4007,193310,11,12,12214422,Klixstraße,2019,3,11,1,3,2,6,0,0,1,0,0,0,0,0,"792116,6905","5833097,534","13,31108","52,56933"
4008,193311,11,12,12304313,Borsigwalde,2019,3,13,3,3,5,3,0,0,1,0,0,0,0,1,"791440,5252","5834734,935","13,30257","52,58437"
4009,193312,11,11,11040926,Weitlingstraße,2019,3,10,1,3,1,1,0,0,1,0,0,0,1,0,"805232,9283","5826380,06","13,49784","52,50193"
4010,193313,11,1,1011302,Oranienburger Straße,2019,3,11,1,3,2,6,0,0,1,0,0,0,0,0,"798857,927","5829030,984","13,40659","52,52922"
4011,193314,11,4,4020312,Branitzer Platz,2019,3,14,6,3,0,4,0,1,0,1,0,0,0,0,"789071,798","5827015,865","13,26099","52,51643"
4012,193315,11,2,2010103,Moritzplatz,2019,3,12,1,3,5,3,0,0,1,0,0,0,0,0,"799602,155","5825833,764","13,41465","52,50015"
4013,193316,11,1,1033203,Humboldthain Nordwest,2019,3,13,3,3,0,7,0,0,0,0,1,0,0,1,"795880,6404","5830598,592","13,36423","52,54489"
4014,193317,11,5,5010206,Gütersloher Weg,2019,3,14,1,3,5,2,0,0,1,0,0,0,0,1,"782364,715","5830494,274","13,16536","52,55113"
4015,193318,11,1,1044202,Sparrplatz,2019,3,14,1,3,5,7,0,0,1,0,0,0,0,1,"795108,5656","5830354,026","13,35266","52,54312"
4016,193319,11,3,3020209,Niederschönhausen,2019,3,17,1,3,9,1,1,0,1,0,0,0,0,1,"797279,8919","5835397,354","13,3891","52,58715"
4017,193320,11,4,4030930,George-Grosz-Platz,2019,3,12,3,3,2,6,0,0,1,0,0,0,0,1,"792937,4194","5825532,386","13,31649","52,50107"
4018,193321,11,9,9051901,Dammvorstadt,2019,3,19,1,3,2,6,2,0,1,0,0,0,0,1,"810755,659","5821230,344","13,57415","52,45266"
4019,193322,11,11,11040926,Weitlingstraße,2019,3,12,2,3,0,3,0,0,0,0,0,0,1,0,"804786,1684","5826286,232","13,4912","52,50134"
4020,193323,11,10,10010310,Alt-Marzahn,2019,3,20,1,2,5,2,2,1,1,0,0,0,0,1,"809635,794","5830391,691","13,56624","52,5354"
4021,193324,11,1,1011301,Charitéviertel,2019,3,21,1,3,2,6,2,0,1,0,0,0,0,1,"797615,3557","5828329,399","13,3877","52,52361"
4022,193325,11,12,12301203,Wittenau Süd,2019,3,7,2,2,6,4,0,0,1,1,0,0,0,1,"793557,9123","5835435,04","13,33435","52,58951"
4023,193326,11,3,3061227,Humannplatz,2019,3,10,1,3,1,5,0,0,1,0,0,0,0,0,"799949,3521","5831431,666","13,4248","52,55014"
4024,193327,11,3,3061227,Humannplatz,2019,3,9,1,3,5,3,0,0,1,0,0,0,1,0,"799842,9095","5831532,503","13,42332","52,5511"
4025,193328,11,1,1011204,Leipziger Straße,2019,3,21,5,3,5,3,2,0,1,0,0,0,0,1,"798862,1052","5826770,913","13,40462","52,50896"
4026,193329,11,11,11020514,Große-Leege-Straße,2019,3,8,1,3,5,3,0,0,1,0,1,0,0,0,"804682,6026","5830739,678","13,49376","52,54131"
4027,193330,11,5,5020417,Staakener Straße,2019,3,6,2,3,5,3,0,0,1,0,0,1,0,1,"782460,0271","5828519,059","13,16509","52,53337"
4028,193331,11,11,11020515,Landsberger Allee,2019,3,17,7,3,5,3,2,0,1,0,1,0,0,1,"805041,3408","5830416,583","13,49873","52,53821"
4029,193332,11,2,2050801,Traveplatz,2019,3,4,2,2,0,1,2,1,0,0,0,0,0,0,"803108,3288","5827107,481","13,4673","52,50963"
4030,193333,11,1,1011301,Charitéviertel,2019,3,18,7,2,1,5,2,1,1,0,0,0,0,1,"797610,5583","5828361,173","13,38766","52,5239"
4031,193334,11,7,7070705,Franziusweg/Rohrbachstraße,2019,3,12,7,2,1,5,0,1,1,0,0,0,0,1,"798656,4172","5813639,883","13,38986","52,39137"
4032,193335,11,11,11041128,Sewanstraße,2019,3,16,5,3,2,6,0,0,1,0,0,0,0,1,"805905,2116","5825953,036","13,50733","52,49772"
4033,193336,11,7,7020201,Bayerischer Platz,2019,3,13,7,3,1,5,0,0,1,0,0,0,0,1,"794563,4851","5824262,954","13,33925","52,48881"
4034,193337,11,6,6010208,Bergstraße,2019,3,0,2,2,5,7,2,0,1,0,0,0,0,0,"794339,5453","5820571,87","13,3327","52,45584"
4035,193338,11,7,7010102,Nollendorfplatz,2019,3,14,7,3,2,6,0,0,1,0,0,0,0,1,"795897,0686","5824963,269","13,35945","52,49437"
4036,193339,11,2,2030302,Lausitzer Platz,2019,3,16,2,3,2,6,0,1,0,0,0,0,0,0,"801646,5713","5826073,509","13,44489","52,50117"
4037,193340,11,1,1011204,Leipziger Straße,2019,3,15,7,3,2,6,0,0,1,0,0,0,0,1,"798883,3482","5827365,878","13,40547","52,51428"
4038,193341,11,7,2020205,Chamissokiez,2019,3,18,7,3,2,6,1,0,1,0,0,0,0,1,"798336,1916","5823980,052","13,3944","52,48423"
4039,193342,11,6,6040807,Zehlendorf Eiche,2019,3,17,2,3,6,4,0,0,1,1,0,0,0,0,"790173,1358","5818917,086","13,27012","52,44324"
4040,193343,11,8,8010404,Rixdorf,2019,3,18,7,3,6,4,1,0,1,1,0,0,0,1,"802571,4662","5823064,479","13,45574","52,47369"
4041,193344,11,6,6020303,Lankwitz Kirche,2019,3,18,7,3,6,2,1,0,1,1,0,0,0,1,"795909,969","5818720,015","13,35411","52,4384"
4042,193345,11,4,4030931,Breitscheidplatz,2019,3,9,6,3,1,5,0,1,1,0,0,0,0,0,"794384,5795","5825699,322","13,33789","52,50179"
4043,193346,11,9,9030902,Wohngebiet II,2019,3,9,2,3,5,3,0,0,1,0,0,0,1,1,"808172,3789","5815763,921","13,53122","52,40513"
4044,193347,11,7,7010102,Nollendorfplatz,2019,3,18,7,3,6,2,1,0,1,1,0,0,0,1,"794979,1224","5825230,728","13,34621","52,49726"
4045,193348,11,1,1011201,Wilhelmstraße,2019,3,18,7,3,0,3,1,0,1,0,0,0,1,1,"796945,022","5826780,999","13,37647","52,51009"
4046,193349,11,11,11030721,Rüdigerstraße,2019,3,7,5,3,6,4,0,0,1,1,0,0,0,1,"805207,726","5828190,635","13,49913","52,51817"
4047,193350,11,7,7020204,Schöneberger Insel,2019,3,19,7,3,6,4,1,0,1,1,0,0,0,1,"796345,8317","5822963,64","13,36427","52,4762"
4048,193351,11,7,7060604,Marienfelde Süd,2019,3,11,2,3,5,2,0,0,1,0,0,0,0,0,"797601,4622","5815557,194","13,3761","52,40913"
4049,193352,11,10,10010102,Havemannstraße,2019,3,19,7,3,6,2,2,0,1,1,0,0,0,1,"809783,5604","5834072,849","13,57184","52,5683"
4050,193353,11,1,1022206,Lüneburger Straße,2019,3,11,2,3,2,6,0,0,1,0,0,0,0,1,"796527,1046","5828671,573","13,37201","52,52727"
4051,193354,11,1,1044103,Westliche Müllerstraße,2019,3,20,7,3,2,6,2,0,1,0,0,0,0,1,"794885,5195","5831065,063","13,35001","52,54961"
4052,193355,11,11,11010205,Falkenberg West,2019,3,20,7,3,5,2,2,0,1,0,0,0,0,1,"805964,6703","5833685,583","13,51532","52,56699"
4053,193356,11,11,11020515,Landsberger Allee,2019,3,12,2,3,0,6,0,0,1,0,1,0,0,1,"803399,7437","5830004,106","13,47423","52,53543"
4054,193357,11,1,1033101,Soldiner Straße,2019,3,20,7,2,1,5,2,0,1,0,0,1,0,1,"797272,8649","5833186,517","13,38701","52,56733"
4055,193358,11,7,7040401,Neu-Tempelhof,2019,3,21,7,3,6,7,2,1,0,1,0,0,0,1,"798703,7066","5823950,383","13,39976","52,48376"
4056,193359,11,4,4030929,Hindemithplatz,2019,3,17,6,3,2,6,2,0,1,0,0,0,0,0,"792715,6143","5825785,787","13,31345","52,50346"
4057,193360,11,1,1033202,Humboldthain Süd,2019,3,21,7,3,6,4,2,0,1,1,0,0,0,1,"797738,8871","5829704,41","13,39075","52,53587"
4058,193361,11,4,4041342,Schlangenbader Straße,2019,3,10,7,3,5,2,0,0,1,0,0,0,0,0,"792526,692","5822912,069","13,30815","52,4778"
4059,193362,11,1,1011301,Charitéviertel,2019,3,12,2,3,1,5,0,1,1,0,0,0,0,0,"797598,454","5828437,201","13,38755","52,52458"
4060,193363,11,11,11051229,Rummelsburg,2019,3,10,7,2,6,4,0,0,1,1,0,0,0,0,"803810,6689","5826178,406","13,47677","52,50091"
4061,193364,11,7,7020204,Schöneberger Insel,2019,3,6,7,2,1,1,1,0,1,0,0,0,1,0,"796097,2418","5823928,615","13,36147","52,48499"
4062,193365,11,8,8010118,Silbersteinstraße,2019,3,18,6,3,5,3,0,0,1,0,0,0,0,0,"801114,9198","5821902,753","13,43332","52,46408"
4063,193366,11,1,1033203,Humboldthain Nordwest,2019,3,13,2,3,1,5,0,0,1,0,0,0,0,1,"796478,8546","5830108,06","13,37258","52,54017"
4064,193367,11,3,3040818,Pankow Süd,2019,3,17,6,3,6,4,1,0,1,1,0,0,0,1,"799525,3578","5833155,082","13,42012","52,56582"