,id,city,district,lor,street,year,month,hour,weekday,category,collision,movement,light_conditions,bicycle,car,pedestrian,motorbike,truck,other_vehicle,road_conditions,LINREFX,LINREFY,XGCSWGS84,YGCSWGS84
4418,193721,11,7,7040401,Neu-Tempelhof,2019,4,14,2,3,6,4,0,0,1,1,0,0,0,0,"797283,0273","5823252,853","13,37828","52,47828"
4419,193722,11,12,12103115,Breitkopfbecken,2019,4,14,5,3,1,5,0,0,1,0,1,0,0,0,"795367,1514","5833921,721","13,35963","52,57496"
4420,193723,11,2,2020203,Viktoriapark,2019,3,8,7,2,5,2,0,0,1,0,0,0,0,0,"797122,075","5823997,437","13,37658","52,48505"
4421,193724,11,1,1022205,Zillesiedlung,2019,4,15,2,3,2,7,0,0,1,0,0,0,0,0,"795519,4884","5828343,361","13,35691","52,52487"
4422,193725,11,3,3040614,Pankow Zentrum,2019,4,15,1,3,0,2,0,1,1,0,0,0,0,0,"799982,7569","5835096,756","13,4286","52,58297"
4423,193726,11,8,8010301,Reuterkiez,2019,4,8,2,3,5,3,0,1,1,0,0,0,0,0,"800518,654","5824464,318","13,42687","52,48737"
4424,193727,11,12,12302108,Märkisches Zentrum,2019,3,8,7,3,1,1,0,0,1,0,0,0,0,0,"793996,6908","5836677,648","13,34191","52,60041"
4425,193728,11,7,7040405,Rathaus Tempelhof,2019,3,7,7,2,6,2,0,0,0,1,0,0,1,0,"798895,1843","5821221,509","13,40013","52,4592"
4426,193729,11,4,4010101,Jungfernheide,2019,4,22,2,3,5,2,2,0,1,0,0,0,0,0,"791287,3535","5830682,786","13,29676","52,54812"
4427,193730,11,6,6040701,Wannsee,2019,4,11,7,2,5,2,0,1,1,0,0,0,0,0,"779429,8994","5815040,975","13,10924","52,41408"
4428,193731,11,3,3050925,Komponistenviertel Weißensee,2019,4,21,2,3,3,6,2,1,1,0,0,0,0,0,"802268,288","5831574,409","13,45902","52,55013"
4429,193732,11,3,3061131,Falkplatz,2019,3,8,7,3,0,1,0,1,0,0,0,0,0,0,"798806,5504","5831276,55","13,40785","52,54937"
4430,193733,11,8,8020622,Parchimer Allee,2019,4,20,2,3,6,7,2,0,1,1,0,0,0,0,"802005,955","5820022,601","13,44469","52,44674"
4431,193734,11,5,5020626,Adamstraße,2019,3,13,7,3,0,1,0,0,0,0,1,0,0,0,"784768,5903","5827092,844","13,19781","52,51938"
4432,193735,11,2,2010103,Moritzplatz,2019,4,20,2,3,6,2,2,0,1,1,0,0,0,0,"799843,2973","5825766,272","13,41813","52,49941"
4433,193736,11,4,4051448,Schaperstraße,2019,4,19,6,3,4,5,1,1,0,0,0,0,0,0,"794268,6378","5825046,108","13,33561","52,49599"
4434,193737,11,7,7010102,Nollendorfplatz,2019,3,0,7,3,5,3,2,0,1,0,0,0,0,0,"794957,801","5825654,373","13,34627","52,50107"
4435,193738,11,2,2010102,Mehringplatz,2019,4,20,2,3,2,6,2,0,1,0,1,0,0,0,"798365,9502","5825560,792","13,39625","52,49838"
4436,193739,11,8,8010405,Hertzbergplatz,2019,4,19,2,3,2,7,1,0,1,0,1,0,0,0,"801805,2113","5823989,635","13,44534","52,48241"
4437,193740,11,5,5010311,Eiswerder,2019,4,17,5,3,2,6,0,0,1,0,0,0,0,0,"786227,6428","5830462,948","13,22215","52,54883"
4438,193741,11,2,2030302,Lausitzer Platz,2019,3,15,7,3,0,4,0,1,0,1,0,0,0,0,"800745,2632","5825821,399","13,43143","52,49941"
4439,193742,11,1,1022206,Lüneburger Straße,2019,4,18,2,3,5,2,0,0,1,0,1,0,0,0,"796122,0213","5828428,873","13,36584","52,52531"
4440,193743,11,4,4051655,Babelsberger Straße,2019,4,19,1,3,6,2,2,0,1,1,0,0,0,0,"794000,7785","5824043,812","13,33079","52,48715"
4441,193744,11,11,11020514,Große-Leege-Straße,2019,4,18,2,3,5,2,0,1,1,0,0,0,0,0,"804550,7888","5830582,598","13,49167","52,53997"
4442,193745,11,11,11030619,Fennpfuhl Ost,2019,3,15,7,3,2,2,0,0,1,0,0,0,0,0,"803546,2607","5829751,574","13,47615","52,53309"
4443,193746,11,9,9020802,Köllnische Vorstadt,2019,4,17,2,3,2,6,0,0,1,0,0,1,0,0,"810040,1358","5819480,675","13,56203","52,43739"
4444,193747,11,12,12304314,Ziekowstraße/Freie Scholle,2019,4,12,5,3,5,2,0,0,1,0,0,0,1,0,"790683,9355","5835383,35","13,292","52,59059"
4445,193748,11,4,4030725,Amtsgerichtsplatz,2019,4,16,2,3,2,6,0,0,1,0,0,0,0,0,"791373,7673","5826081,664","13,294","52,50683"
4446,193749,11,9,9041501,Altstadt Kietz,2019,3,15,7,3,5,3,0,1,1,0,0,0,0,0,"810794,6985","5820328,302","13,57388","52,44455"
4447,193750,11,2,2020206,Graefekiez,2019,4,8,2,3,3,6,0,0,1,0,0,0,0,0,"800010,7501","5824455,637","13,41941","52,48757"
4448,193751,11,3,3061332,Helmholtzplatz,2019,4,12,1,3,2,6,0,1,1,0,0,0,0,0,"799394,2247","5830824,059","13,41609","52,545"
4449,193752,11,1,1011105,Nördlicher Landwehrkanal,2019,4,8,2,3,5,3,0,1,1,0,0,0,0,0,"796640,8219","5826649,78","13,37188","52,50908"
4450,193753,11,10,10020412,Alte Hellersdorfer Straße,2019,3,15,7,3,5,2,0,0,1,0,0,0,0,0,"811351,0449","5831955,948","13,59291","52,54844"
4451,193754,11,2,2020206,Graefekiez,2019,3,16,7,3,5,7,0,0,1,0,0,0,0,0,"800283,9088","5824377,608","13,42335","52,48672"
4452,193755,11,4,4030931,Breitscheidplatz,2019,4,8,2,3,5,2,0,1,0,0,1,0,0,0,"794465,0626","5825854,221","13,33921","52,50313"
4453,193756,11,2,2050602,Samariterviertel,2019,4,14,7,3,0,3,0,0,1,0,1,0,0,0,"803001,5844","5828275,934","13,4668","52,52016"
4454,193757,11,3,3061228,Erich-Weinert-Straße,2019,4,8,2,3,2,6,0,0,1,0,0,0,0,0,"800464,0055","5830781,81","13,43178","52,54403"
4455,193758,11,9,9020601,Schnellerstraße,2019,3,16,7,3,2,6,0,0,1,0,0,0,1,0,"805936,0095","5821845,412","13,50401","52,46089"
4456,193759,11,9,9051801,Rahnsdorf/Hessenwinkel,2019,4,7,2,3,2,6,0,0,1,0,0,0,0,0,"819184,6136","5819992,012","13,69659","52,43671"
4457,193760,11,1,1044202,Sparrplatz,2019,3,20,7,3,6,2,2,0,1,1,0,0,0,0,"794894,3661","5830254,571","13,34942","52,54234"
4458,193761,11,2,2050802,Boxhagener Platz,2019,4,7,2,3,6,7,0,1,0,1,0,0,0,0,"802190,3607","5826878,584","13,45361","52,50809"
4459,193762,11,11,11030618,Fennpfuhl West,2019,4,14,6,3,0,7,0,0,1,0,0,0,0,0,"802642,3177","5829357,635","13,4625","52,53006"
4460,193763,11,12,12302108,Märkisches Zentrum,2019,3,21,7,3,5,3,2,0,1,0,0,0,0,0,"794480,9087","5837096,108","13,34941","52,6039"
4461,193764,11,1,1011202,Unter den Linden Nord,2019,4,8,2,3,2,6,0,1,1,0,0,0,0,0,"797205,9045","5827497,087","13,38094","52,51637"
4462,193765,11,3,3061227,Humannplatz,2019,4,9,2,3,5,3,0,0,1,0,0,0,0,0,"800112,7011","5831694,542","13,42744","52,5524"
4463,193766,11,7,7060602,Kirchstraße,2019,4,17,5,2,0,7,0,1,0,0,0,0,0,0,"797325,1638","5817266,872","13,37357","52,4246"
4464,193767,11,1,1044103,Westliche Müllerstraße,2019,3,21,7,3,1,5,2,1,1,0,0,0,0,0,"794771,4841","5830388,014","13,34773","52,54361"
4465,193768,11,2,2040701,Andreasviertel,2019,4,10,2,3,5,3,0,0,1,0,0,0,0,0,"800585,7312","5827025,55","13,43017","52,51029"
4466,193769,11,6,6020411,Schütte-Lanz-Straße,2019,4,18,7,3,6,4,0,0,1,1,0,0,0,0,"793720,043","5816402,912","13,31995","52,4188"
4467,193770,11,1,1011301,Charitéviertel,2019,4,10,2,3,5,3,0,0,1,0,0,0,0,0,"796964,9112","5828855,81","13,37861","52,52868"
4468,193771,11,9,9010101,Elsenstraße,2019,3,14,7,3,2,6,0,1,1,0,1,0,0,0,"802430,4446","5824668,286","13,45513","52,48814"
4469,193772,11,2,2050801,Traveplatz,2019,3,21,7,3,0,7,2,1,0,0,0,0,0,0,"803207,6682","5826818,079","13,4685","52,50698"
4470,193773,11,4,4020311,Reichsstraße,2019,4,10,2,3,5,3,0,0,1,0,0,0,0,0,"789490,0713","5826785,036","13,26693","52,51414"
4471,193774,11,2,2010104,Wassertorplatz,2019,4,14,6,3,5,2,0,0,1,0,0,0,0,0,"799071,3187","5825609,358","13,40665","52,49843"
4472,193775,11,10,10010308,Marzahner Chaussee,2019,4,11,2,3,2,6,0,0,1,0,0,0,0,0,"806524,8745","5829350,305","13,51955","52,52782"
4473,193776,11,3,3061332,Helmholtzplatz,2019,3,20,7,3,0,1,2,1,0,0,0,0,0,0,"799258,9079","5830528,125","13,41383","52,54242"
4474,193777,11,1,1022202,Heidestraße,2019,4,12,2,3,2,6,0,0,1,0,1,0,0,0,"795676,849","5829721,148","13,36045","52,53714"
4475,193778,11,4,4041137,Flinsberger Platz,2019,4,22,6,2,2,6,2,0,1,0,0,0,0,0,"791895,0435","5823949,254","13,29979","52,48743"
4476,193779,11,8,8010213,Körnerpark,2019,4,13,2,3,6,7,0,0,1,1,0,0,0,0,"801048,8665","5822344,462","13,43275","52,46808"
4477,193780,11,7,7020203,Kaiser-Wilhelm-Platz,2019,3,11,7,3,5,3,0,0,1,0,0,0,1,0,"795970,8943","5824531,299","13,36015","52,49046"
4478,193781,11,5,5020625,Borkumer Straße,2019,4,12,2,3,5,3,0,0,1,0,0,0,0,0,"783814,9115","5828690,411","13,18515","52,5342"
4479,193782,11,2,2040703,Wriezener Bahnhof/Entwicklungsgebiet,2019,3,23,6,3,5,7,2,1,1,0,0,0,0,0,"801705,4775","5826158,034","13,44583","52,5019"
4480,193783,11,8,8010301,Reuterkiez,2019,4,12,2,3,2,2,0,0,1,0,0,0,1,0,"800666,8535","5824389,872","13,42898","52,48662"
4481,193784,11,6,6010101,Fichtenberg,2019,4,11,5,3,5,2,0,0,1,0,0,0,0,0,"793315,148","5820744,511","13,31782","52,45794"
4482,193785,11,2,2020206,Graefekiez,2019,3,9,6,3,1,7,0,0,1,0,0,0,0,0,"799726,7438","5824717,269","13,41547","52,49007"
4483,193786,11,10,10030724,Oberfeldstraße,2019,4,15,2,3,5,3,0,1,1,0,0,0,0,0,"808578,3683","5829002,418","13,54941","52,52355"
4484,193787,11,3,3061332,Helmholtzplatz,2019,4,15,2,3,1,5,0,1,1,0,0,0,0,0,"800026,9729","5830790,292","13,42536","52,54434"
4485,193788,11,2,2030402,Wrangelkiez,2019,4,10,5,3,2,6,0,0,1,0,1,0,0,0,"801792,2393","5825783,079","13,44677","52,49849"
4486,193789,11,4,4041241,Breite Straße,2019,3,13,6,3,5,2,0,1,0,0,0,0,1,0,"791278,3815","5822043,146","13,28906","52,47067"
4487,193790,11,11,11010204,Falkenberg Ost,2019,4,15,2,3,5,3,0,1,1,0,0,0,0,0,"806923,9717","5834059,826","13,52977","52,5698"
4488,193791,11,1,1022103,Westhafen,2019,4,19,7,3,5,3,1,0,1,0,0,0,0,0,"794422,6183","5829391,563","13,34172","52,53486"
4489,193792,11,4,4041241,Breite Straße,2019,4,15,2,3,1,5,0,1,1,0,0,0,0,0,"791578,7929","5822623,524","13,29398","52,47572"
4490,193793,11,7,7060604,Marienfelde Süd,2019,3,12,6,3,2,2,0,0,1,0,0,0,0,0,"797598,0063","5815556,343","13,37605","52,40912"
4491,193794,11,8,8010213,Körnerpark,2019,4,16,2,3,1,5,0,1,1,0,0,0,0,0,"800916,6356","5822459,579","13,43091","52,46918"
4492,193795,11,7,7030301,Friedenau,2019,3,12,6,3,5,3,0,1,1,0,0,0,0,0,"794246,8671","5822018,816","13,33262","52,46887"
4493,193796,11,8,8010301,Reuterkiez,2019,4,11,6,3,5,3,0,0,1,0,0,0,1,0,"800559,9954","5825043,006","13,428","52,49254"
4494,193797,11,4,4020310,Park Ruhwald,2019,4,18,4,3,6,4,0,1,0,1,0,0,0,0,"790326,5635","5827297,479","13,27967","52,51829"
4495,193798,11,2,2010104,Wassertorplatz,2019,4,15,5,3,5,2,0,0,1,0,0,0,0,0,"799067,5829","5825599,892","13,40659","52,49835"
4496,193799,11,1,1033102,Gesundbrunnen,2019,4,13,1,3,6,4,0,0,1,1,0,0,0,0,"797709,2849","5831761,627","13,39215","52,55432"
4497,193800,11,5,5040936,Jägerallee,2019,4,15,4,2,0,2,0,0,0,0,0,0,1,0,"781558,2863","5819636,169","13,14432","52,45419"
4498,193801,11,10,10040933,Mahlsdorf Süd,2019,4,19,4,3,5,2,0,1,1,0,0,0,0,0,"812486,4973","5824890,536","13,60296","52,48447"
4499,193802,11,4,4030827,Karl-August-Platz,2019,4,9,4,3,3,6,0,1,1,0,0,0,0,0,"792658,5954","5826096,791","13,31289","52,50628"
4500,193803,11,1,1011401,Invalidenstraße,2019,4,10,7,2,0,1,0,1,0,0,0,0,0,0,"798231,9458","5829359,295","13,39768","52,5325"
4501,193804,11,5,5010208,Germersheimer Platz,2019,4,17,6,3,5,2,0,1,0,0,0,0,1,0,"783981,3829","5830108,287","13,18881","52,54683"
4502,193805,11,2,2050802,Boxhagener Platz,2019,4,15,6,3,6,7,0,1,0,1,0,0,0,0,"801974,9288","5826927,588","13,45049","52,50865"
4503,193806,11,8,8010212,Rollberg,2019,4,16,6,3,2,6,0,0,1,0,0,0,0,0,"801157,5405","5823536,887","13,43542","52,47871"
4504,193807,11,9,9041501,Altstadt Kietz,2019,4,13,6,3,0,7,0,1,0,0,0,0,0,0,"811054,2938","5820256,887","13,57762","52,44377"
4505,193808,11,4,4030415,Schloßgarten,2019,4,14,6,3,2,6,0,0,1,0,0,0,0,0,"790808,2101","5827385,079","13,28683","52,51882"
4506,193809,11,5,5010206,Gütersloher Weg,2019,4,11,6,3,5,3,0,1,1,0,0,0,0,0,"782133,9344","5829921,89","13,16148","52,54612"
4507,193810,11,9,9051701,Hirschgarten,2019,4,10,6,2,0,6,0,0,1,0,1,0,0,0,"812192,7213","5821359,76","13,59535","52,453"
4508,193811,11,7,7040404,Marienhöhe,2019,4,8,6,3,9,1,0,0,1,0,0,0,0,0,"796917,6733","5820257,804","13,37025","52,45163"
4509,193812,11,4,4030620,Alt-Lietzow,2019,4,9,6,3,5,7,0,0,1,0,0,0,0,0,"791783,1876","5827471,407","13,30123","52,51907"
4510,193813,11,4,4030623,Ernst-Reuter-Platz,2019,4,12,6,3,3,6,0,0,1,0,1,0,0,0,"793261,6879","5826955,057","13,3225","52,51365"
4511,193814,11,5,5030731,Gartenfelder Straße,2019,4,14,6,3,2,2,0,0,1,0,0,0,0,0,"787003,184","5829462,042","13,2327","52,53945"
4512,193815,11,4,4041344,Rüdesheimer Platz,2019,4,14,6,3,0,1,0,1,0,0,0,0,0,0,"792711,171","5821801,363","13,30989","52,46774"
4513,193816,11,4,4020204,Olympiagelände,2019,4,11,6,3,0,1,0,0,0,0,1,0,0,0,"787112,2678","5826167,416","13,23145","52,50986"
4514,193817,11,1,1011303,Alexanderplatzviertel,2019,4,16,6,3,6,2,0,1,0,1,0,0,0,0,"798956,3708","5827843,358","13,40697","52,51852"
4515,193818,11,4,4020310,Park Ruhwald,2019,4,16,6,2,5,3,0,0,1,0,0,0,0,0,"789850,3949","5827403,754","13,27277","52,51949"
4516,193819,11,7,7040401,Neu-Tempelhof,2019,4,14,4,2,5,3,0,1,1,0,0,0,0,0,"797838,339","5822536,493","13,3858","52,47156"
4517,193820,11,7,7030303,Grazer Platz,2019,4,17,6,3,3,2,0,1,0,0,0,0,1,0,"795892,0688","5820833,479","13,35572","52,45735"
4518,193821,11,3,3061429,Greifswalder Straße,2019,4,17,6,2,1,5,0,1,1,0,0,0,0,0,"801873,9557","5830359,741","13,45212","52,53947"
4519,193822,11,12,12214125,Waldidyll/Flughafensee,2019,4,18,6,3,2,6,0,0,1,0,0,0,0,0,"791205,9618","5830828,227","13,29569","52,54947"
4520,193823,11,4,4030931,Breitscheidplatz,2019,4,20,6,3,2,6,2,0,1,0,0,0,0,0,"794399,4293","5825883,582","13,33827","52,50343"
4521,193824,11,8,8010301,Reuterkiez,2019,4,17,6,3,5,7,0,0,1,0,0,0,0,0,"801459,0406","5823878,483","13,44015","52,4816"
4522,193825,11,4,4020313,Königin-Elisabeth-Straße,2019,4,18,6,3,0,1,0,1,0,0,0,0,0,0,"790414,909","5825962,641","13,2798","52,50627"
4523,193826,11,12,12214527,Alt-Tegel,2019,4,15,5,3,0,1,0,1,0,0,0,0,0,0,"790460,3261","5834734,95","13,28814","52,58489"
4524,193827,11,8,8010117,Schillerpromenade,2019,4,19,5,3,6,4,0,1,0,1,0,0,0,0,"800642,6455","5823060,643","13,42743","52,47472"
4525,193828,11,1,1011101,Stülerstraße,2019,4,16,5,3,0,2,0,1,1,0,0,0,0,0,"795258,056","5826615,301","13,35153","52,50952"
4526,193829,11,2,2010104,Wassertorplatz,2019,4,20,5,3,6,4,2,0,0,1,1,0,0,0,"799782,8324","5825716,02","13,4172","52,499"
4527,193830,11,9,9041601,Müggelheim,2019,4,14,5,3,2,2,0,1,0,0,0,0,1,0,"816417,845","5817579,791","13,65374","52,4167"
4528,193831,11,12,12301203,Wittenau Süd,2019,4,20,5,3,1,5,1,0,1,0,1,0,0,0,"792953,42","5835394,873","13,32542","52,58947"
4529,193832,11,11,11041128,Sewanstraße,2019,4,20,5,3,1,5,1,0,1,0,1,0,0,0,"806724,8294","5825651,509","13,51908","52,49456"
4530,193833,11,9,9051901,Dammvorstadt,2019,4,14,5,3,5,5,0,1,1,0,0,0,0,0,"810116,9392","5821605,098","13,56513","52,45638"
4531,193834,11,10,10020416,Böhlener Straße,2019,4,5,5,3,5,7,0,0,1,0,1,0,0,0,"813441,4219","5831116,771","13,62284","52,53972"
4532,193835,11,4,4030931,Breitscheidplatz,2019,4,20,5,2,5,7,0,0,1,0,1,0,0,0,"793932,868","5826057,131","13,33157","52,50524"
4533,193836,11,6,6010209,Feuerbachstraße,2019,4,19,5,3,5,3,1,1,1,0,0,0,0,0,"794553,8098","5821399,32","13,33658","52,46315"
4534,193837,11,10,10010203,Gewerbegebiet Bitterfelder Straße,2019,4,12,5,3,5,2,0,0,1,0,0,0,0,0,"807605,3616","5832376,671","13,53823","52,55434"
4535,193838,11,8,8020625,Handwerker-Siedlung,2019,4,12,5,3,6,4,0,0,1,1,0,0,0,0,"802375,9257","5818955,988","13,44915","52,43697"
4536,193839,11,1,1033102,Gesundbrunnen,2019,4,11,5,3,6,7,0,0,0,1,0,0,1,0,"797128,322","5831826,11","13,38367","52,55522"
4537,193840,11,2,2030301,Oranienplatz,2019,4,19,5,3,5,3,0,1,1,0,0,0,0,0,"800118,4228","5825756,993","13,42216","52,49918"
4538,193841,11,6,6020409,Königsberger Straße,2019,4,19,5,3,2,6,1,0,1,0,0,0,0,0,"793091,2876","5816614,941","13,31092","52,42104"
4539,193842,11,2,2050601,Hausburgviertel,2019,4,18,5,3,6,2,0,0,1,1,0,0,0,0,"801889,2795","5828453,941","13,45062","52,52238"
4540,193843,11,4,4051655,Babelsberger Straße,2019,4,18,5,3,5,3,0,1,1,0,0,0,0,0,"794185,3726","5823227,397","13,33278","52,47973"
4541,193844,11,2,2050601,Hausburgviertel,2019,4,18,5,3,5,2,0,1,1,0,0,0,0,0,"801865,7288","5828983,034","13,45075","52,52713"
4542,193845,11,1,1011302,Oranienburger Straße,2019,4,10,5,3,4,6,0,1,0,0,0,0,1,0,"798332,0689","5828366,856","13,39827","52,52355"
4543,193846,11,12,12302110,Dannenwalder Weg,2019,4,8,5,3,5,2,0,1,1,0,0,0,0,0,"794819,992","5836297,618","13,3537","52,59656"
4544,193847,11,1,1022204,Thomasiusstraße,2019,4,7,5,3,1,5,0,1,1,0,0,0,0,0,"795020,9757","5828260,299","13,34951","52,5244"
4545,193848,11,5,5010314,Carl-Schurz-Straße,2019,4,5,5,3,2,7,0,0,0,0,1,0,1,0,"784866,796","5829227,986","13,20108","52,53848"
4546,193849,11,12,12103115,Breitkopfbecken,2019,4,12,5,3,5,2,0,0,1,0,0,0,0,0,"795338,2143","5833841,185","13,35914","52,57425"
4547,193850,11,5,5030730,Zitadellenweg,2019,4,12,5,3,2,6,0,0,1,0,0,0,0,0,"786643,6379","5829241,32","13,22722","52,53766"
4548,193851,11,1,1011301,Charitéviertel,2019,4,11,5,3,0,1,0,1,0,0,0,0,0,0,"797225,8584","5829070,62","13,38264","52,53047"
4549,193852,11,6,6030609,Augustaplatz,2019,4,4,5,3,1,1,2,1,1,0,0,0,0,0,"792993,0479","5819674,58","13,31216","52,44852"
4550,193853,11,3,3030715,Heinersdorf,2019,4,17,5,3,5,2,0,0,1,0,1,0,0,0,"801170,9737","5833190,975","13,44436","52,56523"
4551,193854,11,1,1033102,Gesundbrunnen,2019,4,17,5,3,2,6,0,0,1,0,0,0,0,0,"797004,6179","5831478,192","13,38154","52,55217"
4552,193855,11,1,1011103,Lützowstraße,2019,4,16,5,3,0,6,0,0,1,0,0,0,1,0,"795290,0221","5826132,728","13,35158","52,50518"
4553,193856,11,9,9010101,Elsenstraße,2019,4,16,5,3,5,2,0,1,1,0,0,0,0,0,"802326,4527","5825310,554","13,45419","52,49396"
4554,193857,11,1,1011201,Wilhelmstraße,2019,4,15,5,3,5,3,0,1,1,0,0,0,0,0,"797157,7267","5826452,482","13,3793","52,50703"
4555,193858,11,4,4051448,Schaperstraße,2019,4,15,5,3,2,2,0,0,1,0,0,0,1,0,"793473,5461","5824731,684","13,32366","52,4936"
4556,193859,11,5,5010311,Eiswerder,2019,4,15,5,3,2,6,0,0,1,0,0,0,0,0,"785217,0001","5831058,045","13,2078","52,5547"
4557,193860,11,4,4051549,Rathaus Wilmersdorf,2019,4,15,5,3,5,7,0,0,1,0,0,0,0,0,"793316,0111","5823617,992","13,32036","52,4837"
4558,193861,11,5,5020523,Maulbeerallee,2019,4,14,5,3,5,3,0,0,1,0,0,0,0,0,"782797,0484","5827821,202","13,16945","52,52694"
4559,193862,11,7,7040405,Rathaus Tempelhof,2019,4,14,5,3,5,2,0,0,1,0,0,0,0,0,"799131,16","5821712,84","13,40403","52,46347"
4560,193863,11,10,10030724,Oberfeldstraße,2019,4,17,4,3,2,3,0,1,1,0,0,0,0,0,"809637,9877","5829697,958","13,56562","52,52918"
4561,193864,11,6,6040810,Dahlem,2019,4,17,4,3,1,1,0,1,1,0,0,0,0,0,"792132,057","5821042,948","13,30072","52,46125"
4562,193865,11,1,1044201,Reinickendorfer Straße,2019,4,9,4,3,3,6,0,0,1,0,0,1,0,0,"796554,672","5831927,042","13,37532","52,55644"
4563,193866,11,1,1011302,Oranienburger Straße,2019,4,12,4,3,6,7,0,0,1,1,0,0,0,0,"798341,0118","5828577,825","13,39859","52,52544"
4564,193867,11,1,1033102,Gesundbrunnen,2019,4,19,4,3,0,1,0,0,1,0,1,0,0,0,"797647,6274","5831884,789","13,39136","52,55546"
4565,193868,11,1,1011401,Invalidenstraße,2019,4,23,4,3,1,5,2,1,1,0,0,0,0,0,"797729,8446","5829250,077","13,39021","52,5318"
4566,193869,11,6,6020409,Königsberger Straße,2019,4,23,4,3,8,1,2,0,1,0,0,0,0,0,"793294,6211","5817692,842","13,31484","52,4306"
4567,193870,11,3,3040512,Wilhelmsruh,2019,4,22,4,3,5,3,2,0,1,0,0,0,0,0,"795969,0776","5835562,637","13,36995","52,58934"
4568,193871,11,6,6040701,Wannsee,2019,4,22,4,3,0,1,2,1,0,0,0,0,0,0,"782829,8901","5817441,992","13,16113","52,43386"
4569,193872,11,5,5020415,Isenburger Weg,2019,4,22,4,2,5,3,2,0,1,0,0,0,1,0,"780036,557","5829199,348","13,13002","52,54072"
4570,193873,11,12,12302109,Treuenbrietzener Straße,2019,4,20,4,3,6,7,1,0,1,1,0,0,0,0,"794968,8251","5836428,042","13,356","52,59764"
4571,193874,11,4,4020314,Messegelände,2019,4,20,4,3,3,2,2,0,0,0,1,1,0,0,"790383,03","5825664,354","13,27908","52,50362"
4572,193875,11,5,5010312,Kurstraße,2019,4,18,4,3,2,6,0,0,1,0,0,0,0,0,"785433,3284","5829253,368","13,20943","52,53841"
4573,193876,11,1,1044103,Westliche Müllerstraße,2019,4,11,4,3,1,7,0,1,1,0,0,0,0,0,"794973,7022","5831001,123","13,35125","52,54899"
4574,193877,11,9,9020802,Köllnische Vorstadt,2019,4,10,4,3,5,3,0,1,1,0,0,0,0,0,"810257,8182","5820349,139","13,56603","52,44505"
4575,193878,11,7,7070701,Kettinger Straße/Schillerstraße,2019,4,10,4,3,5,2,0,0,1,0,0,0,0,0,"799261,0663","5816265,428","13,40106","52,41457"
4576,193879,11,3,3071638,Winsstraße,2019,4,10,4,3,3,6,0,1,1,0,0,0,0,0,"799671,5188","5829003,721","13,41852","52,52853"
4577,193880,11,4,4030931,Breitscheidplatz,2019,4,17,4,3,6,7,0,1,0,0,0,0,1,0,"794091,1486","5825975,756","13,33382","52,50442"
4578,193881,11,5,5030833,Motardstraße,2019,4,9,4,3,2,6,0,0,1,0,0,0,1,0,"788063,4283","5829187,952","13,24805","52,53644"
4579,193882,11,9,9010301,Baumschulenstraße,2019,4,9,4,3,5,3,0,1,1,0,0,0,0,0,"805091,5655","5822807,704","13,4925","52,46999"
4580,193883,11,2,2030301,Oranienplatz,2019,4,9,4,3,6,4,0,1,0,1,0,0,0,0,"800008,7156","5825473,508","13,4203","52,4967"
4581,193884,11,2,2050801,Traveplatz,2019,4,9,4,3,3,6,0,1,0,0,1,0,0,0,"802448,0545","5827415,09","13,45788","52,51275"
4582,193885,11,5,5020625,Borkumer Straße,2019,4,8,4,3,2,6,0,0,1,0,0,0,0,0,"783705,3133","5828528,589","13,1834","52,53281"
4583,193886,11,3,3050920,Weißer See,2019,4,8,4,3,5,3,0,0,1,0,0,0,1,0,"802185,5057","5832421,73","13,45858","52,55777"
4584,193887,11,5,5010101,Hakenfelde Nord,2019,4,16,4,3,6,7,0,0,1,1,0,0,0,0,"785662,7132","5831751,841","13,21495","52,56069"
4585,193888,11,3,3020209,Niederschönhausen,2019,4,7,4,3,0,3,0,0,1,0,1,0,0,0,"797872,5035","5836024,766","13,39838","52,59245"
4586,193889,11,1,1044201,Reinickendorfer Straße,2019,4,12,4,3,5,3,0,1,1,0,0,0,0,0,"796218,369","5831514,633","13,37001","52,55292"
4587,193890,11,11,11030721,Rüdigerstraße,2019,4,9,4,2,5,3,0,0,1,0,1,0,0,0,"804838,8951","5827755,761","13,49332","52,51448"
4588,193891,11,3,3040512,Wilhelmsruh,2019,4,13,4,3,8,1,0,0,1,0,0,0,0,0,"797092,3363","5835720,109","13,38663","52,59014"
4589,193892,11,1,1044103,Westliche Müllerstraße,2019,4,13,4,3,6,4,0,1,0,1,0,0,0,0,"794861,4129","5830994,969","13,34959","52,549"
4590,193893,11,11,11010102,Dorf Wartenberg,2019,4,14,4,3,2,2,0,1,1,0,0,0,0,0,"806143,781","5834855,405","13,51903","52,57737"
4591,193894,11,10,10040933,Mahlsdorf Süd,2019,4,14,4,3,5,3,0,0,1,0,0,1,0,0,"811683,7195","5824681,056","13,59098","52,48306"
4592,193895,11,9,9041601,Müggelheim,2019,4,15,4,3,4,6,0,0,1,0,0,1,0,0,"818727,9335","5818694,854","13,68866","52,42535"
4593,193896,11,7,7040401,Neu-Tempelhof,2019,4,15,4,3,2,6,0,0,1,0,0,0,0,0,"797461,589","5823763,466","13,38136","52,48276"