,id,city,district,lor,street,year,month,hour,weekday,category,collision,movement,light_conditions,bicycle,car,pedestrian,motorbike,truck,other_vehicle,road_conditions,LINREFX,LINREFY,XGCSWGS84,YGCSWGS84
4948,194251,11,1,1011401,Invalidenstraße,2019,4,13,4,3,1,5,0,1,1,0,0,0,0,0,"798437,707","5829159,231","13,40053","52,5306"
4949,194252,11,2,2040703,Wriezener Bahnhof/Entwicklungsgebiet,2019,4,13,4,3,5,2,0,1,1,0,0,0,0,0,"801765,0173","5826249,193","13,44679","52,50268"
4950,194253,11,5,5010313,Ackerstraße,2019,4,13,4,3,5,2,0,0,1,0,0,0,0,0,"784662,6664","5829704,043","13,19849","52,54285"
4951,194254,11,1,1011402,Arkonaplatz,2019,4,15,4,3,5,3,0,1,1,0,0,0,0,0,"798582,1308","5829513,656","13,40297","52,5337"
4952,194255,11,1,1044101,Rehberge,2019,4,15,4,3,5,2,0,1,1,0,0,0,0,0,"793952,8586","5830171,198","13,3355","52,54211"
4953,194256,11,1,1033201,Brunnenstraße,2019,4,10,4,3,5,2,0,0,1,0,0,0,1,0,"798079,604","5829993,131","13,39601","52,53827"
4954,194257,11,11,11051229,Rummelsburg,2019,4,10,4,3,2,2,0,1,0,0,0,0,1,0,"803334,8062","5826303,637","13,4699","52,5023"
4955,194258,11,1,1011301,Charitéviertel,2019,4,10,4,3,6,2,0,1,0,1,0,0,0,0,"797079,7622","5828184,997","13,3797","52,52261"
4956,194259,11,5,5010314,Carl-Schurz-Straße,2019,4,9,4,3,2,6,0,0,1,0,0,0,0,0,"784586,6278","5829180,428","13,19692","52,5382"
4957,194260,11,10,10030724,Oberfeldstraße,2019,4,8,4,3,5,2,0,1,1,0,0,0,0,0,"809117,8859","5829716,913","13,558","52,52964"
4958,194261,11,3,3040614,Pankow Zentrum,2019,4,6,4,3,2,2,0,0,1,0,0,0,0,0,"799387,9321","5835264,099","13,42","52,5848"
4959,194262,11,8,8010117,Schillerpromenade,2019,4,17,4,3,1,2,0,0,1,1,0,0,1,0,"800479,9787","5823616,033","13,42554","52,47979"
4960,194263,11,7,7040405,Rathaus Tempelhof,2019,4,14,3,3,5,2,0,1,1,0,0,0,0,0,"798730,812","5821869,15","13,3983","52,46509"
4961,194264,11,3,3061228,Erich-Weinert-Straße,2019,4,21,3,3,6,4,2,1,1,1,0,0,0,0,"800914,8682","5830713,172","13,43834","52,54316"
4962,194265,11,12,12304314,Ziekowstraße/Freie Scholle,2019,4,21,3,3,2,2,2,0,1,0,0,0,0,0,"790731,0245","5835265,945","13,29259","52,58951"
4963,194266,11,1,1033202,Humboldthain Süd,2019,4,21,3,3,0,7,2,0,0,0,1,0,0,0,"797927,969","5829908,712","13,39371","52,53759"
4964,194267,11,11,11010102,Dorf Wartenberg,2019,4,10,3,3,5,2,0,0,1,0,1,0,0,0,"806095,1541","5834571,353","13,51805","52,57486"
4965,194268,11,4,4010102,Plötzensee,2019,4,10,3,3,5,3,0,1,1,0,0,0,0,0,"791665,3445","5830679,34","13,30231","52,54789"
4966,194269,11,9,9020701,Adlershof West,2019,4,20,3,3,5,2,2,0,1,0,0,0,0,0,"808977,0649","5818113,376","13,54518","52,42573"
4967,194270,11,12,12302211,Lübarser Straße,2019,4,10,3,3,2,2,0,0,1,0,0,0,0,0,"792927,309","5837087,05","13,32653","52,60466"
4968,194271,11,5,5010314,Carl-Schurz-Straße,2019,4,12,3,3,2,6,0,0,1,0,0,0,0,0,"784789,0412","5828838,99","13,1996","52,53503"
4969,194272,11,4,4041342,Schlangenbader Straße,2019,4,17,3,3,5,2,0,0,1,0,1,0,0,0,"792055,444","5822456,13","13,30083","52,47396"
4970,194273,11,5,5020417,Staakener Straße,2019,4,10,3,3,8,1,0,0,1,0,0,0,0,0,"782120,7773","5827991,353","13,15965","52,52882"
4971,194274,11,1,1011201,Wilhelmstraße,2019,4,9,3,3,5,3,0,1,1,0,0,0,0,0,"796957,4239","5826860,907","13,37672","52,5108"
4972,194275,11,7,7020203,Kaiser-Wilhelm-Platz,2019,4,9,3,3,0,2,0,0,1,0,0,0,1,0,"795525,365","5823858,672","13,35302","52,48467"
4973,194276,11,4,4030621,Spreestadt,2019,4,9,3,2,5,2,0,1,1,0,0,0,0,0,"794163,004","5826986,618","13,33577","52,51344"
4974,194277,11,3,3061228,Erich-Weinert-Straße,2019,4,8,3,3,5,2,0,0,1,0,0,0,0,0,"800221,7068","5831191,252","13,42858","52,54783"
4975,194278,11,3,3061430,Volkspark Prenzlauer Berg,2019,4,9,3,3,2,6,0,0,0,0,1,0,1,0,"801741,4495","5830058,95","13,4499","52,53684"
4976,194279,11,4,4051448,Schaperstraße,2019,4,9,3,3,3,6,0,0,1,0,0,0,0,0,"794171,2948","5825334,072","13,33443","52,49863"
4977,194280,11,3,3050919,Gustav-Adolf-Straße,2019,4,8,3,3,5,3,0,0,1,0,0,0,0,0,"801991,3283","5832821,039","13,45609","52,56146"
4978,194281,11,5,5010205,An der Tränke,2019,4,8,3,2,5,2,0,0,1,0,1,0,0,0,"780081,9237","5830182,741","13,13152","52,54952"
4979,194282,11,5,5010314,Carl-Schurz-Straße,2019,4,8,3,3,5,7,0,0,1,0,1,0,0,0,"785448,3156","5828608,739","13,2091","52,53262"
4980,194283,11,1,1033203,Humboldthain Nordwest,2019,4,8,3,2,5,3,0,1,1,0,0,0,0,0,"796541,3588","5829874,363","13,37329","52,53804"
4981,194284,11,5,5020625,Borkumer Straße,2019,4,7,3,3,5,2,0,1,0,0,0,0,1,0,"784734,2423","5828588,874","13,19858","52,53281"
4982,194285,11,9,9020501,Oberschöneweide West,2019,4,6,3,3,5,3,0,1,1,0,0,0,0,0,"805715,2015","5823995,11","13,50274","52,48028"
4983,194286,11,2,2020203,Viktoriapark,2019,4,11,3,2,2,6,0,0,1,0,1,0,0,0,"797373,2477","5824874,809","13,38105","52,49277"
4984,194287,11,4,4041239,Stadion Wilmersdorf,2019,4,11,3,3,5,2,0,1,1,0,0,0,0,0,"792600,8069","5823072,879","13,30938","52,4792"
4985,194288,11,1,1022204,Thomasiusstraße,2019,4,11,3,3,5,2,0,0,1,0,0,0,0,0,"794906,5318","5828293,701","13,34786","52,52476"
4986,194289,11,5,5020417,Staakener Straße,2019,4,12,3,3,2,7,0,1,1,0,0,0,0,0,"781715,5641","5829145,928","13,15467","52,53938"
4987,194290,11,8,8020620,Tempelhofer Weg,2019,4,12,3,3,0,7,0,0,1,0,0,0,0,0,"801181,5049","5820594,769","13,43311","52,45232"
4988,194291,11,12,12214422,Klixstraße,2019,4,12,3,3,2,6,0,0,1,0,0,0,0,0,"792067,133","5832942,138","13,31021","52,56796"
4989,194292,11,9,9052001,Köpenick Nord,2019,4,13,3,3,2,6,0,0,1,0,0,0,0,0,"809338,0593","5822682,147","13,5547","52,46648"
4990,194293,11,4,4051550,Leon-Jessel-Platz,2019,4,14,3,3,0,7,0,0,1,0,0,0,1,0,"793331,818","5824306,102","13,3212","52,48986"
4991,194294,11,7,7050503,Eisenacher Straße,2019,4,13,3,3,2,6,0,0,1,0,0,0,1,0,"799059,6851","5819743,743","13,40122","52,44586"
4992,194295,11,4,4030622,Richard-Wagner-Straße,2019,4,14,3,3,1,5,0,1,1,0,0,0,0,0,"792154,185","5827256,586","13,30649","52,51694"
4993,194296,11,8,8010404,Rixdorf,2019,4,14,3,3,0,6,0,0,1,0,1,0,0,0,"802520,0362","5823137,956","13,45506","52,47438"
4994,194297,11,5,5040936,Jägerallee,2019,4,15,3,3,2,6,0,0,1,0,0,0,0,0,"781126,8621","5820046,881","13,13833","52,45809"
4995,194298,11,4,4051446,Preußenpark,2019,4,15,3,3,6,4,0,0,1,1,0,0,0,0,"793054,1234","5825234,726","13,31794","52,49834"
4996,194299,11,9,9051702,Bölschestraße,2019,4,16,3,2,5,2,0,1,1,0,0,0,0,0,"814209,9275","5821928,129","13,62547","52,45694"
4997,194300,11,1,1011302,Oranienburger Straße,2019,4,16,3,3,5,3,0,1,1,0,0,0,0,0,"798658,8791","5828820,445","13,40348","52,52744"
4998,194301,11,1,1022207,Hansaviertel,2019,4,16,3,3,5,2,0,0,1,0,1,0,0,0,"794405,322","5827596,943","13,33987","52,51879"
4999,194302,11,1,1044101,Rehberge,2019,4,15,2,3,2,2,0,0,1,0,0,0,0,0,"794018,7826","5830174,786","13,33647","52,5421"
5000,194303,11,8,8030831,Gropiusstadt Ost,2019,4,14,2,3,5,2,0,1,1,0,0,0,0,0,"804702,8475","5817818,272","13,48224","52,42549"
5001,194304,11,2,2010102,Mehringplatz,2019,4,15,2,3,2,6,0,0,1,0,0,0,0,0,"798626,4927","5826386,806","13,40081","52,50564"
5002,194305,11,1,1044201,Reinickendorfer Straße,2019,4,22,2,3,1,5,2,0,1,0,1,0,0,0,"795871,8214","5831152,289","13,36459","52,54986"
5003,194306,11,4,4020314,Messegelände,2019,4,19,2,3,5,7,2,0,1,0,0,0,0,0,"790398,4917","5825655,644","13,27929","52,50353"
5004,194307,11,1,1033203,Humboldthain Nordwest,2019,4,0,2,3,2,6,2,0,1,0,0,0,0,0,"796633,8928","5829795,261","13,37458","52,53728"
5005,194308,11,11,11040926,Weitlingstraße,2019,4,23,2,3,5,3,2,0,1,0,0,0,0,0,"805479,1079","5826709,051","13,50176","52,50474"
5006,194309,11,12,12214527,Alt-Tegel,2019,4,18,2,3,6,4,0,0,1,1,0,0,0,0,"789586,8102","5834345,239","13,27495","52,58186"
5007,194310,11,10,10010207,Marzahner Promenade,2019,4,18,2,3,5,2,0,0,1,0,0,0,0,0,"809288,6192","5831671,631","13,56232","52,54706"
5008,194311,11,9,9041301,Kietzer Feld/Nachtheide,2019,4,18,2,2,0,1,0,0,0,0,1,0,0,0,"814778,0518","5818254,595","13,63034","52,42369"
5009,194312,11,3,3061429,Greifswalder Straße,2019,4,16,2,2,2,6,0,1,0,0,0,0,0,0,"801655,0986","5830131,325","13,4487","52,53754"
5010,194313,11,9,9041501,Altstadt Kietz,2019,4,14,2,3,0,7,0,1,0,1,0,0,0,0,"811239,5968","5820234,022","13,58032","52,44346"
5011,194314,11,10,10040931,Mahlsdorf Nord,2019,4,14,2,3,5,3,0,1,0,0,0,0,0,0,"814334,1088","5830073,418","13,63498","52,52986"
5012,194315,11,9,9020701,Adlershof West,2019,4,14,2,2,4,1,0,0,1,0,0,0,0,0,"808012,3533","5819781,715","13,53257","52,44123"
5013,194316,11,9,9031001,Bohnsdorf,2019,4,13,2,3,0,2,0,0,1,0,0,0,1,0,"811334,4335","5815644,977","13,57744","52,40228"
5014,194317,11,8,8030830,Gropiusstadt Süd,2019,4,13,2,3,2,6,0,1,1,0,0,0,0,0,"802511,0942","5817956,63","13,45023","52,42794"
5015,194318,11,9,9041601,Müggelheim,2019,4,10,2,3,5,3,0,1,1,0,0,0,0,0,"816925,2586","5817159,654","13,66078","52,41264"
5016,194319,11,2,2020202,Rathaus Yorckstraße,2019,4,9,2,2,5,3,0,0,1,0,1,0,0,0,"797615,8904","5825532,086","13,38521","52,49853"
5017,194320,11,9,9030901,Dorf Altglienicke,2019,4,10,1,2,5,3,0,0,1,0,0,0,1,0,"807941,2417","5816571,334","13,52857","52,4125"
5018,194321,11,4,4010101,Jungfernheide,2019,4,18,1,3,6,4,0,1,0,1,0,0,0,0,"791240,7003","5829696,332","13,29521","52,53931"
5019,194322,11,7,7060604,Marienfelde Süd,2019,4,16,1,3,5,3,0,1,1,0,0,0,0,0,"797858,3473","5815725,804","13,38002","52,4105"
5020,194323,11,8,8020726,Buckow West,2019,4,16,1,3,5,3,0,0,1,0,1,0,0,0,"799853,5367","5816513,466","13,40997","52,41647"
5021,194324,11,9,9041301,Kietzer Feld/Nachtheide,2019,4,16,1,3,6,7,0,1,0,1,0,0,0,0,"812159,8944","5819710,566","13,59333","52,43824"
5022,194325,11,2,2030302,Lausitzer Platz,2019,4,15,1,3,6,7,0,1,0,1,0,0,0,0,"800565,0628","5825807,808","13,42877","52,49939"
5023,194326,11,3,3061126,Arnimplatz,2019,4,11,1,3,5,7,0,1,1,0,0,0,0,0,"799219,868","5831773,706","13,41438","52,5536"
5024,194327,11,10,10010204,Wuhletalstraße,2019,4,17,1,2,1,5,0,1,1,0,0,0,0,0,"809827,7192","5832983,341","13,57147","52,55851"
5025,194328,11,8,8010404,Rixdorf,2019,4,3,1,3,1,1,2,0,1,0,0,0,1,0,"801780,8785","5822803,604","13,4439","52,47179"
5026,194329,11,11,11010206,Wartenberg Süd,2019,4,14,1,3,0,2,0,0,0,0,0,0,1,0,"806293,0676","5834079,293","13,52051","52,57033"
5027,194330,11,3,3071536,Teutoburger Platz,2019,4,16,1,3,1,1,0,0,1,0,1,0,0,0,"799131,3766","5830269,174","13,41172","52,54017"
5028,194331,11,11,11030619,Fennpfuhl Ost,2019,4,7,1,3,0,1,0,1,0,0,0,0,0,0,"803822,9132","5829137,841","13,47965","52,52743"
5029,194332,11,1,1044201,Reinickendorfer Straße,2019,4,15,1,3,5,2,0,0,1,0,0,0,1,0,"796447,1721","5831945,214","13,37376","52,55666"
5030,194333,11,1,1033201,Brunnenstraße,2019,4,18,1,3,0,1,0,0,0,0,1,0,0,0,"797834,3294","5830450,071","13,39282","52,5425"
5031,194334,11,5,5010313,Ackerstraße,2019,4,3,7,1,9,1,2,0,1,0,0,1,0,0,"784381,6805","5829957,697","13,19457","52,54527"
5032,194335,11,3,3020203,Blankenfelde,2019,4,17,7,3,5,2,0,1,1,0,0,0,0,0,"796558,2255","5840101,447","13,38269","52,62971"
5033,194336,11,9,9051702,Bölschestraße,2019,4,9,7,2,1,5,0,1,1,0,0,0,0,0,"814697,5324","5820825,206","13,63158","52,44678"
5034,194337,11,7,7060604,Marienfelde Süd,2019,4,14,7,3,1,5,0,1,1,0,0,0,0,0,"795538,8427","5815979,416","13,34624","52,41403"
5035,194338,11,4,4030827,Karl-August-Platz,2019,4,20,7,3,1,5,1,1,1,0,0,0,0,0,"792586,5383","5826114,097","13,31184","52,50647"
5036,194339,11,2,2010104,Wassertorplatz,2019,4,18,7,3,5,2,0,1,1,0,0,0,0,0,"799065,5907","5825613,522","13,40657","52,49847"
5037,194340,11,8,8010404,Rixdorf,2019,4,15,7,3,3,6,0,1,1,0,0,0,0,0,"801701,5992","5822577,47","13,44254","52,46981"
5038,194341,11,9,9051702,Bölschestraße,2019,4,15,7,3,6,4,0,0,1,1,0,0,0,0,"814202,5887","5821321,026","13,62479","52,4515"
5039,194342,11,5,5010206,Gütersloher Weg,2019,4,13,7,3,5,2,0,0,1,0,0,0,0,0,"782366,4659","5830501,279","13,1654","52,55119"
5040,194343,11,6,6030501,Berlepschstraße,2019,4,13,7,3,0,7,0,1,0,0,0,0,0,0,"787534,9809","5817273,121","13,23","52,42989"
5041,194344,11,2,2020203,Viktoriapark,2019,4,12,7,3,5,2,0,0,1,0,0,0,1,0,"797751,8312","5824596,901","13,38637","52,49008"
5042,194345,11,8,8010301,Reuterkiez,2019,4,11,7,3,2,2,0,0,0,0,1,0,1,0,"801302,133","5823988,251","13,43795","52,48267"
5043,194346,11,7,7070703,John-Locke-Straße,2019,4,1,7,3,0,3,2,0,1,0,0,0,1,0,"799428,2881","5813175,173","13,40075","52,38678"
5044,194347,11,8,8041037,Alt-Rudow,2019,4,7,7,2,5,3,0,0,1,0,0,0,0,0,"805536,0028","5818566,233","13,49514","52,43173"
5045,194348,11,12,12214424,Scharnweberstraße,2019,4,8,7,3,5,2,0,1,1,0,0,0,0,0,"793390,7319","5832515,873","13,32931","52,56343"
5046,194349,11,6,6010205,Südende,2019,4,9,7,3,5,3,0,1,1,0,0,0,0,0,"795532,0335","5819966,641","13,34967","52,44978"
5047,194350,11,7,7070703,John-Locke-Straße,2019,4,10,7,3,2,6,0,0,1,0,0,0,0,0,"799818,5648","5813186,494","13,40648","52,38667"
5048,194351,11,6,6030609,Augustaplatz,2019,4,10,7,2,6,2,0,0,1,1,0,0,0,0,"793275,4515","5819096,086","13,31579","52,44319"
5049,194352,11,7,7050501,Rathausstraße,2019,4,10,7,3,2,2,0,0,1,0,0,0,0,0,"798021,4115","5819648,762","13,38591","52,44557"
5050,194353,11,2,2040701,Andreasviertel,2019,4,5,7,2,5,3,2,0,1,0,0,0,1,0,"800718,317","5827875,86","13,43289","52,51784"
5051,194354,11,11,11030721,Rüdigerstraße,2019,5,14,5,3,5,7,0,1,1,0,0,0,0,1,"804688,929","5828427,135","13,49173","52,52058"
5052,194355,11,1,1033102,Gesundbrunnen,2019,5,14,5,3,0,6,0,1,1,0,0,0,0,0,"797433,396","5831263,498","13,38765","52,55001"
5053,194356,11,6,6010207,Mittelstraße,2019,5,17,5,3,1,5,0,1,1,0,0,0,0,0,"793963,3532","5820437,767","13,32706","52,45484"
5054,194357,11,9,9020701,Adlershof West,2019,5,12,5,3,5,3,0,1,1,0,0,0,0,0,"808809,4645","5819002,117","13,54354","52,43379"
5055,194358,11,6,6020306,Lankwitz Süd,2019,5,17,5,3,5,3,0,0,1,0,0,0,0,0,"796519,01","5817311,25","13,36179","52,42544"
5056,194359,11,9,9010302,Späthsfelde,2019,5,14,5,3,5,3,0,0,1,0,1,0,0,1,"804938,7156","5820712,241","13,48834","52,45129"
5057,194360,11,4,4030828,Savignyplatz,2019,5,13,5,3,1,5,0,1,1,0,0,0,0,1,"793062,9351","5826099,304","13,31883","52,50608"
5058,194361,11,2,2040503,Richard-Sorge-Viertel,2019,5,17,5,3,2,6,0,1,1,0,0,0,0,0,"801492,826","5827923,972","13,44431","52,51784"
5059,194362,11,7,7010101,Wittenbergplatz/Viktoria-Luise-Platz,2019,5,14,5,3,5,2,0,1,1,0,0,0,0,0,"794770,9525","5825692,85","13,34356","52,50152"
5060,194363,11,11,11040926,Weitlingstraße,2019,5,17,5,3,5,2,0,1,1,0,0,0,0,0,"804587,552","5826362,866","13,48835","52,50213"
5061,194364,11,3,3020209,Niederschönhausen,2019,5,16,5,3,5,3,0,1,1,0,0,0,0,0,"798133,1058","5836522,369","13,40267","52,59676"
5062,194365,11,2,2040701,Andreasviertel,2019,5,16,5,3,0,3,0,1,1,0,0,0,0,0,"800314,7511","5827618,16","13,42673","52,51575"
5063,194366,11,12,12103218,Teichstraße,2019,5,16,5,3,2,6,0,0,1,0,0,1,0,0,"793590,8079","5832534,444","13,33227","52,56349"
5064,194367,11,9,9031202,Schmöckwitz/Rauchfangswerder,2019,5,5,5,2,4,6,1,0,0,0,0,0,1,1,"816844,0268","5812910,541","13,65557","52,37462"
5065,194368,11,9,9041501,Altstadt Kietz,2019,5,9,5,2,6,3,0,0,1,1,0,0,0,0,"810989,9744","5820319,478","13,57674","52,44436"
5066,194369,11,4,4051652,Nikolsburger Platz,2019,5,8,5,3,3,6,0,1,1,0,0,0,0,0,"793444,5305","5823962,165","13,32255","52,48672"
5067,194370,11,1,1011302,Oranienburger Straße,2019,5,9,5,3,5,3,0,1,0,0,0,0,1,0,"799060,4355","5829007,208","13,40954","52,52889"
5068,194371,11,8,8010404,Rixdorf,2019,5,7,5,3,2,3,0,1,0,0,0,0,0,0,"802163,9174","5823362,712","13,45003","52,47659"
5069,194372,11,2,2020201,Gleisdreieck/Entwicklungsgebiet,2019,5,7,5,3,5,2,0,1,1,0,0,0,0,1,"796768,6885","5826034,571","13,37321","52,5035"
5070,194373,11,10,10020622,Kaulsdorf Nord I,2019,5,7,5,3,5,3,0,1,1,0,0,0,0,0,"811153,5421","5828388,181","13,58667","52,51658"
5071,194374,11,2,2050601,Hausburgviertel,2019,5,7,5,3,5,2,0,1,0,0,0,0,1,1,"801865,7288","5828983,034","13,45075","52,52713"
5072,194375,11,12,12214422,Klixstraße,2019,5,7,5,3,5,2,0,1,0,0,0,0,1,0,"792304,4734","5833990,785","13,31463","52,57723"
5073,194376,11,10,10030724,Oberfeldstraße,2019,5,14,5,3,5,2,0,0,0,0,1,0,1,1,"809629,5328","5828924,246","13,56478","52,52225"
5074,194377,11,12,12103115,Breitkopfbecken,2019,5,13,5,3,5,3,0,1,1,0,0,0,0,1,"796233,2757","5833661,649","13,37214","52,57216"
5075,194378,11,2,2050601,Hausburgviertel,2019,5,13,5,2,4,6,0,0,1,0,0,1,0,1,"802126,3503","5828462,974","13,45411","52,52232"
5076,194379,11,5,5020523,Maulbeerallee,2019,5,13,5,2,5,2,0,0,1,0,0,0,0,0,"782379,9454","5827031,936","13,16265","52,52008"
5077,194380,11,9,9052001,Köpenick Nord,2019,5,12,5,3,5,2,0,1,0,0,0,0,0,0,"811182,7153","5822107,388","13,58123","52,46028"
5078,194381,11,1,1011105,Nördlicher Landwehrkanal,2019,5,11,5,2,5,3,0,0,1,0,0,0,0,0,"796437,2104","5826324,14","13,3686","52,50628"
5079,194382,11,4,4041137,Flinsberger Platz,2019,5,10,5,3,5,2,0,0,1,0,0,0,0,0,"791265,9289","5823330,345","13,29001","52,48222"
5080,194383,11,4,4020208,Kranzallee,2019,5,10,5,3,6,2,0,0,1,1,0,0,0,0,"786924,4429","5825820,218","13,2284","52,50684"
5081,194384,11,10,10020414,Helle Mitte,2019,5,6,4,3,5,2,0,1,1,0,0,0,0,0,"812227,8769","5830702,522","13,60462","52,5367"
5082,194385,11,11,11041128,Sewanstraße,2019,5,10,4,3,3,6,0,0,0,0,1,0,1,0,"807091,4065","5825784,744","13,52459","52,49555"
5083,194386,11,3,3071537,Kollwitzplatz,2019,5,13,4,3,5,2,0,1,1,0,0,0,0,0,"799544,3764","5830089,096","13,41763","52,53832"
5084,194387,11,5,5040934,Alt-Gatow,2019,5,10,4,3,2,6,0,0,1,0,0,0,0,0,"783940,223","5823367,917","13,18245","52,48642"
5085,194388,11,7,7030303,Grazer Platz,2019,5,20,4,3,6,4,0,0,1,1,0,0,0,0,"795431,1577","5821687,531","13,34971","52,46526"
5086,194389,11,5,5040936,Jägerallee,2019,5,18,4,3,5,3,0,0,1,0,0,0,0,0,"780053,1994","5819443,377","13,12207","52,45323"
5087,194390,11,2,2050802,Boxhagener Platz,2019,5,8,4,3,0,6,0,1,1,0,0,0,0,0,"802842,8777","5826587,4","13,46293","52,50512"
5088,194391,11,11,11041022,Rosenfelder Ring,2019,5,7,4,2,6,4,0,0,0,1,0,0,1,0,"806602,1766","5827734,549","13,5192","52,5133"
5089,194392,11,5,5010101,Hakenfelde Nord,2019,5,21,4,3,5,3,2,1,1,0,0,0,0,0,"784421,2177","5831938,433","13,19685","52,56301"
5090,194393,11,3,3061228,Erich-Weinert-Straße,2019,5,20,4,2,5,2,1,1,1,0,0,0,0,0,"800192,7513","5830931,051","13,42792","52,54551"
5091,194394,11,10,10040933,Mahlsdorf Süd,2019,5,16,4,3,5,3,0,1,1,0,0,0,0,0,"812640,3779","5825270,994","13,60558","52,4878"
5092,194395,11,7,7030303,Grazer Platz,2019,5,16,4,3,5,2,0,0,1,0,1,0,0,0,"795392,1195","5820977,953","13,34851","52,45892"
5093,194396,11,8,8041036,Zittauer Straße,2019,5,15,4,3,5,3,0,1,1,0,0,0,0,0,"805190,1034","5816496,393","13,48818","52,41337"
5094,194397,11,1,1011303,Alexanderplatzviertel,2019,5,15,4,3,2,2,0,1,1,0,0,0,0,0,"799109,5983","5828466,017","13,40978","52,52402"
5095,194398,11,1,1022206,Lüneburger Straße,2019,5,17,4,3,2,6,0,0,1,0,0,0,0,0,"795751,8283","5828194,682","13,36019","52,52341"
5096,194399,11,4,4020310,Park Ruhwald,2019,5,17,4,3,5,3,0,0,1,0,0,0,0,0,"790361,6202","5827321,356","13,28021","52,51848"
5097,194400,11,1,1011303,Alexanderplatzviertel,2019,5,16,4,3,2,6,0,0,1,0,1,0,0,0,"799567,6423","5828743,121","13,41676","52,52625"
5098,194401,11,4,4030930,George-Grosz-Platz,2019,5,16,4,3,2,6,0,0,1,0,0,0,0,0,"792839,8313","5825503,3","13,31503","52,50086"
5099,194402,11,6,6040805,Fischerhüttenstraße,2019,5,16,4,3,0,1,0,1,0,0,0,0,0,0,"789182,8873","5818567,649","13,25529","52,44063"
5100,194403,11,7,7030303,Grazer Platz,2019,5,15,4,3,2,6,0,0,1,0,0,0,0,0,"795437,6871","5821007,018","13,3492","52,45915"
5101,194404,11,7,7040403,Manteuffelstraße,2019,5,14,4,3,3,6,0,0,1,0,1,0,0,0,"797323,5431","5821806,776","13,37759","52,4653"
5102,194405,11,5,5010101,Hakenfelde Nord,2019,5,7,4,2,5,3,0,1,1,0,0,0,0,0,"785933,2119","5831674,059","13,21887","52,55985"
5103,194406,11,2,2010101,Askanischer Platz,2019,5,13,4,3,0,2,0,1,0,0,0,0,1,0,"797034,962","5825879,766","13,37698","52,50197"
5104,194407,11,2,2050801,Traveplatz,2019,5,15,4,2,0,1,0,0,0,0,1,0,0,0,"803360,7658","5826703,563","13,47064","52,50587"
5105,194408,11,4,4010101,Jungfernheide,2019,5,14,4,3,2,6,0,0,1,0,0,0,0,0,"791220,753","5830669,205","13,29577","52,54804"
5106,194409,11,1,1044101,Rehberge,2019,5,13,4,2,5,2,0,0,1,0,1,0,0,0,"794524,6174","5831566,174","13,34514","52,5543"
5107,194410,11,9,9041301,Kietzer Feld/Nachtheide,2019,5,13,4,3,2,6,0,0,1,0,0,0,0,0,"812118,4446","5819731,742","13,59274","52,43845"
5108,194411,11,6,6030503,Zehlendorf Mitte,2019,5,12,4,3,6,7,0,0,1,1,0,0,0,0,"789932,1301","5817661,168","13,2655","52,43211"
5109,194412,11,8,8041037,Alt-Rudow,2019,5,12,4,3,6,7,0,0,1,1,0,0,0,0,"805724,102","5816948,163","13,49642","52,41712"
5110,194413,11,1,1011303,Alexanderplatzviertel,2019,5,11,4,3,2,6,0,0,1,0,0,0,0,0,"799208,301","5828464,611","13,41123","52,52395"
5111,194414,11,8,8010213,Körnerpark,2019,5,11,4,3,5,2,0,1,1,0,0,0,0,0,"801242,3411","5822469,041","13,4357","52,46909"
5112,194415,11,1,1011204,Leipziger Straße,2019,5,9,4,3,5,2,0,0,1,0,1,0,0,0,"798311,9975","5826963,785","13,39671","52,51099"
5113,194416,11,1,1033202,Humboldthain Süd,2019,5,9,4,3,5,3,0,1,1,0,0,0,0,0,"796971,925","5830138,085","13,37986","52,54017"
5114,194417,11,2,2030402,Wrangelkiez,2019,5,9,4,3,5,2,0,0,1,0,1,0,0,0,"801945,254","5825652,14","13,4489","52,49723"
5115,194418,11,8,8010509,Schulenburgpark,2019,5,9,4,3,0,1,0,0,0,0,1,0,0,0,"803825,4356","5822133,277","13,4733","52,46465"
5116,194419,11,4,4041134,Bismarckallee,2019,5,9,4,2,2,6,0,0,1,0,0,0,0,0,"790856,9311","5824316,495","13,28486","52,49128"
5117,194420,11,5,5020417,Staakener Straße,2019,5,9,4,3,5,3,0,0,1,0,0,0,0,0,"783412,2115","5828627,715","13,17918","52,53385"
5118,194421,11,9,9020701,Adlershof West,2019,5,9,4,3,5,3,0,0,1,0,0,0,0,0,"807416,0147","5818311,215","13,52247","52,42839"
5119,194422,11,3,3040818,Pankow Süd,2019,5,8,4,3,2,2,0,0,1,0,0,0,0,0,"800276,0341","5831757,379","13,4299","52,55288"
5120,194423,11,2,2040701,Andreasviertel,2019,5,8,4,3,5,2,0,1,1,0,0,0,0,0,"800426,7408","5827979,713","13,4287","52,51893"
5121,194424,11,11,11020513,Orankesee,2019,5,8,4,3,0,2,0,0,0,0,0,1,1,0,"802985,7456","5830861,267","13,46892","52,54334"
5122,194425,11,4,4030828,Savignyplatz,2019,5,7,4,3,0,5,0,1,1,0,0,0,0,0,"793543,0094","5826368,36","13,32612","52,50824"
5123,194426,11,1,1022202,Heidestraße,2019,5,6,4,3,5,2,0,0,1,0,1,0,0,0,"796305,05","5828920,954","13,36897","52,52962"
5124,194427,11,4,4020311,Reichsstraße,2019,5,8,3,3,0,6,0,0,1,0,0,0,0,0,"789148,2701","5826072,509","13,26129","52,50793"