,id,city,district,lor,street,year,month,hour,weekday,category,collision,movement,light_conditions,bicycle,car,pedestrian,motorbike,truck,other_vehicle,road_conditions,LINREFX,LINREFY,XGCSWGS84,YGCSWGS84
5125,194428,11,1,1011101,Stülerstraße,2019,5,19,3,3,0,3,0,0,1,0,1,0,0,0,"795314,6341","5826263,095","13,35205","52,50634"
5126,194429,11,1,1011103,Lützowstraße,2019,5,19,3,3,5,3,0,1,1,0,0,0,0,0,"795384,968","5826005,478","13,35286","52,50399"
5127,194430,11,2,2040703,Wriezener Bahnhof/Entwicklungsgebiet,2019,5,19,3,3,1,5,0,1,1,0,0,0,0,0,"801667,8082","5826285,162","13,4454","52,50306"
5128,194431,11,2,2030301,Oranienplatz,2019,5,22,3,3,1,5,2,1,1,0,0,0,0,0,"799612,2945","5826218,574","13,41514","52,50359"
5129,194432,11,3,3061429,Greifswalder Straße,2019,5,18,3,3,6,6,0,1,0,1,0,0,0,0,"801137,6586","5830739,437","13,44164","52,54328"
5130,194433,11,12,12302107,Schorfheidestraße,2019,5,18,3,3,5,2,0,0,1,0,1,0,0,0,"794338,8013","5835703,626","13,34608","52,59149"
5131,194434,11,7,7050503,Eisenacher Straße,2019,5,18,3,3,0,1,0,0,1,0,0,0,0,0,"799004,597","5819644,293","13,40032","52,445"
5132,194435,11,11,11020514,Große-Leege-Straße,2019,5,13,3,3,2,6,0,0,1,0,0,0,0,0,"804498,2384","5830968,062","13,49125","52,54346"
5133,194436,11,8,8010214,Glasower Straße,2019,5,17,3,3,5,2,0,0,1,0,1,0,0,0,"801679,8523","5822337,213","13,442","52,46767"
5134,194437,11,9,9020702,Adlershof Ost,2019,5,17,3,2,0,1,0,1,1,0,0,0,0,0,"809143,0648","5819515,67","13,54891","52,43821"
5135,194438,11,3,3050924,Behaimstraße,2019,5,17,3,3,4,5,0,0,1,0,0,0,1,0,"801387,7637","5831905,76","13,44638","52,55359"
5136,194439,11,5,5010314,Carl-Schurz-Straße,2019,5,16,3,3,2,6,0,0,1,0,0,0,0,0,"785279,4718","5829297,366","13,20721","52,53888"
5137,194440,11,3,3061228,Erich-Weinert-Straße,2019,5,16,3,3,5,2,0,1,1,0,0,0,0,0,"800938,789","5831179,531","13,43912","52,54733"
5138,194441,11,5,5010314,Carl-Schurz-Straße,2019,5,15,3,3,2,6,0,0,1,0,1,0,0,0,"784645,6254","5829284,376","13,19788","52,5391"
5139,194442,11,4,4030622,Richard-Wagner-Straße,2019,5,16,3,2,6,7,0,0,1,1,0,0,0,0,"792023,8119","5827237,286","13,30456","52,51684"
5140,194443,11,2,2050801,Traveplatz,2019,5,15,3,2,3,6,0,1,1,0,0,0,0,0,"802483,9704","5827406,978","13,4584","52,51266"
5141,194444,11,2,2020203,Viktoriapark,2019,5,15,3,3,2,6,0,0,1,0,0,0,0,0,"797826,775","5824903,963","13,38774","52,49279"
5142,194445,11,2,2050802,Boxhagener Platz,2019,5,12,3,3,1,5,0,1,1,0,0,0,0,0,"802214,33","5827126,509","13,45419","52,5103"
5143,194446,11,4,4030518,Tegeler Weg,2019,5,11,3,3,4,6,0,0,1,0,0,1,0,0,"792003,4164","5828567,033","13,30543","52,52877"
5144,194447,11,1,1011401,Invalidenstraße,2019,5,10,3,3,3,6,0,1,1,0,0,0,0,0,"797360,28","5829277,149","13,3848","52,53224"
5145,194448,11,4,4030929,Hindemithplatz,2019,5,9,3,3,5,3,0,1,1,0,0,0,0,0,"792625,7998","5825458,587","13,31184","52,50057"
5146,194449,11,4,4030519,Kaiserin-Augusta-Allee,2019,5,8,3,3,5,3,0,0,1,0,1,0,0,0,"792066,9018","5828230,815","13,30607","52,52573"
5147,194450,11,12,12302107,Schorfheidestraße,2019,5,8,3,3,2,2,0,0,1,0,0,0,1,0,"794382,21","5836232,761","13,34719","52,59621"
5148,194451,11,1,1011201,Wilhelmstraße,2019,5,7,3,3,1,5,0,1,1,0,0,0,0,0,"797309,0304","5827210,91","13,3822","52,51375"
5149,194452,11,12,12301205,Waidmannslust,2019,5,7,3,3,5,3,0,1,1,0,0,0,0,0,"791780,7795","5836929,471","13,30951","52,60386"
5150,194453,11,1,1011303,Alexanderplatzviertel,2019,5,7,3,3,3,6,0,0,1,0,0,0,0,0,"799589,1844","5828777,55","13,41711","52,52654"
5151,194454,11,12,12214421,Reinickes Hof,2019,5,5,3,3,2,6,1,0,1,0,1,0,0,1,"793438,7793","5833416,061","13,33081","52,57147"
5152,194455,11,3,3061126,Arnimplatz,2019,5,15,2,2,5,2,0,1,1,0,0,0,0,0,"798963,3807","5831449,056","13,41032","52,55083"
5153,194456,11,6,6020409,Königsberger Straße,2019,5,10,2,3,1,5,0,0,1,0,0,0,0,0,"793893,1798","5817750,323","13,32367","52,43079"
5154,194457,11,1,1011204,Leipziger Straße,2019,5,16,2,3,2,2,0,0,1,0,0,0,1,0,"798699,8408","5827083,256","13,40252","52,51185"
5155,194458,11,1,1022104,Emdener Straße,2019,5,22,2,3,5,3,2,1,1,0,0,0,0,0,"794558,808","5828452,024","13,34289","52,52637"
5156,194459,11,4,4030621,Spreestadt,2019,5,20,2,2,6,4,2,0,1,1,0,0,0,0,"793201,119","5827792,842","13,32235","52,52119"
5157,194460,11,1,1011305,Heine-Viertel West,2019,5,19,2,2,5,3,0,1,1,0,0,0,0,0,"799457,4152","5827067,357","13,41363","52,51129"
5158,194461,11,1,1011103,Lützowstraße,2019,5,19,2,3,2,6,2,0,1,0,0,0,0,0,"795770,2352","5825717,509","13,35826","52,5012"
5159,194462,11,2,2020202,Rathaus Yorckstraße,2019,5,18,2,3,0,2,0,1,1,0,0,0,0,0,"797913,354","5825279,649","13,38935","52,49611"
5160,194463,11,6,6040808,Hüttenweg,2019,5,18,2,3,2,6,0,0,1,0,0,0,0,1,"790162,74","5819744,332","13,27069","52,45066"
5161,194464,11,7,7040403,Manteuffelstraße,2019,5,17,2,2,2,6,0,0,1,0,1,0,0,0,"797256,1102","5820930,401","13,37582","52,45748"
5162,194465,11,7,7010103,Barbarossaplatz,2019,5,16,2,3,5,3,0,1,1,0,0,0,0,0,"795620,9184","5824477,768","13,35497","52,49017"
5163,194466,11,11,11020412,Hauptstraße,2019,5,17,2,3,5,3,0,0,1,0,0,0,0,0,"806390,923","5831399,427","13,51947","52,54626"
5164,194467,11,6,6040701,Wannsee,2019,5,16,2,3,1,5,0,1,1,0,0,0,0,0,"784491,9874","5816959,32","13,1851","52,42867"
5165,194468,11,6,6030610,Lichterfelde West,2019,5,16,2,3,2,6,0,0,1,0,0,0,0,0,"792382,0905","5818469,596","13,30214","52,43805"
5166,194469,11,5,5010339,Freiheit,2019,5,17,2,3,1,5,0,0,1,0,0,0,1,0,"787737,8261","5828231,447","13,24243","52,52803"
5167,194470,11,3,3061126,Arnimplatz,2019,5,16,2,3,5,2,0,1,1,0,0,0,0,0,"799215,0969","5831774,087","13,41431","52,55361"
5168,194471,11,4,4030930,George-Grosz-Platz,2019,5,16,2,3,0,3,0,0,1,0,0,0,1,0,"793133,5202","5825589,392","13,31942","52,50147"
5169,194472,11,8,8030831,Gropiusstadt Ost,2019,5,15,2,3,2,6,0,0,1,0,0,0,0,0,"803926,2493","5818240,965","13,47124","52,42971"
5170,194473,11,1,1011203,Unter den Linden Süd,2019,5,15,2,3,1,5,0,1,1,0,0,0,1,0,"798120,5502","5827409,443","13,3943","52,51509"
5171,194474,11,3,3010102,Buch,2019,5,14,2,3,1,5,0,1,1,0,0,0,0,0,"804085,3347","5840223,73","13,49368","52,62664"
5172,194475,11,6,6040809,Thielallee,2019,5,14,2,3,5,2,0,1,1,0,0,0,0,0,"791620,21","5820656,732","13,29287","52,45806"
5173,194476,11,4,4030623,Ernst-Reuter-Platz,2019,5,13,2,3,0,5,0,0,1,0,0,0,0,0,"793542,2895","5826345,978","13,32609","52,50804"
5174,194477,11,9,9041601,Müggelheim,2019,5,13,2,3,5,3,0,1,1,0,0,0,0,0,"817518,8169","5818243,225","13,67051","52,42201"
5175,194478,11,12,12103115,Breitkopfbecken,2019,5,16,2,3,5,3,0,1,1,0,0,0,0,0,"796310,0035","5833949,513","13,37353","52,5747"
5176,194479,11,7,7040404,Marienhöhe,2019,5,13,2,3,5,3,0,1,1,0,0,0,0,0,"797010,2559","5820402,42","13,37174","52,45288"
5177,194480,11,6,6030608,Schweizer Viertel,2019,5,12,2,3,1,5,0,0,1,0,0,0,0,0,"792494,8062","5817042,861","13,30254","52,4252"
5178,194481,11,7,7050502,Fritz-Werner-Straße,2019,5,11,2,2,3,6,0,1,0,0,0,1,0,0,"798156,9645","5819022,544","13,38734","52,43989"
5179,194482,11,7,7070702,Alt-Lichtenrade/Töpchiner Weg,2019,5,6,2,3,5,3,0,0,1,0,1,0,0,0,"800637,2129","5814907,274","13,42002","52,40164"
5180,194483,11,10,10020517,Adele-Sandrock-Straße,2019,5,7,2,3,6,2,0,0,1,1,0,0,0,0,"812420,0484","5830374,664","13,60714","52,53366"
5181,194484,11,4,4041241,Breite Straße,2019,5,12,2,3,5,2,0,1,1,0,0,0,0,0,"791877,6547","5822388,264","13,29816","52,47345"
5182,194485,11,6,6040810,Dahlem,2019,5,7,2,3,6,4,0,1,0,1,0,0,0,0,"790951,9943","5820700,806","13,2831","52,45881"
5183,194486,11,8,8010509,Schulenburgpark,2019,5,6,2,3,5,3,0,0,1,0,1,0,0,0,"803863,6123","5821820,379","13,47358","52,46182"
5184,194487,11,3,3020209,Niederschönhausen,2019,5,6,2,3,5,3,0,0,1,0,1,0,0,0,"797866,2487","5835308,021","13,39765","52,58603"
5185,194488,11,6,6020304,Kaiser-Wilhelm-Straße,2019,5,7,2,3,5,7,0,1,1,0,0,0,0,0,"794848,6531","5817553,856","13,33751","52,42852"
5186,194489,11,5,5010314,Carl-Schurz-Straße,2019,5,7,2,3,5,2,0,0,1,0,0,0,0,0,"785604,077","5828574,33","13,21136","52,53223"
5187,194490,11,12,12302110,Dannenwalder Weg,2019,5,7,2,3,6,4,0,0,1,1,0,0,0,0,"794782,184","5836291,863","13,35313","52,59652"
5188,194491,11,7,7040401,Neu-Tempelhof,2019,5,8,2,2,5,3,0,0,1,0,0,0,0,0,"797688,6443","5823493,14","13,38445","52,48022"
5189,194492,11,6,6030607,Goerzwerke,2019,5,8,2,3,0,3,0,0,1,0,1,0,0,0,"791348,9019","5816108,091","13,28492","52,41743"
5190,194493,11,11,11041022,Rosenfelder Ring,2019,5,8,2,2,6,4,0,0,1,1,0,0,0,0,"806606,4847","5827753,215","13,51928","52,51346"
5191,194494,11,1,1011203,Unter den Linden Süd,2019,5,9,2,3,3,6,0,1,0,0,0,0,0,0,"798277,7946","5827479,54","13,39667","52,51563"
5192,194495,11,9,9020701,Adlershof West,2019,5,9,2,3,3,6,0,0,1,0,0,0,1,0,"808537,5568","5819110,451","13,53965","52,43492"
5193,194496,11,4,4051655,Babelsberger Straße,2019,5,9,2,3,6,4,0,0,1,1,0,0,0,0,"794044,3734","5823103,788","13,3306","52,4787"
5194,194497,11,6,6040810,Dahlem,2019,5,10,2,3,5,2,0,0,1,0,0,0,0,0,"790148,897","5819770,493","13,27051","52,4509"
5195,194498,11,1,1011304,Karl-Marx-Allee,2019,5,10,2,3,5,3,0,1,0,0,0,0,1,0,"799687,8117","5827827,087","13,4177","52,51797"
5196,194499,11,4,4020310,Park Ruhwald,2019,5,10,2,2,2,6,0,0,1,0,0,0,0,0,"788261,2005","5827800,388","13,24975","52,52389"
5197,194500,11,4,4030929,Hindemithplatz,2019,5,10,2,3,2,6,0,1,1,0,0,0,0,0,"792705,4296","5825893,894","13,31339","52,50443"
5198,194501,11,4,4030827,Karl-August-Platz,2019,5,11,2,3,1,5,0,1,1,0,0,0,0,0,"792298,4509","5826012,903","13,30752","52,50572"
5199,194502,11,9,9020601,Schnellerstraße,2019,5,11,2,3,5,2,0,1,1,0,0,0,0,0,"805903,9782","5821819,79","13,50352","52,46068"
5200,194503,11,12,12103116,Hausotterplatz,2019,5,11,2,3,6,4,0,0,1,1,0,0,0,0,"796727,9007","5833305,516","13,3791","52,5687"
5201,194504,11,5,5010312,Kurstraße,2019,5,11,2,3,5,2,0,1,1,0,0,0,0,0,"785077,1717","5829876,784","13,20473","52,54418"
5202,194505,11,9,9051702,Bölschestraße,2019,5,12,2,3,0,1,0,1,0,0,0,0,0,0,"814202,1963","5821284,925","13,62475","52,45118"
5203,194506,11,5,5020417,Staakener Straße,2019,5,12,2,3,3,6,0,0,1,0,0,0,0,0,"783024,355","5828580,341","13,17344","52,53363"
5204,194507,11,1,1033202,Humboldthain Süd,2019,5,5,1,3,6,4,1,1,0,1,0,0,0,0,"797451,1788","5830054,635","13,38683","52,53916"
5205,194508,11,1,1011201,Wilhelmstraße,2019,5,15,1,3,5,2,0,1,1,0,0,0,0,0,"796960,8965","5826701,878","13,37663","52,50938"
5206,194509,11,8,8010404,Rixdorf,2019,5,17,1,3,0,7,0,0,1,0,1,0,0,0,"802024,3567","5823487,484","13,4481","52,47779"
5207,194510,11,6,6020303,Lankwitz Kirche,2019,5,17,1,3,1,5,0,1,1,0,0,0,0,0,"795285,1301","5818576,985","13,34482","52,43745"
5208,194511,11,8,8010118,Silbersteinstraße,2019,5,14,1,3,5,2,0,1,1,0,0,0,0,0,"800773,2206","5822754,829","13,42907","52,47191"
5209,194512,11,3,3071537,Kollwitzplatz,2019,5,14,1,3,6,4,0,1,0,1,0,0,0,0,"799854,3403","5829796,666","13,42192","52,53553"
5210,194513,11,8,8010118,Silbersteinstraße,2019,5,12,1,3,6,4,0,0,0,1,1,0,0,0,"800851,5144","5822529,81","13,43002","52,46985"
5211,194514,11,2,2020204,Urbanstraße,2019,5,14,1,2,6,4,0,1,0,1,0,0,0,0,"798715,6214","5825011,778","13,40089","52,49327"
5212,194515,11,10,10020621,Gelbes Viertel,2019,5,18,1,2,6,4,0,0,1,1,0,0,0,0,"811408,0764","5829835,227","13,59176","52,5294"
5213,194516,11,8,8041037,Alt-Rudow,2019,5,20,1,2,5,3,1,0,1,0,0,0,0,0,"805316,4929","5817686,377","13,49112","52,42396"
5214,194517,11,2,2010104,Wassertorplatz,2019,5,11,1,2,6,4,0,0,1,1,0,0,0,0,"799701,9112","5825677,409","13,41597","52,49869"
5215,194518,11,8,8020726,Buckow West,2019,5,9,1,3,5,3,0,0,1,0,1,0,0,0,"799852,9118","5816514,875","13,40996","52,41648"
5216,194519,11,4,4030929,Hindemithplatz,2019,5,8,1,2,0,2,0,0,1,0,0,0,0,0,"792707,631","5825467,903","13,31305","52,50061"
5217,194520,11,12,12301205,Waidmannslust,2019,5,3,1,2,1,5,2,0,1,0,0,0,0,0,"791625,9962","5836754,338","13,30708","52,60237"
5218,194521,11,6,6010101,Fichtenberg,2019,5,13,1,3,2,6,0,0,1,0,0,0,1,0,"793396,6998","5820359,578","13,31868","52,45445"
5219,194522,11,12,12214527,Alt-Tegel,2019,5,14,1,3,5,2,0,0,1,0,0,0,0,0,"789903,1543","5835694,804","13,28078","52,59379"
5220,194523,11,7,7010101,Wittenbergplatz/Viktoria-Luise-Platz,2019,5,16,7,2,6,2,0,0,0,1,0,0,1,0,"794963,4986","5824889,041","13,34568","52,49421"
5221,194524,11,4,4051655,Babelsberger Straße,2019,5,12,7,3,1,5,0,0,1,0,0,0,0,0,"794221,9305","5823923,713","13,33393","52,48596"
5222,194525,11,3,3040614,Pankow Zentrum,2019,5,19,7,3,5,2,1,1,1,0,0,0,0,0,"800025,0322","5834542,94","13,42872","52,57798"
5223,194526,11,1,1011402,Arkonaplatz,2019,5,17,7,3,5,3,0,1,0,0,0,0,1,0,"798731,3362","5829568,325","13,40521","52,5341"
5224,194527,11,12,12302108,Märkisches Zentrum,2019,5,21,7,2,6,4,2,0,1,1,0,0,0,0,"793826,5854","5836350,248","13,33912","52,59757"
5225,194528,11,12,12302108,Märkisches Zentrum,2019,5,21,7,3,6,6,2,0,1,1,0,0,0,0,"793817,42","5836446,814","13,33907","52,59844"
5226,194529,11,1,1044101,Rehberge,2019,5,19,7,3,5,2,0,1,1,0,0,0,0,0,"794526,2011","5831579,001","13,34518","52,55442"
5227,194530,11,9,9020802,Köllnische Vorstadt,2019,5,19,7,3,5,3,0,0,1,0,0,0,0,0,"810306,2572","5819727,921","13,56616","52,43945"
5228,194531,11,7,7050501,Rathausstraße,2019,5,17,7,3,5,2,0,0,1,0,1,0,0,0,"797213,3135","5819550,569","13,37396","52,44513"
5229,194532,11,9,9041501,Altstadt Kietz,2019,5,18,7,3,2,6,0,0,1,0,0,0,0,1,"811260,2851","5820195,324","13,58059","52,4431"
5230,194533,11,10,10040933,Mahlsdorf Süd,2019,5,18,7,2,1,5,0,0,1,0,1,0,0,0,"813910,8792","5825561,296","13,6245","52,48967"
5231,194534,11,1,1044202,Sparrplatz,2019,5,18,7,3,2,6,0,0,1,0,0,0,0,0,"795045,571","5830316,297","13,3517","52,54282"
5232,194535,11,10,10020413,Gut Hellersdorf,2019,5,17,7,3,5,3,0,0,1,0,1,0,0,0,"812010,4312","5830589,805","13,60132","52,53582"
5233,194536,11,1,1011306,Heine-Viertel Ost,2019,5,16,7,3,1,5,0,0,1,0,0,0,0,0,"799906,8773","5826955,879","13,42014","52,51004"
5234,194537,11,2,2030401,Reichenberger Straße,2019,5,1,7,3,5,3,2,0,1,0,0,0,0,1,"800871,0992","5825304,613","13,43281","52,49471"
5235,194538,11,5,5020523,Maulbeerallee,2019,5,14,7,2,0,6,0,0,1,0,0,0,1,0,"782434,9399","5827016,673","13,16344","52,51991"
5236,194539,11,1,1044101,Rehberge,2019,5,14,7,3,6,4,0,0,1,1,0,0,0,1,"794790,4156","5831159,972","13,34869","52,55052"
5237,194540,11,10,10020413,Gut Hellersdorf,2019,5,13,7,2,0,1,0,1,0,0,0,0,0,0,"810968,6965","5830834,146","13,58624","52,5386"
5238,194541,11,8,8041040,Waltersdorfer Chaussee Ost,2019,5,13,7,3,5,2,0,1,1,0,0,0,0,0,"805807,5909","5816836,148","13,49754","52,41607"
5239,194542,11,12,12301206,Lübars,2019,5,12,7,3,5,3,0,1,1,0,0,0,0,0,"793791,716","5838387,289","13,34041","52,61584"
5240,194543,11,3,3030406,Alt-Karow,2019,5,11,7,3,5,3,0,0,1,0,0,0,0,0,"802871,7582","5838290,452","13,47403","52,60999"
5241,194544,11,6,6040701,Wannsee,2019,5,10,7,3,0,1,0,0,1,0,0,0,0,0,"784608,7136","5816618,354","13,18652","52,42555"
5242,194545,11,4,4051551,Brabanter Platz,2019,5,3,6,3,1,1,2,0,1,0,0,0,0,0,"793294,5183","5823078,694","13,31957","52,47888"
5243,194546,11,10,10040933,Mahlsdorf Süd,2019,5,8,6,3,5,2,0,1,1,0,0,0,0,0,"813089,3001","5827106,998","13,61389","52,50399"
5244,194547,11,9,9051901,Dammvorstadt,2019,5,12,6,3,6,7,0,0,1,1,0,0,0,0,"811036,5617","5821843,097","13,57884","52,45799"
5245,194548,11,5,5040936,Jägerallee,2019,5,14,6,3,6,6,0,0,1,1,0,0,0,0,"781031,1745","5819392,18","13,13638","52,45227"
5246,194549,11,7,7030301,Friedenau,2019,5,22,6,3,2,2,2,0,1,0,0,0,0,0,"794083,5444","5821722,798","13,32996","52,4663"
5247,194550,11,7,7040403,Manteuffelstraße,2019,5,6,6,3,3,6,0,0,1,0,0,0,1,0,"797300,836","5821360,397","13,37686","52,46131"
5248,194551,11,2,2030402,Wrangelkiez,2019,5,21,6,3,6,4,2,1,0,1,0,0,0,0,"801475,9238","5825766,403","13,44211","52,49852"
5249,194552,11,8,8010303,Donaustraße,2019,5,19,6,3,1,5,0,1,1,0,0,0,1,0,"801422,6668","5823868,016","13,43961","52,48153"
5250,194553,11,8,8010301,Reuterkiez,2019,5,7,6,3,5,3,0,0,1,0,0,0,0,0,"800566,6502","5825140,195","13,42819","52,4934"
5251,194554,11,12,12103219,Schäfersee,2019,5,18,6,3,5,2,0,0,1,0,0,0,0,0,"795066,6558","5832467,641","13,35392","52,56209"
5252,194555,11,7,7010104,Dennewitzplatz,2019,5,18,6,3,1,5,0,1,1,0,0,0,1,0,"796478,9357","5824878,982","13,36792","52,4933"
5253,194556,11,11,11020411,Malchower Weg,2019,5,7,6,3,1,1,0,0,1,0,0,1,0,0,"804591,1166","5832766,386","13,49427","52,55952"
5254,194557,11,9,9020701,Adlershof West,2019,5,17,6,3,5,3,0,1,1,0,0,0,0,0,"807405,1348","5818330,199","13,52233","52,42856"
5255,194558,11,1,1011302,Oranienburger Straße,2019,5,8,6,3,5,2,0,1,1,0,0,0,0,0,"799055,7572","5828996,62","13,40947","52,5288"
5256,194559,11,1,1011201,Wilhelmstraße,2019,5,8,6,3,1,5,0,1,1,0,0,0,0,0,"797320,9324","5827179,819","13,38234","52,51346"
5257,194560,11,6,6040701,Wannsee,2019,5,0,6,3,1,5,2,1,0,0,0,1,1,0,"781636,4579","5814901,696","13,14148","52,4117"
5258,194561,11,1,1011301,Charitéviertel,2019,5,8,6,3,2,6,0,0,1,0,1,0,0,0,"796689,4316","5828765,441","13,37448","52,52802"
5259,194562,11,5,5020626,Adamstraße,2019,5,9,6,2,6,4,0,0,1,1,0,0,0,0,"784637,7828","5827259,952","13,19603","52,52095"
5260,194563,11,7,7060603,Marienfelde Nordost,2019,5,9,6,2,6,4,0,0,1,1,0,0,0,0,"798082,9263","5815826,686","13,3834","52,41128"
5261,194564,11,1,1011204,Leipziger Straße,2019,5,9,6,3,5,5,0,0,1,0,1,0,0,0,"797954,8117","5826681,062","13,39121","52,50865"
5262,194565,11,1,1022106,Elberfelder Straße,2019,5,10,6,3,1,5,0,0,1,0,1,0,0,0,"793890,4918","5827657,664","13,33236","52,51961"
5263,194566,11,6,6010209,Feuerbachstraße,2019,5,11,6,3,2,6,0,0,1,0,0,0,0,0,"794204,3995","5821446,042","13,33149","52,46375"
5264,194567,11,5,5020625,Borkumer Straße,2019,5,12,6,3,2,6,0,0,1,0,0,0,0,0,"784791,3084","5828770,72","13,19958","52,53442"
5265,194568,11,8,8010301,Reuterkiez,2019,5,12,6,3,5,2,0,1,0,0,0,0,1,0,"800975,2383","5824764,517","13,43385","52,48981"
5266,194569,11,2,2020204,Urbanstraße,2019,5,13,6,2,5,3,0,0,1,0,1,0,0,0,"798420,4282","5824745,839","13,39632","52,49105"
5267,194570,11,6,6010101,Fichtenberg,2019,5,13,6,3,5,7,0,1,1,0,0,0,0,0,"793077,4855","5820686,071","13,31428","52,45755"
5268,194571,11,3,3061332,Helmholtzplatz,2019,5,13,6,3,0,7,0,0,1,0,1,0,0,0,"800033,175","5830686,507","13,42536","52,54341"
5269,194572,11,1,1033102,Gesundbrunnen,2019,5,14,6,3,2,6,0,0,1,0,1,0,0,0,"797571,7037","5831890,308","13,39025","52,55555"
5270,194573,11,2,2020203,Viktoriapark,2019,5,15,6,3,5,7,0,0,1,0,1,0,0,0,"797032,9532","5824470,717","13,3757","52,48934"
5271,194574,11,12,12301203,Wittenau Süd,2019,5,15,6,2,5,2,0,1,1,0,0,0,0,0,"793539,1536","5835464,04","13,3341","52,58978"
5272,194575,11,1,1011204,Leipziger Straße,2019,5,16,5,3,1,5,0,1,1,0,0,0,1,0,"797991,7643","5826838,456","13,3919","52,51004"
5273,194576,11,3,3061429,Greifswalder Straße,2019,5,8,5,3,5,3,0,1,1,0,0,0,0,0,"801415,9424","5830909,621","13,44589","52,54465"
5274,194577,11,8,8010510,Gewerbegebiet Köllnische Heide,2019,5,6,5,2,2,7,0,0,1,0,1,0,0,0,"803600,451","5821923,667","13,46981","52,4629"
5275,194578,11,1,1011203,Unter den Linden Süd,2019,5,11,5,3,6,2,0,0,1,1,0,0,0,0,"797913,3963","5827274,605","13,39113","52,51399"
5276,194579,11,9,9020701,Adlershof West,2019,5,18,5,3,5,2,0,1,1,0,0,0,0,0,"808974,666","5818112,353","13,54514","52,42573"
5277,194580,11,1,1011305,Heine-Viertel West,2019,5,18,5,3,0,3,0,1,1,0,0,0,0,0,"799126,1116","5827120,575","13,40881","52,51195"
5278,194581,11,1,1011306,Heine-Viertel Ost,2019,5,8,5,3,5,3,0,1,1,0,0,0,0,0,"799898,9024","5826523,844","13,41963","52,50617"
5279,194582,11,12,12214422,Klixstraße,2019,5,16,5,3,5,2,0,1,1,0,0,0,0,0,"792217,2608","5833939,835","13,3133","52,57682"
5280,194583,11,4,4030621,Spreestadt,2019,5,15,5,3,1,5,0,0,1,0,1,0,0,0,"793503,6914","5827893,08","13,32689","52,52193"
5281,194584,11,2,2010103,Moritzplatz,2019,5,14,5,3,5,5,0,1,1,0,0,0,0,0,"799564,6194","5826307,676","13,41452","52,50442"
5282,194585,11,8,8030830,Gropiusstadt Süd,2019,5,15,5,2,5,2,0,0,1,0,0,0,0,0,"802294,9254","5817848,234","13,44697","52,42709"
5283,194586,11,12,12301203,Wittenau Süd,2019,5,15,5,3,2,6,0,0,1,0,0,0,0,0,"792548,31","5834467,682","13,31864","52,58138"
5284,194587,11,3,3051022,Hansastraße,2019,5,15,5,2,5,2,0,0,1,0,1,0,0,0,"803342,4377","5831580,71","13,47482","52,54959"
5285,194588,11,6,6010101,Fichtenberg,2019,5,9,5,2,5,3,0,1,1,0,0,0,0,0,"792711,912","5821670,605","13,30978","52,46657"
5286,194589,11,5,5030730,Zitadellenweg,2019,5,12,5,3,5,3,0,0,0,0,1,0,1,0,"786106,7127","5829356,904","13,21942","52,53898"
5287,194590,11,1,1022103,Westhafen,2019,5,12,5,3,5,2,0,1,0,0,0,1,0,0,"793500,9477","5829389,725","13,32817","52,53534"
5288,194591,11,4,4030725,Amtsgerichtsplatz,2019,5,11,5,3,5,3,0,0,1,0,0,0,0,0,"791292,4732","5826060,761","13,29278","52,50669"
5289,194592,11,6,6010102,Schloßstraße,2019,5,15,5,3,6,7,0,0,1,1,0,0,0,0,"793520,2365","5820658,453","13,32076","52,45706"
5290,194593,11,9,9030903,Kölner Viertel,2019,5,15,5,3,6,7,0,0,1,1,0,0,0,0,"808749,8299","5815317,378","13,53927","52,4008"
5291,194594,11,7,7010104,Dennewitzplatz,2019,5,10,5,3,5,3,0,1,1,0,0,0,0,0,"796364,5711","5825091,324","13,36643","52,49526"
5292,194595,11,2,2050803,Stralauer Kiez,2019,5,10,5,3,5,2,0,0,1,0,0,0,1,0,"802950,2125","5826077,699","13,46404","52,50049"
5293,194596,11,7,7030303,Grazer Platz,2019,5,8,5,3,2,6,0,0,1,0,0,0,1,0,"795332,6233","5821559,26","13,34815","52,46416"
5294,194597,11,1,1011303,Alexanderplatzviertel,2019,5,8,5,3,3,6,0,0,0,0,0,0,1,0,"799113,834","5828309,341","13,4097","52,52261"
5295,194598,11,2,2010102,Mehringplatz,2019,5,8,5,2,0,1,0,0,0,0,1,0,0,0,"798433,2438","5826505,333","13,39808","52,50681"
5296,194599,11,2,2040701,Andreasviertel,2019,5,0,5,3,1,5,2,1,1,0,0,0,0,0,"800645,1725","5827393,033","13,43138","52,51355"
5297,194600,11,7,7040403,Manteuffelstraße,2019,5,8,5,3,0,1,0,1,0,0,0,0,0,0,"797284,0038","5821143,507","13,37642","52,45938"
5298,194601,11,2,2040703,Wriezener Bahnhof/Entwicklungsgebiet,2019,5,16,4,3,6,2,0,1,0,1,0,0,0,0,"800921,742","5826861,776","13,43496","52,50864"
5299,194602,11,6,6030610,Lichterfelde West,2019,5,19,4,3,5,2,0,0,1,0,0,0,0,0,"792938,7022","5817767,983","13,30969","52,43146"
5300,194603,11,8,8010303,Donaustraße,2019,5,19,4,2,3,6,0,0,1,0,0,0,0,0,"801027,423","5823894,033","13,43383","52,48198"
5301,194604,11,2,2030401,Reichenberger Straße,2019,5,22,4,3,6,4,2,1,0,1,0,0,0,0,"800480,428","5825761,597","13,42748","52,49902"