,id,city,district,lor,street,year,month,hour,weekday,category,collision,movement,light_conditions,bicycle,car,pedestrian,motorbike,truck,other_vehicle,road_conditions,LINREFX,LINREFY,XGCSWGS84,YGCSWGS84
5302,194605,11,3,3030716,Märchenland,2019,5,12,4,3,5,2,0,1,1,0,0,0,0,0,"803366,1508","5833523,539","13,47695","52,56699"
5303,194606,11,5,5020625,Borkumer Straße,2019,5,21,4,2,2,6,2,0,1,0,1,0,0,0,"784391,5608","5828680,705","13,19362","52,53382"
5304,194607,11,12,12302107,Schorfheidestraße,2019,5,19,4,3,5,2,0,0,1,0,1,0,0,0,"794339,284","5835706,267","13,34609","52,59152"
5305,194608,11,2,2040701,Andreasviertel,2019,5,18,4,3,6,7,0,0,1,1,0,0,0,0,"801071,1201","5827121,581","13,43739","52,51089"
5306,194609,11,9,9010101,Elsenstraße,2019,5,18,4,3,6,2,0,0,1,1,0,0,0,0,"802309,9897","5825530,661","13,45414","52,49594"
5307,194610,11,7,7040403,Manteuffelstraße,2019,5,14,4,3,6,7,0,1,0,1,0,0,0,0,"797855,0421","5821652,03","13,38525","52,46362"
5308,194611,11,4,4031032,Halensee,2019,5,13,4,3,5,2,0,0,1,0,1,0,0,0,"791577,9677","5824878,875","13,29594","52,49594"
5309,194612,11,6,6040809,Thielallee,2019,5,13,4,3,1,5,0,1,1,0,0,0,1,0,"792269,5007","5820610,285","13,30236","52,4573"
5310,194613,11,5,5030731,Gartenfelder Straße,2019,5,12,4,3,2,2,0,0,1,0,1,0,0,0,"787665,0754","5829975,328","13,24287","52,54371"
5311,194614,11,4,4030620,Alt-Lietzow,2019,5,12,4,3,3,6,0,1,1,0,0,0,0,0,"792661,1466","5827139,968","13,31384","52,51563"
5312,194615,11,2,2010103,Moritzplatz,2019,5,17,4,3,5,2,0,0,1,0,1,0,0,0,"798718,12","5825880,516","13,40171","52,50105"
5313,194616,11,8,8020625,Handwerker-Siedlung,2019,5,12,4,3,5,3,0,0,1,0,0,0,0,0,"801478,55","5817971,456","13,43511","52,42865"
5314,194617,11,12,12231102,Frohnau,2019,5,12,4,3,5,3,0,1,1,0,0,0,0,0,"790579,008","5839713,713","13,29426","52,62946"
5315,194618,11,4,4051448,Schaperstraße,2019,5,15,4,3,0,2,0,0,1,0,0,0,1,0,"793503,5733","5825309,422","13,32461","52,49876"
5316,194619,11,4,4051549,Rathaus Wilmersdorf,2019,5,15,4,3,0,6,0,1,1,0,0,0,0,0,"793303,0783","5823754,17","13,32029","52,48493"
5317,194620,11,10,10020622,Kaulsdorf Nord I,2019,5,16,4,3,2,1,0,0,1,0,0,0,0,0,"810512,3879","5827974,251","13,57686","52,51323"
5318,194621,11,2,2010103,Moritzplatz,2019,5,10,4,3,0,1,0,0,0,0,1,0,0,1,"799282,541","5826219,366","13,4103","52,50378"
5319,194622,11,12,12304313,Borsigwalde,2019,4,17,3,3,5,3,0,1,1,0,0,0,0,0,"790967,1499","5834529,37","13,29542","52,58278"
5320,194623,11,7,7010104,Dennewitzplatz,2019,4,6,3,2,5,3,0,0,1,0,1,0,0,0,"796332,2021","5825092,714","13,36596","52,49529"
5321,194624,11,1,1033102,Gesundbrunnen,2019,4,9,3,3,2,2,0,0,1,0,0,0,0,0,"797179,4009","5831917,919","13,3845","52,55601"
5322,194625,11,9,9020701,Adlershof West,2019,4,15,3,3,6,6,0,1,0,1,0,0,0,0,"808562,4573","5819104,777","13,54001","52,43485"
5323,194626,11,2,2030301,Oranienplatz,2019,4,17,3,3,1,5,0,0,1,0,1,0,0,0,"799852,1146","5825823,338","13,41831","52,49992"
5324,194627,11,1,1044101,Rehberge,2019,4,7,3,3,2,6,1,0,1,0,0,0,0,0,"793878,0004","5830231,523","13,33445","52,54269"
5325,194628,11,9,9020701,Adlershof West,2019,4,23,3,3,5,3,2,0,1,0,1,0,0,0,"807417,0875","5818311,38","13,52249","52,42839"
5326,194629,11,1,1033203,Humboldthain Nordwest,2019,4,15,3,2,5,2,0,0,0,0,1,0,1,0,"796634,192","5829789,723","13,37458","52,53723"
5327,194630,11,1,1044201,Reinickendorfer Straße,2019,4,15,3,3,3,6,0,1,1,0,0,0,0,0,"796919,9784","5831542,388","13,38035","52,55279"
5328,194631,11,9,9010401,Johannisthal West,2019,4,15,3,3,5,3,0,1,1,0,0,0,0,0,"806015,4078","5820102,357","13,50358","52,44523"
5329,194632,11,7,7040401,Neu-Tempelhof,2019,4,15,3,3,5,3,0,1,0,0,0,0,1,0,"797146,8825","5823822,619","13,37679","52,48347"
5330,194633,11,7,7030301,Friedenau,2019,4,15,3,3,5,3,0,1,1,0,0,0,0,0,"793747,1463","5821713,614","13,32501","52,4664"
5331,194634,11,4,4020314,Messegelände,2019,4,15,3,2,5,7,0,1,1,0,0,0,0,0,"790410,8026","5825382,653","13,27924","52,50108"
5332,194635,11,2,2010102,Mehringplatz,2019,4,15,3,2,5,2,0,1,1,0,0,0,0,0,"798680,0182","5826445,145","13,40165","52,50614"
5333,194636,11,1,1022201,Stephankiez,2019,4,15,3,2,5,7,0,0,1,0,1,0,0,0,"794854,6689","5828992,144","13,34771","52,53105"
5334,194637,11,2,2010102,Mehringplatz,2019,4,14,3,3,5,3,0,1,1,0,0,0,0,0,"798514,8682","5826169,425","13,39898","52,50376"
5335,194638,11,1,1022101,Huttenkiez,2019,4,14,3,3,5,2,0,1,0,0,0,1,0,0,"793408,2861","5829078,436","13,32653","52,5326"
5336,194639,11,10,10040933,Mahlsdorf Süd,2019,4,14,3,3,3,6,0,1,0,0,0,0,1,0,"813212,9248","5825316,6","13,61403","52,48788"
5337,194640,11,4,4030724,Lietzensee,2019,4,15,3,3,1,5,0,0,1,0,0,0,0,0,"791051,6605","5826351,101","13,2895","52,50942"
5338,194641,11,7,7020203,Kaiser-Wilhelm-Platz,2019,4,13,3,3,5,7,0,1,1,0,0,0,0,0,"795707,2049","5824041,262","13,35585","52,48621"
5339,194642,11,4,4051446,Preußenpark,2019,4,11,3,3,5,2,0,1,1,0,0,0,0,0,"792891,6925","5824757,108","13,31513","52,49414"
5340,194643,11,9,9020501,Oberschöneweide West,2019,4,6,3,3,5,7,0,0,1,0,0,1,0,0,"806236,026","5822494,019","13,50901","52,46654"
5341,194644,11,3,3061228,Erich-Weinert-Straße,2019,5,18,5,3,2,6,0,0,1,0,0,0,0,0,"800925,6469","5831198,171","13,43894","52,5475"
5342,194645,11,10,10010203,Gewerbegebiet Bitterfelder Straße,2019,4,6,3,3,1,5,0,0,1,0,0,1,0,0,"807447,0093","5830728,883","13,53438","52,53966"
5343,194646,11,5,5030731,Gartenfelder Straße,2019,4,6,3,3,5,3,0,0,1,0,0,0,0,0,"787269,2566","5830242,612","13,23728","52,54631"
5344,194647,11,7,7050502,Fritz-Werner-Straße,2019,5,18,5,3,5,3,0,0,1,0,0,0,0,0,"797929,7911","5818556,127","13,38359","52,43583"
5345,194648,11,3,3061126,Arnimplatz,2019,5,14,5,3,5,3,0,1,0,0,0,0,0,1,"798836,0454","5831456,127","13,40845","52,55097"
5346,194649,11,1,1044201,Reinickendorfer Straße,2019,4,6,3,3,2,6,0,0,1,0,0,0,0,0,"796543,9255","5831927,801","13,37516","52,55645"
5347,194650,11,10,10030724,Oberfeldstraße,2019,5,14,5,2,2,6,0,0,1,0,0,0,0,1,"809588,09","5828534,085","13,5638","52,51878"
5348,194651,11,11,11040926,Weitlingstraße,2019,5,14,5,3,5,3,0,1,1,0,0,0,0,1,"806449,4155","5826869,53","13,51616","52,50563"
5349,194652,11,6,6010102,Schloßstraße,2019,5,16,6,3,1,5,0,1,1,0,0,0,0,0,"793574,2415","5820963,488","13,32182","52,45977"
5350,194653,11,11,11030618,Fennpfuhl West,2019,5,16,6,3,2,2,0,0,0,0,1,0,1,0,"802427,995","5828890,968","13,45893","52,52599"
5351,194654,11,2,2040701,Andreasviertel,2019,5,16,6,3,2,6,0,0,1,0,1,0,0,0,"800168,844","5827328,842","13,42432","52,51324"
5352,194655,11,12,12214125,Waldidyll/Flughafensee,2019,5,15,6,2,2,6,0,0,1,0,0,0,0,0,"791191,5785","5830904,403","13,29554","52,55016"
5353,194656,11,1,1011301,Charitéviertel,2019,5,15,6,3,1,5,0,1,1,0,0,0,0,0,"797040,0027","5828398,904","13,37931","52,52455"
5354,194657,11,5,5040934,Alt-Gatow,2019,5,15,6,3,5,2,0,0,1,0,1,0,0,0,"783507,6076","5822041,799","13,17497","52,47475"
5355,194658,11,2,2010102,Mehringplatz,2019,5,15,6,3,2,6,0,0,1,0,0,0,1,0,"798083,0715","5826489,931","13,39292","52,50686"
5356,194659,11,11,11020513,Orankesee,2019,5,13,6,3,5,2,0,0,0,0,0,1,1,0,"803007,8226","5830784,44","13,46918","52,54264"
5357,194660,11,4,4051448,Schaperstraße,2019,5,13,6,2,5,2,0,1,1,0,0,0,0,0,"793633,6498","5824865,512","13,32612","52,49472"
5358,194661,11,1,1011302,Oranienburger Straße,2019,5,13,6,3,0,5,0,1,0,0,0,0,1,0,"797752,4679","5828802,039","13,39014","52,52777"
5359,194662,11,2,2030301,Oranienplatz,2019,5,13,6,3,5,3,0,0,1,0,0,0,0,0,"799704,9067","5826006,481","13,41631","52,50164"
5360,194663,11,11,2050803,Stralauer Kiez,2019,5,12,6,3,3,6,0,1,0,0,0,0,1,0,"803275,6778","5826146,086","13,46889","52,50092"
5361,194664,11,9,9020701,Adlershof West,2019,5,11,6,3,0,3,0,0,1,0,0,0,1,0,"808740,2692","5818502,998","13,54206","52,42936"
5362,194665,11,9,9010101,Elsenstraße,2019,5,9,5,3,3,6,0,1,0,0,0,0,1,0,"801672,6423","5825161,335","13,44445","52,49298"
5363,194666,11,6,6030609,Augustaplatz,2019,5,20,5,3,2,6,1,0,1,0,0,0,0,0,"793196,7893","5819819,793","13,31527","52,44972"
5364,194667,11,5,5030832,Rohrdamm,2019,5,19,5,3,5,2,0,0,1,0,0,0,0,1,"789675,18","5829301,072","13,27184","52,5366"
5365,194668,11,1,1022201,Stephankiez,2019,5,19,5,3,5,3,0,1,1,0,0,0,0,1,"795774,917","5829084,013","13,36132","52,53137"
5366,194669,11,1,1044203,Leopoldplatz,2019,5,19,5,3,2,6,0,0,1,0,0,0,0,1,"795770,8142","5831869,086","13,36374","52,55634"
5367,194670,11,12,12214125,Waldidyll/Flughafensee,2019,5,23,5,3,0,1,2,0,0,0,1,0,0,1,"791164,151","5834024,744","13,29788","52,57815"
5368,194671,11,6,6020408,Lichterfelde Süd,2019,5,8,5,3,0,1,0,0,0,0,0,0,1,1,"792720,5039","5816241,039","13,30515","52,41789"
5369,194672,11,5,5010312,Kurstraße,2019,5,12,5,3,2,4,0,0,1,1,0,0,0,1,"784885,3067","5830156,404","13,20215","52,54679"
5370,194673,11,4,4020314,Messegelände,2019,5,12,5,3,2,6,0,0,1,0,0,1,0,1,"790563,8669","5825419,472","13,28152","52,50132"
5371,194674,11,6,6020408,Lichterfelde Süd,2019,5,12,5,3,6,2,0,0,0,1,0,0,1,1,"793052,7272","5816371,776","13,31014","52,41888"
5372,194675,11,2,2020204,Urbanstraße,2019,5,11,5,3,5,3,0,0,1,0,0,0,0,1,"798538,9619","5825340,119","13,39859","52,49631"
5373,194676,11,10,10030724,Oberfeldstraße,2019,5,10,5,3,6,2,0,0,1,1,0,0,0,1,"809190,2108","5830208,994","13,55952","52,53401"
5374,194677,11,2,2050802,Boxhagener Platz,2019,5,10,5,3,0,2,0,0,1,0,0,0,1,1,"802039,4521","5827167,37","13,45166","52,51076"
5375,194678,11,2,2040701,Andreasviertel,2019,5,10,5,3,2,6,0,0,0,0,0,0,1,1,"800870,9334","5826856,409","13,43421","52,50862"
5376,194679,11,2,2040703,Wriezener Bahnhof/Entwicklungsgebiet,2019,5,9,5,3,5,3,0,1,1,0,0,0,0,1,"801108,4021","5827043,87","13,43787","52,51017"
5377,194680,11,2,2030401,Reichenberger Straße,2019,5,9,5,3,5,3,0,0,1,0,1,0,0,1,"800625,1704","5825680,819","13,42954","52,49822"
5378,194681,11,12,12103116,Hausotterplatz,2019,5,9,5,3,5,3,0,0,1,0,0,0,0,1,"796741,1278","5833529,995","13,3795","52,5707"
5379,194682,11,2,2020204,Urbanstraße,2019,5,8,5,3,2,6,0,0,1,0,0,0,0,1,"798501,383","5825362,595","13,39806","52,49653"
5380,194683,11,1,1044201,Reinickendorfer Straße,2019,5,8,5,3,5,2,0,0,1,0,0,0,0,1,"796695,7454","5831632,059","13,37713","52,55371"
5381,194684,11,2,2050602,Samariterviertel,2019,5,8,5,2,5,2,0,0,1,0,1,0,0,1,"802768,3787","5827684,086","13,46283","52,51499"
5382,194685,11,3,3030715,Heinersdorf,2019,5,8,5,3,4,6,0,0,1,0,0,1,0,1,"800997,7698","5833690,921","13,44226","52,56981"
5383,194686,11,7,7050501,Rathausstraße,2019,5,6,5,3,6,2,0,0,1,1,0,0,0,1,"797506,2777","5819279,941","13,37802","52,44255"
5384,194687,11,4,4030621,Spreestadt,2019,5,5,5,2,1,1,1,0,1,0,0,0,0,1,"793593,1639","5827840,079","13,32815","52,5214"
5385,194688,11,11,11030721,Rüdigerstraße,2019,5,2,5,2,6,4,2,0,0,1,0,1,0,1,"803909,919","5828257,616","13,48013","52,51949"
5386,194689,11,6,6020303,Lankwitz Kirche,2019,5,17,5,2,6,4,0,0,1,1,0,0,0,0,"795273,5393","5818159,212","13,34428","52,43371"
5387,194690,11,3,3071537,Kollwitzplatz,2019,5,17,5,3,2,6,0,0,1,0,1,0,0,1,"799571,5765","5828972,39","13,41703","52,5283"
5388,194691,11,5,5010314,Carl-Schurz-Straße,2019,5,13,5,3,1,5,0,1,1,0,0,0,0,1,"785642,3046","5828568,896","13,21192","52,53216"
5389,194692,11,11,11041128,Sewanstraße,2019,5,17,5,2,1,5,0,1,1,0,0,0,0,0,"805966,5069","5825290,122","13,50762","52,49175"
5390,194693,11,2,2030402,Wrangelkiez,2019,5,17,5,3,1,5,0,1,1,0,0,0,0,0,"801778,8935","5825794,152","13,44658","52,4986"
5391,194694,11,2,2050602,Samariterviertel,2019,5,16,5,3,0,2,0,0,0,0,1,0,1,1,"802768,038","5827682,907","13,46283","52,51498"
5392,194695,11,1,1044201,Reinickendorfer Straße,2019,5,16,5,3,6,4,0,0,1,1,0,0,0,1,"796836,4116","5831496,938","13,37908","52,55243"
5393,194696,11,1,1011201,Wilhelmstraße,2019,5,15,5,3,6,2,0,0,1,1,0,0,0,1,"797253,17","5827355,928","13,38151","52,51508"
5394,194697,11,3,3040818,Pankow Süd,2019,5,15,5,3,1,5,0,1,1,0,0,0,0,1,"799611,6666","5832084,792","13,42042","52,55618"
5395,194698,11,4,4030623,Ernst-Reuter-Platz,2019,5,15,5,3,5,5,0,0,0,0,1,0,1,1,"793453,4467","5826556,098","13,32497","52,50997"
5396,194699,11,12,12301203,Wittenau Süd,2019,5,15,5,2,0,1,0,0,0,0,1,0,0,1,"793134,2464","5835277,916","13,32798","52,58833"
5397,194700,11,7,7040403,Manteuffelstraße,2019,5,14,5,3,2,6,0,0,1,0,0,0,0,1,"797244,3536","5820762,254","13,3755","52,45598"
5398,194701,11,1,1044201,Reinickendorfer Straße,2019,5,14,5,3,2,6,0,0,1,0,0,0,0,1,"797036,1036","5831894,135","13,38237","52,55588"
5399,194702,11,10,10010310,Alt-Marzahn,2019,5,10,4,3,2,6,0,0,1,0,0,0,0,0,"809906,7119","5831576,953","13,57132","52,54586"
5400,194703,11,4,4020311,Reichsstraße,2019,5,10,4,2,5,3,0,0,1,0,1,0,0,0,"789829,513","5826308,723","13,2715","52,50969"
5401,194704,11,7,7040406,Germaniagarten,2019,5,11,4,3,5,2,0,1,1,0,0,0,0,0,"800108,112","5821434,533","13,41812","52,46044"
5402,194705,11,1,1011303,Alexanderplatzviertel,2019,5,12,4,3,5,3,0,1,1,0,0,0,0,0,"799139,8896","5827828,865","13,40965","52,51829"
5403,194706,11,3,3061131,Falkplatz,2019,5,14,4,3,2,6,0,0,0,0,0,1,1,0,"799036,172","5830376,173","13,41042","52,54118"
5404,194707,11,9,9052001,Köpenick Nord,2019,5,14,4,3,5,3,0,1,1,0,0,0,0,1,"811115,3389","5822357,823","13,58047","52,46256"
5405,194708,11,5,5010206,Gütersloher Weg,2019,5,15,4,3,1,5,0,1,1,0,0,0,0,0,"782063,847","5830186,162","13,16068","52,54853"
5406,194709,11,5,5020626,Adamstraße,2019,5,16,4,3,5,3,0,1,1,0,0,0,0,0,"784596,4003","5827970,939","13,19603","52,52735"
5407,194710,11,4,4031032,Halensee,2019,5,16,4,3,2,6,0,0,1,0,0,0,0,0,"790895,9026","5824758,164","13,28582","52,49522"
5408,194711,11,5,5020521,Döberitzer Weg,2019,5,16,4,3,2,6,0,0,1,0,0,0,0,0,"779568,0472","5827837,031","13,12199","52,52875"
5409,194712,11,1,1011305,Heine-Viertel West,2019,5,17,4,3,1,5,0,1,1,0,0,0,0,0,"798870,2126","5826660,16","13,40464","52,50796"
5410,194713,11,4,4030415,Schloßgarten,2019,5,17,4,3,2,6,0,0,1,0,0,0,0,0,"790747,6763","5827375,957","13,28593","52,51877"
5411,194714,11,10,10020413,Gut Hellersdorf,2019,5,18,4,3,5,3,0,1,1,0,0,0,0,0,"812010,4005","5830589,949","13,60132","52,53582"
5412,194715,11,10,10020517,Adele-Sandrock-Straße,2019,5,15,4,2,6,4,0,0,1,1,0,0,0,1,"813246,9276","5831036,357","13,61991","52,53911"
5413,194716,11,5,5020420,Werkstraße,2019,5,12,4,3,0,5,0,0,1,0,0,0,1,0,"780159,733","5828726,952","13,13144","52,53642"
5414,194717,11,4,4030725,Amtsgerichtsplatz,2019,5,17,4,3,2,6,0,0,1,0,0,0,0,0,"791929,9608","5826205,316","13,30228","52,50764"
5415,194718,11,1,1011101,Stülerstraße,2019,5,10,4,3,2,6,0,0,1,0,0,0,0,0,"794775,0114","5826232,823","13,3441","52,50636"
5416,194719,11,3,3061126,Arnimplatz,2019,5,10,4,3,2,2,0,0,0,0,1,0,0,0,"798656,8318","5831793,983","13,40612","52,55409"
5417,194720,11,4,4030726,Droysenstraße,2019,5,9,4,2,6,7,0,0,1,1,0,0,0,0,"791967,0817","5825240,483","13,30197","52,49897"
5418,194721,11,1,1022204,Thomasiusstraße,2019,5,9,4,3,5,3,0,1,1,0,0,0,0,0,"794797,2141","5828309,441","13,34626","52,52496"
5419,194722,11,2,2020204,Urbanstraße,2019,5,9,4,3,5,2,0,1,1,0,0,0,0,0,"798797,741","5824935,578","13,40203","52,49254"
5420,194723,11,1,1011304,Karl-Marx-Allee,2019,5,9,4,3,2,6,0,1,0,0,0,0,0,0,"800138,0224","5827373,49","13,42391","52,51366"
5421,194724,11,4,4020313,Königin-Elisabeth-Straße,2019,5,9,4,3,3,6,0,0,1,0,0,0,0,0,"790492,6671","5826677,484","13,28157","52,51264"
5422,194725,11,2,2020203,Viktoriapark,2019,5,9,4,3,2,2,0,0,1,0,0,0,0,0,"797781,5727","5824941,956","13,38711","52,49315"
5423,194726,11,4,4030726,Droysenstraße,2019,5,22,4,3,0,2,2,0,1,0,1,0,0,0,"791964,0814","5825257,345","13,30195","52,49912"
5424,194727,11,1,1011203,Unter den Linden Süd,2019,5,8,4,3,2,3,0,1,1,0,0,0,0,0,"797765,4326","5827448,796","13,38912","52,51563"
5425,194728,11,2,2010103,Moritzplatz,2019,5,8,4,3,6,2,0,0,0,1,0,0,1,0,"799593,2433","5825828,281","13,41451","52,50011"
5426,194729,11,12,12214125,Waldidyll/Flughafensee,2019,5,8,4,3,5,3,0,1,1,0,0,0,0,0,"791374,32","5833124,802","13,30018","52,56997"
5427,194730,11,11,11030721,Rüdigerstraße,2019,5,8,4,3,1,5,0,1,1,0,0,0,0,0,"803824,3205","5828349,301","13,47895","52,52036"
5428,194731,11,7,7020202,Volkspark (Rudolf-Wilde-Park),2019,5,7,4,3,5,3,0,1,1,0,0,0,0,0,"794798,2513","5823734,554","13,34223","52,48395"
5429,194732,11,9,9020701,Adlershof West,2019,5,7,4,3,6,4,0,0,1,1,0,0,0,0,"808552,9596","5819121,429","13,53989","52,43501"
5430,194733,11,1,1033203,Humboldthain Nordwest,2019,5,21,4,3,8,1,2,0,1,0,0,0,0,1,"796744,0552","5830484,306","13,37682","52,5434"
5431,194734,11,8,8010404,Rixdorf,2019,5,7,4,3,6,4,0,0,1,1,0,0,0,0,"801794,426","5823034,397","13,44431","52,47385"
5432,194735,11,9,9020802,Köllnische Vorstadt,2019,5,7,4,3,5,3,0,0,1,0,1,0,0,0,"810473,7888","5820264,069","13,56912","52,44416"
5433,194736,11,5,5010339,Freiheit,2019,5,7,4,2,5,2,0,1,1,0,0,0,0,0,"786719,5581","5828213,484","13,22745","52,52841"
5434,194737,11,5,5030832,Rohrdamm,2019,5,6,4,3,2,6,0,0,1,0,0,0,0,0,"789773,6498","5829265,461","13,27326","52,53622"
5435,194738,11,4,4051448,Schaperstraße,2019,5,18,4,3,5,2,0,1,1,0,0,0,0,1,"793474,2577","5824732,169","13,32367","52,49361"
5436,194739,11,9,9031101,Grünau,2019,5,7,3,3,4,6,0,1,0,0,0,0,0,0,"811048,5536","5816925,014","13,57444","52,41391"
5437,194740,11,11,11020515,Landsberger Allee,2019,5,6,3,3,5,2,0,1,1,0,0,0,0,0,"803330,1831","5830082,83","13,47328","52,53617"
5438,194741,11,4,4051551,Brabanter Platz,2019,5,18,3,3,5,2,0,0,1,0,0,0,0,0,"793343,8697","5823071,599","13,32029","52,47879"
5439,194742,11,9,9051901,Dammvorstadt,2019,5,17,3,3,6,4,0,0,1,1,0,0,0,0,"810657,4944","5821080,043","13,57257","52,45137"
5440,194743,11,12,12214422,Klixstraße,2019,5,16,3,3,6,2,0,0,1,1,0,0,0,0,"792284,5413","5833928,505","13,31428","52,57669"
5441,194744,11,1,1033101,Soldiner Straße,2019,5,16,3,2,6,4,0,0,1,1,0,0,0,0,"796442,1858","5832092,099","13,37382","52,55798"
5442,194745,11,5,5030730,Zitadellenweg,2019,5,5,3,3,5,2,0,1,1,0,0,0,0,0,"786252,1905","5829129,244","13,22137","52,53686"
5443,194746,11,5,5010209,An der Kappe,2019,5,19,3,3,5,3,0,0,1,0,0,0,0,0,"782800,1153","5830384,756","13,17167","52,54992"
5444,194747,11,5,5030731,Gartenfelder Straße,2019,5,16,3,2,5,7,0,0,1,0,0,1,0,0,"787999,8715","5830187,348","13,24798","52,54543"
5445,194748,11,1,1011301,Charitéviertel,2019,5,17,3,3,8,1,0,0,1,0,0,0,0,0,"797576,7802","5828569,24","13,38735","52,52578"
5446,194749,11,1,1033203,Humboldthain Nordwest,2019,5,13,3,3,5,2,0,0,1,0,0,0,0,0,"796855,324","5830644,512","13,3786","52,54478"
5447,194750,11,4,4031032,Halensee,2019,5,22,3,2,6,4,2,0,1,1,0,0,0,0,"791174,1439","5824964,605","13,29009","52,49692"
5448,194751,11,7,7070705,Franziusweg/Rohrbachstraße,2019,5,13,3,3,5,2,0,1,1,0,0,0,0,0,"798861,3012","5813649,347","13,39287","52,39134"
5449,194752,11,12,12302108,Märkisches Zentrum,2019,5,13,3,3,5,3,0,1,1,0,0,0,0,0,"793826,9076","5836348,108","13,33912","52,59755"
5450,194753,11,3,3061228,Erich-Weinert-Straße,2019,5,13,3,3,5,2,0,1,1,0,0,0,0,0,"800190,4756","5830932,505","13,42789","52,54553"
5451,194754,11,7,7030301,Friedenau,2019,5,11,3,3,5,2,0,1,1,0,0,0,0,0,"793989,873","5821548,87","13,32843","52,46479"
5452,194755,11,7,7010102,Nollendorfplatz,2019,5,9,3,3,5,2,0,1,1,0,0,0,0,0,"794952,1199","5825645,634","13,34618","52,501"
5453,194756,11,11,11051331,Karlshorst Nord,2019,5,9,3,3,0,7,0,1,0,0,0,0,0,0,"807586,926","5824501,725","13,53068","52,48377"
5454,194757,11,9,9041501,Altstadt Kietz,2019,5,15,3,3,0,4,0,0,0,1,0,0,1,0,"811257,7372","5820224,523","13,58058","52,44336"
5455,194758,11,7,7060603,Marienfelde Nordost,2019,5,9,3,2,5,7,0,0,1,0,0,0,0,0,"798347,557","5815900,579","13,38735","52,4118"
5456,194759,11,6,6040810,Dahlem,2019,5,9,3,3,2,6,0,0,1,0,0,0,0,0,"790161,3871","5819797,243","13,27071","52,45113"
5457,194760,11,5,5020625,Borkumer Straße,2019,5,8,3,3,3,2,0,0,1,0,0,1,0,0,"784709,8552","5828610,857","13,19824","52,53302"
5458,194761,11,3,3040614,Pankow Zentrum,2019,5,8,3,3,2,6,0,0,1,0,0,1,0,0,"799540,559","5833962,642","13,42107","52,57305"
5459,194762,11,7,7050501,Rathausstraße,2019,5,7,3,3,5,2,0,1,0,0,0,0,1,0,"797204,5773","5818623,52","13,37301","52,43683"
5460,194763,11,5,5010103,Amorbacher Weg,2019,5,7,3,3,5,7,0,0,1,0,1,0,0,0,"784077,5348","5831148,963","13,19112","52,55611"
5461,194764,11,3,3040818,Pankow Süd,2019,5,7,3,3,5,3,0,0,1,0,0,0,0,0,"799744,2674","5831841,938","13,42215","52,55393"
5462,194765,11,9,9020701,Adlershof West,2019,5,16,3,3,2,6,0,0,1,0,0,0,1,0,"808355,907","5819446,392","13,5373","52,43803"
5463,194766,11,3,3061131,Falkplatz,2019,5,16,3,3,5,3,0,1,1,0,0,0,0,0,"799127,4215","5830556,244","13,41192","52,54274"
5464,194767,11,3,3061227,Humannplatz,2019,5,16,3,3,5,3,0,1,1,0,0,0,0,0,"800085,705","5831671,197","13,42702","52,55221"
5465,194768,11,8,8041037,Alt-Rudow,2019,5,15,3,3,2,6,0,0,1,0,0,0,0,0,"805300,9048","5818198,645","13,49136","52,42856"
5466,194769,11,2,2030302,Lausitzer Platz,2019,5,15,3,3,1,5,0,1,1,0,0,0,0,0,"800891,5997","5826110,274","13,43384","52,50192"
5467,194770,11,7,7040403,Manteuffelstraße,2019,5,15,3,3,1,5,0,1,0,0,0,0,1,0,"797208,1037","5821393,361","13,37553","52,46166"
5468,194771,11,1,1022204,Thomasiusstraße,2019,5,11,3,3,5,3,0,1,0,0,1,0,0,0,"795211,0002","5828229,304","13,35227","52,52402"
5469,194772,11,8,8010118,Silbersteinstraße,2019,5,11,3,3,0,6,0,1,0,0,0,0,1,0,"800997,7986","5822176,36","13,43184","52,4666"
5470,194773,11,10,10010206,Ringkolonnaden,2019,5,14,2,3,5,3,0,0,1,0,0,0,0,0,"810011,6813","5832304,951","13,57354","52,55233"
5471,194774,11,2,2020204,Urbanstraße,2019,5,16,2,3,6,7,0,1,0,1,0,0,0,0,"798629,4544","5825311,279","13,39989","52,496"
5472,194775,11,3,3061441,Eldenaer Straße,2019,5,12,2,3,1,5,0,1,1,0,0,0,0,0,"802801,5972","5828576,123","13,46413","52,52296"
5473,194776,11,7,7060604,Marienfelde Süd,2019,5,9,2,2,0,5,0,0,1,0,0,0,1,0,"796117,0279","5815936,531","13,35468","52,41333"
5474,194777,11,11,11040926,Weitlingstraße,2019,5,15,2,3,5,3,0,1,1,0,0,0,0,0,"805491,9218","5827157,094","13,50236","52,50875"
5475,194778,11,5,5020524,Weinmeisterhornweg,2019,5,11,2,2,0,1,0,0,1,0,1,0,0,0,"783447,9605","5826733,803","13,17809","52,51685"
5476,194779,11,1,1011305,Heine-Viertel West,2019,5,9,2,3,3,6,0,1,0,0,0,0,0,0,"799107,9376","5827140,17","13,40856","52,51213"
5477,194780,11,2,2040701,Andreasviertel,2019,5,15,2,3,5,3,0,0,1,0,0,0,0,0,"800591,8972","5827048,699","13,43028","52,5105"
5478,194781,11,11,11010204,Falkenberg Ost,2019,5,15,2,3,6,7,0,0,0,1,1,0,0,0,"806791,6013","5833787,367","13,52757","52,56744"