,id,city,district,lor,street,year,month,hour,weekday,category,collision,movement,light_conditions,bicycle,car,pedestrian,motorbike,truck,other_vehicle,road_conditions,LINREFX,LINREFY,XGCSWGS84,YGCSWGS84
5479,194782,11,3,3061435,Conrad-Blenkle-Straße,2019,5,14,2,3,2,2,0,1,1,0,0,0,0,0,"801740,3856","5829170,432","13,44908","52,52888"
5480,194783,11,11,11041128,Sewanstraße,2019,5,14,2,3,5,2,0,1,1,0,0,0,0,0,"806996,9693","5825780,863","13,5232","52,49557"
5481,194784,11,11,11040926,Weitlingstraße,2019,5,14,2,2,5,7,0,0,1,0,0,0,1,0,"806701,7124","5826903,615","13,5199","52,5058"
5482,194785,11,5,5030832,Rohrdamm,2019,5,14,2,3,5,3,0,1,1,0,0,0,0,0,"788963,6388","5829790,687","13,26181","52,54136"
5483,194786,11,8,8041035,Blumenviertel,2019,5,13,2,3,2,6,0,0,1,0,0,0,0,0,"804076,024","5819258,85","13,47436","52,43875"
5484,194787,11,2,2030402,Wrangelkiez,2019,5,11,2,3,5,2,0,0,1,0,1,0,0,0,"801701,6579","5825858,233","13,44551","52,49921"
5485,194788,11,1,1033203,Humboldthain Nordwest,2019,5,10,2,3,2,2,0,1,1,0,0,0,0,0,"796636,2115","5829797,861","13,37462","52,53731"
5486,194789,11,10,10010310,Alt-Marzahn,2019,5,9,2,3,2,6,0,0,1,0,0,0,0,0,"809391,801","5831416,355","13,5636","52,54472"
5487,194790,11,8,8010303,Donaustraße,2019,5,10,2,3,0,1,0,0,0,0,1,0,0,0,"801105,6963","5824045,046","13,43512","52,48329"
5488,194791,11,1,1011303,Alexanderplatzviertel,2019,5,9,2,2,5,2,0,1,0,0,0,1,0,0,"799108,7869","5828466,04","13,40977","52,52402"
5489,194792,11,11,11020514,Große-Leege-Straße,2019,5,15,2,3,5,3,0,0,1,0,0,0,0,0,"804696,1207","5830719,916","13,49394","52,54112"
5490,194793,11,9,9041301,Kietzer Feld/Nachtheide,2019,5,14,2,3,8,1,0,0,1,0,0,0,0,0,"811809,5241","5818140,945","13,58672","52,42437"
5491,194794,11,2,2030401,Reichenberger Straße,2019,5,8,2,2,5,2,0,1,1,0,0,0,0,0,"800949,2019","5825524,498","13,43415","52,49664"
5492,194795,11,1,1011204,Leipziger Straße,2019,5,8,2,3,1,5,0,1,1,0,0,0,1,0,"798538,8936","5826790,929","13,39989","52,50931"
5493,194796,11,7,7010102,Nollendorfplatz,2019,5,8,2,2,6,4,0,0,0,1,1,0,0,0,"795199,5541","5825605,528","13,34978","52,5005"
5494,194797,11,6,6010210,Bismarckstraße,2019,5,8,2,3,2,7,0,0,1,0,1,1,0,0,"794997,2999","5821377,003","13,34307","52,46271"
5495,194798,11,9,9031101,Grünau,2019,5,8,2,3,5,2,0,1,0,0,0,1,0,0,"810277,4531","5818053,555","13,56418","52,42446"
5496,194799,11,6,6040810,Dahlem,2019,5,7,2,3,0,1,0,0,0,0,1,0,0,0,"790682,2482","5821048,534","13,27945","52,46208"
5497,194800,11,4,4041344,Rüdesheimer Platz,2019,5,7,2,3,5,3,0,0,1,0,1,0,0,0,"793085,124","5822780,311","13,31623","52,47632"
5498,194801,11,7,7060604,Marienfelde Süd,2019,5,12,2,3,5,3,0,1,1,0,0,0,0,0,"798071,4168","5814690,199","13,38222","52,4011"
5499,194802,11,2,2050801,Traveplatz,2019,5,20,2,3,5,3,0,0,1,0,0,0,1,0,"803201,5498","5827260,878","13,46881","52,51095"
5500,194803,11,7,7050501,Rathausstraße,2019,5,19,2,3,1,1,0,0,1,0,0,0,0,0,"797746,1973","5820398,892","13,38254","52,45245"
5501,194804,11,12,12214424,Scharnweberstraße,2019,5,18,2,3,2,6,0,0,1,0,0,0,0,0,"793511,6257","5832411,789","13,33099","52,56243"
5502,194805,11,12,12214423,Mellerbogen,2019,5,18,2,2,6,4,1,0,1,1,0,0,0,0,"792727,349","5833871,973","13,32075","52,57594"
5503,194806,11,4,4041343,Binger Straße,2019,5,18,2,3,6,7,0,0,1,1,0,0,0,0,"792695,8545","5823099,215","13,3108","52,47938"
5504,194807,11,10,10020412,Alte Hellersdorfer Straße,2019,5,17,2,3,5,3,0,1,1,0,0,0,0,0,"811770,6273","5831763,074","13,59889","52,54647"
5505,194808,11,1,1011305,Heine-Viertel West,2019,5,17,2,3,1,5,0,1,0,0,0,0,1,0,"799528,6038","5826741,844","13,41439","52,50833"
5506,194809,11,5,5020625,Borkumer Straße,2019,5,16,2,2,6,4,0,0,1,1,0,0,0,0,"784521,2249","5828650,413","13,1955","52,53348"
5507,194810,11,2,2050601,Hausburgviertel,2019,5,16,2,3,5,3,0,0,1,0,0,0,1,0,"801772,1931","5828665,675","13,44909","52,52434"
5508,194811,11,9,9010101,Elsenstraße,2019,5,15,2,3,5,2,0,1,0,0,0,0,1,0,"802327,5175","5825309,564","13,4542","52,49395"
5509,194812,11,1,1011305,Heine-Viertel West,2019,5,13,2,3,5,3,0,1,1,0,0,0,0,0,"799698,2284","5827210,026","13,4173","52,51243"
5510,194813,11,5,5010206,Gütersloher Weg,2019,5,12,2,3,3,3,0,0,1,0,0,0,0,0,"782558,6477","5830463,657","13,16819","52,55076"
5511,194814,11,8,8010508,Weiße Siedlung,2019,5,20,1,3,0,7,1,1,1,0,0,0,0,0,"803014,0658","5823520,194","13,46266","52,47753"
5512,194815,11,4,4031032,Halensee,2019,5,19,1,3,1,7,0,1,1,0,0,0,0,0,"791849,4621","5825196,742","13,30021","52,49864"
5513,194816,11,6,6030609,Augustaplatz,2019,5,18,1,3,5,7,0,0,1,0,1,0,0,0,"793003,9873","5817867,185","13,31073","52,43232"
5514,194817,11,7,7010102,Nollendorfplatz,2019,5,17,1,3,5,2,0,1,1,0,0,0,0,0,"795448,8276","5825344,347","13,35321","52,49803"
5515,194818,11,6,6020408,Lichterfelde Süd,2019,5,17,1,3,1,5,0,1,1,0,0,0,0,0,"792860,1046","5815408,961","13,30647","52,41035"
5516,194819,11,9,9051702,Bölschestraße,2019,5,16,1,3,6,7,0,0,0,1,1,0,0,0,"814080,0546","5821883,941","13,62352","52,45662"
5517,194820,11,9,9051901,Dammvorstadt,2019,5,16,1,3,5,2,0,1,1,0,0,0,0,0,"810635,8732","5821048,723","13,57222","52,4511"
5518,194821,11,3,3061227,Humannplatz,2019,5,16,1,3,2,6,0,0,1,0,1,0,0,0,"800275,4868","5831605,725","13,42975","52,55152"
5519,194822,11,6,6040804,Krumme Lanke,2019,5,16,1,3,5,3,0,0,1,0,0,0,0,0,"787738,5978","5818260,43","13,23384","52,43864"
5520,194823,11,6,6030609,Augustaplatz,2019,5,12,1,3,1,7,0,1,1,0,0,0,0,0,"793062,9022","5818173,343","13,31186","52,43503"
5521,194824,11,10,10020517,Adele-Sandrock-Straße,2019,5,15,1,3,5,2,0,0,1,0,0,0,0,0,"812579,558","5830318,931","13,60943","52,53306"
5522,194825,11,9,9052001,Köpenick Nord,2019,5,14,1,3,3,6,0,0,1,0,0,0,0,0,"811720,8954","5823293,614","13,59023","52,4706"
5523,194826,11,3,3030711,Blankenburg,2019,5,12,1,3,0,3,0,1,1,0,0,0,0,0,"801627,5346","5836352,235","13,45395","52,59331"
5524,194827,11,8,8010301,Reuterkiez,2019,5,16,1,3,3,6,0,1,1,0,0,0,0,0,"801054,0061","5824921,287","13,43515","52,49117"
5525,194828,11,1,1022102,Beusselkiez,2019,5,11,1,2,5,7,0,0,1,0,1,0,0,0,"793541,0291","5829060,08","13,32846","52,53237"
5526,194829,11,2,2020203,Viktoriapark,2019,5,9,1,3,4,6,0,1,0,0,0,0,0,0,"797613,1853","5824984,564","13,38468","52,49363"
5527,194830,11,4,4020314,Messegelände,2019,5,10,1,2,5,2,0,0,1,0,0,0,0,0,"790387,6752","5825674,979","13,27915","52,50371"
5528,194831,11,2,2020206,Graefekiez,2019,5,13,1,3,6,4,0,1,0,1,0,0,0,0,"800201,2074","5824411,83","13,42217","52,48708"
5529,194832,11,1,1011301,Charitéviertel,2019,5,13,1,3,2,2,0,1,1,0,0,0,0,0,"797590,3553","5828353,179","13,38735","52,52384"
5530,194833,11,9,9020502,Oberschöneweide Ost,2019,5,10,1,3,5,2,0,0,1,0,0,0,1,0,"809391,89","5821482,711","13,55438","52,4557"
5531,194834,11,8,8010303,Donaustraße,2019,5,4,1,3,5,7,1,0,1,0,0,0,0,1,"800675,026","5824113,057","13,42885","52,48414"
5532,194835,11,9,9010101,Elsenstraße,2019,5,20,1,3,0,7,0,0,1,0,0,0,0,0,"802657,2975","5824431,568","13,45825","52,4859"
5533,194836,11,12,12302109,Treuenbrietzener Straße,2019,5,19,1,2,5,3,0,0,1,0,0,0,0,0,"795259,8949","5836637,935","13,36048","52,59937"
5534,194837,11,7,7020202,Volkspark (Rudolf-Wilde-Park),2019,5,12,7,3,5,3,0,1,0,0,0,0,1,0,"795000,7494","5823312,432","13,34483","52,48006"
5535,194838,11,5,5020419,Magistratsweg,2019,5,18,1,3,5,3,0,0,1,0,1,0,0,0,"781738,1891","5828424,998","13,15439","52,5329"
5536,194839,11,1,1044101,Rehberge,2019,5,14,7,3,6,2,0,0,1,1,0,0,0,0,"794612,8561","5831374,565","13,34627","52,55254"
5537,194840,11,4,4030931,Breitscheidplatz,2019,5,18,1,2,2,6,0,0,1,0,0,0,0,0,"794205,5548","5826084,382","13,3356","52,50533"
5538,194841,11,5,5010101,Hakenfelde Nord,2019,5,17,1,2,6,4,0,0,1,1,0,0,0,0,"785595,3343","5832202,449","13,21435","52,56476"
5539,194842,11,1,1022104,Emdener Straße,2019,5,11,7,3,3,6,0,1,0,0,0,0,0,0,"794318,0025","5828450,573","13,33935","52,52648"
5540,194843,11,4,4041137,Flinsberger Platz,2019,5,16,1,3,1,5,0,0,1,0,0,0,0,0,"790964,741","5823218,889","13,28549","52,48138"
5541,194844,11,1,1022202,Heidestraße,2019,5,17,1,2,5,2,0,0,1,0,0,0,1,0,"795663,6242","5829738,909","13,36027","52,53731"
5542,194845,11,5,5020625,Borkumer Straße,2019,5,12,7,3,2,7,0,0,1,0,0,0,0,0,"784573,7714","5828437,344","13,19609","52,53154"
5543,194846,11,8,8010301,Reuterkiez,2019,5,16,1,3,0,1,0,0,0,0,1,0,0,1,"800881,7321","5824265,286","13,43203","52,48539"
5544,194847,11,11,11030618,Fennpfuhl West,2019,5,17,7,2,0,1,0,0,0,0,1,0,0,1,"803239,8134","5829620,784","13,47153","52,53208"
5545,194848,11,9,9051801,Rahnsdorf/Hessenwinkel,2019,5,16,1,2,5,3,0,1,1,0,0,0,0,0,"818930,6181","5820234,175","13,6931","52,43903"
5546,194849,11,1,1011401,Invalidenstraße,2019,5,16,1,3,3,6,0,1,1,0,0,0,0,0,"798211,6395","5829356,587","13,39738","52,53249"
5547,194850,11,6,6020304,Kaiser-Wilhelm-Straße,2019,5,23,7,3,5,2,2,0,1,0,0,0,0,0,"794871,372","5817933,697","13,33818","52,43191"
5548,194851,11,5,5010313,Ackerstraße,2019,5,19,7,3,5,2,0,0,1,0,0,0,0,1,"784356,7062","5830003,074","13,19424","52,54569"
5549,194852,11,6,6020302,Komponistenviertel Lankwitz,2019,5,16,1,3,0,1,0,0,1,0,1,0,0,1,"795155,4358","5818833,071","13,34314","52,43982"
5550,194853,11,1,1022206,Lüneburger Straße,2019,5,15,1,3,5,2,0,1,1,0,0,0,0,0,"795703,8228","5828178,073","13,35947","52,52329"
5551,194854,11,5,5020523,Maulbeerallee,2019,5,18,7,3,5,3,1,0,1,0,0,0,0,1,"782606,1708","5827484,517","13,16636","52,52402"
5552,194855,11,6,6040703,Nikolassee,2019,5,13,1,3,1,5,0,1,1,0,0,0,0,0,"786758,5891","5817508,623","13,21881","52,43241"
5553,194856,11,2,2030401,Reichenberger Straße,2019,5,18,7,3,5,2,0,1,1,0,0,0,0,1,"800634,9945","5825676,122","13,42968","52,49817"
5554,194857,11,3,3020307,Buchholz,2019,5,12,7,3,5,3,0,1,1,0,0,0,0,0,"799917,928","5837070,13","13,42944","52,60069"
5555,194858,11,6,6040701,Wannsee,2019,5,13,1,3,0,3,0,0,1,0,1,0,0,0,"782753,228","5815836,286","13,15864","52,4195"
5556,194859,11,5,5010206,Gütersloher Weg,2019,5,12,1,3,0,2,0,0,1,0,1,0,0,0,"782360,4733","5830492,369","13,1653","52,55112"
5557,194860,11,5,5010207,Darbystraße,2019,5,11,7,3,5,2,0,0,1,0,0,0,0,0,"783575,2","5830201,053","13,18292","52,54787"
5558,194861,11,1,1011104,Körnerstraße,2019,5,11,1,3,2,6,0,0,1,0,0,0,0,0,"796631,4743","5826181,262","13,37132","52,50489"
5559,194862,11,4,4020313,Königin-Elisabeth-Straße,2019,5,12,7,3,5,2,0,1,1,0,0,0,0,0,"790488,5731","5826704,84","13,28153","52,51289"
5560,194863,11,3,3030406,Alt-Karow,2019,5,11,1,2,1,5,0,1,1,0,0,0,0,0,"803031,6796","5838268,828","13,47637","52,60971"
5561,194864,11,4,4030621,Spreestadt,2019,5,20,7,3,5,2,0,0,1,0,1,0,0,1,"793485,8797","5827580,173","13,32635","52,51913"
5562,194865,11,4,4030827,Karl-August-Platz,2019,5,9,1,3,5,2,0,1,1,0,0,0,0,0,"792719,6214","5826110,195","13,31379","52,50636"
5563,194866,11,6,6020409,Königsberger Straße,2019,5,13,7,3,5,3,0,1,0,0,0,0,0,0,"793245,6077","5817229,265","13,31372","52,42647"
5564,194867,11,1,1022205,Zillesiedlung,2019,5,1,1,3,0,7,2,1,1,0,0,0,0,1,"795997,3409","5828697,642","13,36425","52,52779"
5565,194868,11,4,4041342,Schlangenbader Straße,2019,5,15,7,3,1,5,0,1,1,0,0,0,0,1,"792131,812","5822350,51","13,30186","52,47297"
5566,194869,11,4,4041240,Messelpark,2019,5,10,7,3,0,7,0,1,0,0,0,0,0,0,"790746,0208","5822639,186","13,28177","52,4763"
5567,194870,11,6,6020302,Komponistenviertel Lankwitz,2019,5,15,7,3,5,3,0,1,1,0,0,0,0,1,"794581,2149","5818532,314","13,33445","52,43743"
5568,194871,11,1,1011104,Körnerstraße,2019,5,23,7,3,5,2,2,1,1,0,0,0,0,0,"796253,7912","5825960,454","13,36558","52,50311"
5569,194872,11,2,2040701,Andreasviertel,2019,5,16,7,3,5,3,0,1,1,0,0,0,0,1,"800613,4675","5827116,752","13,43066","52,51109"
5570,194873,11,6,6030610,Lichterfelde West,2019,5,9,7,3,1,5,0,1,1,0,0,0,0,0,"791806,6711","5818880,989","13,29406","52,44204"
5571,194874,11,10,10030724,Oberfeldstraße,2019,5,9,7,3,5,3,0,0,1,0,0,0,0,0,"809115,4543","5829717,028","13,55796","52,52965"
5572,194875,11,1,1011303,Alexanderplatzviertel,2019,5,17,7,3,1,5,0,0,1,0,0,0,0,1,"799133,031","5827816,055","13,40954","52,51818"
5573,194876,11,10,10010311,Landsberger Tor,2019,5,9,7,3,5,3,0,1,1,0,0,0,0,0,"810697,9725","5832013,543","13,58336","52,54933"
5574,194877,11,10,10010205,Marzahn Ost,2019,5,11,7,3,5,2,0,1,1,0,0,0,0,0,"810681,0042","5832016,168","13,58311","52,54936"
5575,194878,11,9,9010101,Elsenstraße,2019,5,5,7,3,0,7,0,1,0,0,0,0,0,0,"802024,2654","5824662,166","13,44916","52,48831"
5576,194879,11,9,9010402,Johannisthal Ost,2019,5,1,7,3,1,5,2,1,1,0,0,0,0,0,"806261,7387","5819264,546","13,50642","52,43758"
5577,194880,11,12,12224229,Konradshöhe/Tegelort,2019,5,17,7,3,5,3,0,0,1,0,0,0,0,1,"786547,8451","5833207,975","13,22923","52,57328"
5578,194881,11,9,9010302,Späthsfelde,2019,5,20,7,3,6,4,0,0,1,1,0,0,0,0,"804383,7433","5820898,263","13,48037","52,45327"
5579,194882,11,1,1011301,Charitéviertel,2019,5,15,7,3,0,1,0,0,0,0,1,0,0,1,"797002,835","5828944,464","13,37925","52,52946"
5580,194883,11,10,10040828,Kaulsdorf Nord,2019,5,19,7,2,0,1,0,1,0,0,0,0,0,0,"811446,3376","5828143,649","13,59074","52,51422"
5581,194884,11,1,1033101,Soldiner Straße,2019,5,11,7,3,6,4,0,1,0,1,0,0,0,0,"797199,3445","5831985,216","13,38486","52,55661"
5582,194885,11,5,5020625,Borkumer Straße,2019,5,18,7,3,5,2,0,0,1,0,0,0,0,0,"784452,915","5828671,699","13,19452","52,5337"
5583,194886,11,10,10010204,Wuhletalstraße,2019,5,4,7,3,5,3,1,0,1,0,0,0,0,0,"810060,348","5832630,419","13,57456","52,55522"
5584,194887,11,1,1011305,Heine-Viertel West,2019,5,8,7,3,5,2,0,1,1,0,0,0,0,0,"799434,6834","5826506,279","13,41279","52,50627"
5585,194888,11,10,10030727,Biesdorf Süd,2019,5,18,7,3,2,7,0,0,1,0,0,0,0,0,"809586,2961","5824129,283","13,55968","52,4793"
5586,194889,11,2,2020202,Rathaus Yorckstraße,2019,5,15,6,3,3,6,0,1,0,0,0,0,0,0,"797740,9873","5825304,328","13,38684","52,49642"
5587,194890,11,8,8020622,Parchimer Allee,2019,5,8,6,3,5,7,0,0,1,0,0,0,0,0,"801458,8432","5820198,823","13,43683","52,44862"
5588,194891,11,1,1044101,Rehberge,2019,5,10,7,3,2,6,0,0,1,0,0,0,0,0,"793894,3131","5831930,032","13,3362","52,5579"
5589,194892,11,7,7070703,John-Locke-Straße,2019,5,7,6,3,6,2,0,0,1,1,0,0,0,0,"799597,71","5813174,918","13,40323","52,38668"
5590,194893,11,5,5030731,Gartenfelder Straße,2019,5,10,7,2,2,7,0,0,1,0,1,0,0,0,"788010,961","5829392,7","13,24745","52,5383"
5591,194894,11,3,3030406,Alt-Karow,2019,5,7,6,3,5,3,0,1,1,0,0,0,0,1,"802811,0918","5838572,483","13,4734","52,61255"
5592,194895,11,1,1011401,Invalidenstraße,2019,5,11,7,3,1,5,0,1,1,0,0,0,0,0,"798437,2547","5829160,005","13,40052","52,5306"
5593,194896,11,5,5020625,Borkumer Straße,2019,5,11,7,2,6,2,0,0,1,1,0,0,0,0,"784354,0571","5828103,753","13,19258","52,52866"
5594,194897,11,8,8010301,Reuterkiez,2019,5,7,6,3,0,7,0,1,0,0,0,0,1,1,"801336,6489","5824528,31","13,43894","52,48749"
5595,194898,11,3,3020307,Buchholz,2019,5,7,6,3,0,3,0,1,1,0,0,0,0,1,"799695,2847","5837327,334","13,42639","52,60312"
5596,194899,11,3,3051022,Hansastraße,2019,5,12,7,3,2,6,0,0,1,0,1,0,0,0,"803418,5177","5831717,759","13,47607","52,55078"
5597,194900,11,5,5010101,Hakenfelde Nord,2019,5,12,7,1,2,6,0,0,1,0,0,0,0,0,"785221,9711","5831811,814","13,20852","52,56146"
5598,194901,11,8,8040933,Vogelviertel Süd,2019,5,6,6,3,5,2,1,0,1,0,0,0,0,0,"803748,3054","5818747,774","13,46909","52,43435"
5599,194902,11,4,4020205,Siedlung Ruhleben,2019,5,12,7,3,2,6,0,0,1,0,0,0,0,0,"788158,5609","5827234,726","13,24775","52,51887"
5600,194903,11,11,11020411,Malchower Weg,2019,5,5,6,3,5,3,0,1,1,0,0,0,0,1,"804938,3843","5833108,856","13,49969","52,5624"
5601,194904,11,4,4010102,Plötzensee,2019,5,13,7,3,5,2,0,0,1,0,0,0,1,0,"793352,206","5829681,351","13,32624","52,53804"
5602,194905,11,1,1044101,Rehberge,2019,5,12,7,3,2,6,0,0,1,0,0,0,1,0,"793898,2723","5830072,062","13,33461","52,54125"
5603,194906,11,9,9052001,Köpenick Nord,2019,5,5,6,3,5,3,0,1,1,0,0,0,0,0,"811143,8069","5822084,988","13,58064","52,4601"
5604,194907,11,10,10020622,Kaulsdorf Nord I,2019,5,13,7,3,2,7,0,0,1,0,0,0,1,0,"811156,8458","5829120,943","13,5874","52,52314"
5605,194908,11,3,3050923,Weißenseer Spitze,2019,5,5,6,3,1,5,0,1,1,0,0,0,0,1,"800365,9092","5831838,285","13,43129","52,55355"
5606,194909,11,5,5010339,Freiheit,2019,5,14,7,2,1,5,0,0,1,0,1,0,0,0,"787284,7207","5828331,371","13,23586","52,52917"
5607,194910,11,2,2040701,Andreasviertel,2019,5,21,6,2,5,3,2,1,1,0,0,0,0,0,"800146,1304","5827337,053","13,42399","52,51333"
5608,194911,11,6,6030608,Schweizer Viertel,2019,5,14,7,3,5,3,0,0,1,0,0,0,0,0,"792501,2981","5817473,166","13,30301","52,42905"
5609,194912,11,1,1011303,Alexanderplatzviertel,2019,5,18,6,3,1,5,0,1,1,0,0,0,1,0,"798756,4545","5828241,172","13,40439","52,52219"
5610,194913,11,3,3030716,Märchenland,2019,5,15,7,3,5,3,0,1,1,0,0,0,0,0,"802580,1589","5833492,771","13,46536","52,56715"
5611,194914,11,7,7010102,Nollendorfplatz,2019,5,15,7,3,2,6,0,0,1,0,0,0,0,0,"795255,5938","5824956,696","13,35003","52,49466"
5612,194915,11,4,4030620,Alt-Lietzow,2019,5,17,6,3,5,3,0,0,1,0,0,0,0,0,"791777,4225","5827470,973","13,30114","52,51907"
5613,194916,11,9,9031001,Bohnsdorf,2019,5,17,6,2,6,4,0,0,1,1,0,0,0,0,"809742,5999","5815209,602","13,55371","52,39928"
5614,194917,11,4,4030417,Schloßstraße,2019,5,15,7,3,2,6,0,0,1,0,0,0,1,0,"791749,7278","5827305,286","13,30059","52,5176"
5615,194918,11,2,2010101,Askanischer Platz,2019,5,17,7,2,3,2,0,1,1,0,0,0,0,0,"797667,7742","5826292,497","13,38665","52,50532"
5616,194919,11,10,10040829,Alt-Kaulsdorf,2019,5,17,6,2,5,3,0,0,1,0,0,0,1,0,"811407,8664","5827590,8","13,58966","52,50929"
5617,194920,11,9,9010402,Johannisthal Ost,2019,5,22,7,3,5,2,2,0,1,0,1,0,0,0,"806064,7276","5818827,917","13,50313","52,43378"
5618,194921,11,2,2010101,Askanischer Platz,2019,5,16,6,3,2,6,0,0,1,0,0,0,0,0,"797601,5705","5825939,344","13,38536","52,50219"
5619,194922,11,3,3051017,Rennbahnstraße,2019,5,7,6,3,5,3,0,1,1,0,0,0,0,0,"802447,0882","5832660,97","13,46264","52,55977"
5620,194923,11,7,7040405,Rathaus Tempelhof,2019,5,15,6,3,3,6,0,0,1,0,1,1,0,0,"797850,1659","5820787,365","13,38441","52,45587"
5621,194924,11,11,11051330,Karlshorst West,2019,5,14,6,2,5,2,0,0,1,0,0,0,1,0,"807283,2944","5825410,58","13,52706","52,49209"
5622,194925,11,1,1011203,Unter den Linden Süd,2019,5,13,6,3,5,3,0,0,1,0,1,0,0,0,"797880,979","5827169,725","13,39056","52,51307"
5623,194926,11,10,10030725,Buckower Ring,2019,5,17,6,3,1,6,0,1,1,0,0,0,0,0,"810130,0452","5827932,772","13,57121","52,51308"
5624,194927,11,10,10020517,Adele-Sandrock-Straße,2019,5,14,6,2,6,4,0,0,1,1,0,0,0,0,"813446,589","5830082,558","13,62194","52,53045"
5625,194928,11,2,2010101,Askanischer Platz,2019,5,0,6,3,0,1,2,1,0,0,0,0,0,1,"797751,7086","5826074,807","13,38769","52,50332"
5626,194929,11,1,1011301,Charitéviertel,2019,5,14,6,2,6,4,0,0,0,1,0,0,1,0,"797594,2033","5828462,034","13,38751","52,52481"
5627,194930,11,12,12231101,Hermsdorf,2019,5,11,6,3,5,3,0,1,1,0,0,0,0,0,"791765,3947","5838949,581","13,31107","52,62198"
5628,194931,11,5,5010314,Carl-Schurz-Straße,2019,5,13,6,3,2,6,0,0,1,0,0,0,0,0,"783652,4794","5829475,511","13,18344","52,54133"
5629,194932,11,5,5030832,Rohrdamm,2019,5,11,6,3,2,6,0,0,1,0,0,0,0,0,"789604,4688","5829289,775","13,27079","52,53653"
5630,194933,11,8,8010405,Hertzbergplatz,2019,5,19,6,3,1,5,0,0,1,0,0,0,0,0,"801825,2115","5823845,623","13,4455","52,48111"
5631,194934,11,1,1044201,Reinickendorfer Straße,2019,5,13,6,3,6,4,0,0,1,1,0,0,0,0,"797134,2339","5831887,179","13,38381","52,55576"
5632,194935,11,11,11030721,Rüdigerstraße,2019,5,22,6,2,6,2,2,0,0,1,0,0,1,0,"804807,5071","5827484,63","13,49261","52,51206"
5633,194936,11,7,7040406,Germaniagarten,2019,5,14,6,3,2,2,0,0,1,0,0,0,0,0,"800102,2095","5821437,796","13,41804","52,46047"
5634,194937,11,6,6040807,Zehlendorf Eiche,2019,5,20,6,3,1,5,0,0,1,0,1,0,0,0,"789631,992","5818562,356","13,26187","52,44034"
5635,194938,11,8,8010214,Glasower Straße,2019,5,12,6,2,6,4,0,0,0,1,0,0,1,0,"801033,9277","5822165,315","13,43237","52,46648"
5636,194939,11,3,3061227,Humannplatz,2019,5,19,6,3,5,2,0,0,1,0,0,0,0,0,"799680,937","5831267,785","13,4207","52,54881"
5637,194940,11,9,9041301,Kietzer Feld/Nachtheide,2019,5,19,6,3,2,6,0,0,1,0,0,0,0,0,"812628,3076","5819457,585","13,59996","52,43571"
5638,194941,11,8,8020622,Parchimer Allee,2019,5,11,6,3,1,5,0,0,1,0,0,0,1,0,"801472,0629","5820191,605","13,43701","52,44855"
5639,194942,11,2,2020203,Viktoriapark,2019,5,10,6,3,5,3,0,1,1,0,0,0,0,0,"797768,9764","5824598,139","13,38662","52,49008"
5640,194943,11,1,1011301,Charitéviertel,2019,5,18,6,3,0,2,0,1,1,0,0,0,0,0,"796661,6214","5829006,56","13,37429","52,5302"
5641,194944,11,2,2050801,Traveplatz,2019,5,18,6,3,3,6,0,1,1,0,0,0,0,0,"803224,8942","5827326,276","13,46921","52,51153"
5642,194945,11,1,1011301,Charitéviertel,2019,5,0,6,3,0,2,2,1,1,0,0,0,0,0,"797013,799","5828942,3","13,37941","52,52943"
5643,194946,11,12,12231101,Hermsdorf,2019,5,17,6,3,5,2,0,0,1,0,0,0,0,0,"791681,8037","5838148,221","13,30913","52,61484"
5644,194947,11,5,5010314,Carl-Schurz-Straße,2019,5,13,5,3,5,7,0,1,1,0,0,0,0,0,"784159,2716","5829360,171","13,19079","52,54003"
5645,194948,11,4,4030930,George-Grosz-Platz,2019,5,17,6,3,3,6,0,1,1,0,0,0,0,0,"793214,5304","5825402,099","13,32044","52,49975"
5646,194949,11,11,11051229,Rummelsburg,2019,5,17,6,2,5,2,0,1,0,0,0,0,1,0,"804957,777","5825153,846","13,49268","52,49109"
5647,194950,11,9,9051702,Bölschestraße,2019,5,12,5,2,5,3,0,1,0,0,0,0,0,0,"813761,7326","5821406,951","13,61841","52,45253"
5648,194951,11,9,9020701,Adlershof West,2019,5,17,6,3,2,6,0,0,1,0,0,0,0,0,"807862,773","5818113,753","13,52884","52,42637"
5649,194952,11,4,4051551,Brabanter Platz,2019,5,9,6,3,0,6,0,0,0,0,1,0,1,0,"793267,1238","5823077,71","13,31917","52,47889"
5650,194953,11,3,3071639,Bötzowstraße,2019,5,6,5,3,6,4,0,1,0,1,0,0,0,0,"800821,4757","5829579,394","13,43594","52,53305"
5651,194954,11,3,3071638,Winsstraße,2019,5,9,6,3,1,5,0,1,1,0,0,0,0,0,"799971,5485","5829009,52","13,42294","52,52841"
5652,194955,11,12,12231101,Hermsdorf,2019,5,9,6,3,4,7,0,0,1,0,0,0,0,0,"790622,9454","5837362,098","13,29284","52,60836"
5653,194956,11,7,7020201,Bayerischer Platz,2019,5,18,5,3,5,3,0,1,1,0,0,0,0,0,"794933,9657","5824599,751","13,34499","52,49163"
5654,194957,11,12,12301206,Lübars,2019,5,16,6,3,5,2,0,1,1,0,0,0,0,0,"794737,0227","5838696,47","13,35461","52,6181"
5655,194958,11,5,5020419,Magistratsweg,2019,5,13,5,3,1,5,0,0,1,0,0,0,1,0,"781324,9228","5828392,789","13,14829","52,53283"