,id,city,district,lor,street,year,month,hour,weekday,category,collision,movement,light_conditions,bicycle,car,pedestrian,motorbike,truck,other_vehicle,road_conditions,LINREFX,LINREFY,XGCSWGS84,YGCSWGS84
6187,195490,11,3,3061228,Erich-Weinert-Straße,2019,6,5,2,3,1,5,0,0,1,0,1,0,0,0,"800486,9949","5831261,907","13,43255","52,54832"
6188,195491,11,2,2050601,Hausburgviertel,2019,6,1,2,3,5,2,2,0,1,0,0,0,0,0,"801777,9822","5828668,491","13,44918","52,52436"
6189,195492,11,1,1011401,Invalidenstraße,2019,6,8,2,3,0,1,0,1,0,0,0,0,0,0,"798106,7921","5829363,715","13,39585","52,53261"
6190,195493,11,11,11030720,Herzbergstraße,2019,6,20,2,3,5,2,0,1,1,0,0,0,0,1,"805123,4827","5829991,758","13,49955","52,53436"
6191,195494,11,6,6040810,Dahlem,2019,6,9,2,3,5,2,0,1,0,0,0,0,1,0,"791848,9725","5821376,437","13,29686","52,46439"
6192,195495,11,10,10010203,Gewerbegebiet Bitterfelder Straße,2019,6,17,2,1,1,7,0,0,1,0,0,0,0,0,"807352,427","5832454,823","13,53459","52,55518"
6193,195496,11,4,4030724,Lietzensee,2019,6,14,1,3,2,6,0,1,0,0,0,0,0,0,"790965,9526","5826026,471","13,28796","52,50655"
6194,195497,11,4,4041238,Kissinger Straße,2019,6,14,1,3,5,3,0,1,1,0,0,0,0,0,"791553,9247","5823245,511","13,29416","52,48131"
6195,195498,11,1,1011401,Invalidenstraße,2019,6,14,1,3,6,7,0,0,1,1,0,0,0,0,"797521,9227","5829149,117","13,38706","52,53101"
6196,195499,11,9,9041501,Altstadt Kietz,2019,6,19,1,3,3,6,0,1,1,0,0,0,0,0,"811012,9502","5820412,725","13,57716","52,44519"
6197,195500,11,1,1044201,Reinickendorfer Straße,2019,6,21,1,3,5,3,0,0,1,0,0,0,0,0,"795854,7449","5831132,303","13,36432","52,54969"
6198,195501,11,11,2050803,Stralauer Kiez,2019,6,20,1,2,4,6,0,0,1,0,1,0,0,0,"803311,958","5826289,712","13,46955","52,50219"
6199,195502,11,2,2040701,Andreasviertel,2019,6,20,1,3,1,5,0,1,1,0,0,0,1,0,"800846,907","5826869,321","13,43387","52,50875"
6200,195503,11,4,4010102,Plötzensee,2019,6,17,1,3,0,2,0,1,1,0,0,0,0,0,"791834,2318","5830684,825","13,3048","52,54785"
6201,195504,11,2,2010102,Mehringplatz,2019,6,17,1,2,5,3,0,0,1,0,1,0,0,0,"798331,7871","5825629,632","13,39581","52,49902"
6202,195505,11,10,10040933,Mahlsdorf Süd,2019,6,15,1,2,5,3,0,0,1,0,1,0,0,0,"812575,854","5824282,132","13,60371","52,47897"
6203,195506,11,7,7010104,Dennewitzplatz,2019,6,16,1,3,5,2,0,1,1,0,0,0,0,0,"795999,7539","5824957,198","13,36096","52,49426"
6204,195507,11,3,3071633,Thälmannpark,2019,6,16,1,3,0,1,0,1,0,0,0,0,0,0,"800029,1676","5830416,599","13,42505","52,54099"
6205,195508,11,11,11051331,Karlshorst Nord,2019,6,14,1,3,5,3,0,0,1,0,0,0,0,0,"808003,4667","5824739,716","13,53702","52,48567"
6206,195509,11,7,7010102,Nollendorfplatz,2019,6,14,1,3,5,3,0,0,1,0,1,0,0,0,"794954,3795","5825404,027","13,346","52,49883"
6207,195510,11,1,1011101,Stülerstraße,2019,6,14,1,3,5,3,0,0,1,0,0,0,0,0,"794991,914","5826149,061","13,34721","52,50549"
6208,195511,11,1,1011202,Unter den Linden Nord,2019,6,14,1,3,5,2,0,0,1,0,1,0,0,0,"797703,8288","5827795,443","13,38852","52,51877"
6209,195512,11,11,11051331,Karlshorst Nord,2019,6,14,1,2,5,3,0,1,1,0,0,0,0,0,"808002,764","5824740,141","13,53701","52,48567"
6210,195513,11,3,3061126,Arnimplatz,2019,6,13,1,3,2,6,0,0,1,0,0,0,0,0,"798310,987","5831834,952","13,40107","52,55465"
6211,195514,11,11,11051330,Karlshorst West,2019,6,12,6,3,5,2,0,1,1,0,0,0,0,0,"807062,6312","5824409,718","13,5229","52,48324"
6212,195515,11,8,8020619,Buschkrugallee Nord,2019,6,13,1,3,2,6,0,0,1,0,0,0,0,0,"801401,2667","5821120,991","13,43681","52,45692"
6213,195516,11,7,7040403,Manteuffelstraße,2019,6,12,1,2,5,3,0,0,1,0,1,0,0,0,"797649,4987","5822186,485","13,38271","52,46853"
6214,195517,11,1,1033102,Gesundbrunnen,2019,6,12,6,3,5,2,0,1,0,0,0,0,1,0,"797141,2919","5831886,679","13,38391","52,55575"
6215,195518,11,1,1044101,Rehberge,2019,6,1,1,2,5,2,2,0,1,0,0,0,0,0,"793962,7642","5830161,353","13,33564","52,54201"
6216,195519,11,6,6040809,Thielallee,2019,6,17,6,2,5,2,0,1,1,0,0,0,0,0,"792354,529","5820772,049","13,30375","52,4587"
6217,195520,11,11,11020411,Malchower Weg,2019,6,2,1,3,5,3,2,0,1,0,0,0,0,0,"804988,9884","5833003,16","13,50034","52,56142"
6218,195521,11,8,8020625,Handwerker-Siedlung,2019,6,12,6,3,3,6,0,1,0,0,0,1,0,0,"801490,3895","5817788,317","13,43511","52,427"
6219,195522,11,12,12301203,Wittenau Süd,2019,6,10,1,3,4,5,0,0,1,0,0,0,0,0,"793707,074","5835028,565","13,33619","52,58578"
6220,195523,11,12,12301203,Wittenau Süd,2019,6,7,6,2,5,2,0,1,0,0,0,1,0,0,"792848,8962","5835170,088","13,32368","52,58751"
6221,195524,11,1,1044202,Sparrplatz,2019,6,10,1,3,5,2,0,0,1,0,0,0,0,0,"794619,0775","5829877,865","13,34504","52,53912"
6222,195525,11,1,1033102,Gesundbrunnen,2019,6,11,1,3,5,3,0,0,1,0,0,0,1,0,"797153,9337","5831897,015","13,38411","52,55584"
6223,195526,11,5,5010101,Hakenfelde Nord,2019,6,12,6,3,5,3,0,1,1,0,0,0,0,0,"785933,6378","5831651,073","13,21885","52,55964"
6224,195527,11,6,6030607,Goerzwerke,2019,6,12,1,2,2,1,0,0,1,0,0,0,0,0,"791970,4502","5816407,285","13,2943","52,41978"
6225,195528,11,4,4051448,Schaperstraße,2019,6,12,6,3,0,6,0,0,1,0,1,0,0,0,"793484,7223","5825053,893","13,3241","52,49648"
6226,195529,11,11,11030618,Fennpfuhl West,2019,6,1,1,3,0,1,2,0,0,0,1,0,0,0,"803678,9343","5828763,369","13,4772","52,52415"
6227,195530,11,4,4041342,Schlangenbader Straße,2019,6,11,6,3,5,2,0,0,1,0,1,0,0,0,"792115,2887","5822352,903","13,30162","52,473"
6228,195531,11,8,8010301,Reuterkiez,2019,6,0,1,3,0,1,2,1,0,0,0,0,0,0,"801355,2814","5823951,009","13,43869","52,48231"
6229,195532,11,8,8020727,Buckow Mitte,2019,6,11,6,3,5,2,0,1,1,0,0,0,0,0,"800946,5111","5817042,181","13,42647","52,42061"
6230,195533,11,2,2040701,Andreasviertel,2019,6,12,7,3,5,3,0,0,1,0,0,0,0,0,"800157,9541","5827367,796","13,4242","52,5136"
6231,195534,11,3,3071536,Teutoburger Platz,2019,6,18,7,3,5,3,0,0,1,0,0,0,0,0,"798953,1672","5829166,035","13,40811","52,53038"
6232,195535,11,9,9041401,Allende I,2019,6,12,6,3,5,3,0,0,1,0,0,0,1,0,"811644,1419","5820420,711","13,58643","52,4449"
6233,195536,11,3,3051017,Rennbahnstraße,2019,6,13,6,2,5,3,0,1,1,0,0,0,0,0,"803391,1171","5832799,033","13,47665","52,56049"
6234,195537,11,6,6030606,Hindenburgdamm,2019,6,15,7,3,1,5,0,1,1,0,0,0,0,0,"793693,4001","5819262,561","13,32207","52,44445"
6235,195538,11,10,10010206,Ringkolonnaden,2019,6,18,7,2,5,3,0,1,1,0,0,0,0,0,"809970,5197","5832029,817","13,57268","52,54989"
6236,195539,11,9,9020802,Köllnische Vorstadt,2019,6,12,6,2,3,6,0,1,0,0,0,1,0,0,"810467,96","5820310,159","13,56907","52,44458"
6237,195540,11,7,7040401,Neu-Tempelhof,2019,6,15,7,3,5,2,0,1,0,0,0,0,0,0,"797776,6614","5823273,751","13,38555","52,4782"
6238,195541,11,4,4020311,Reichsstraße,2019,6,16,6,3,5,3,0,1,1,0,0,0,0,0,"789559,8855","5826580,372","13,26778","52,51227"
6239,195542,11,1,1022104,Emdener Straße,2019,6,14,7,3,5,2,0,0,1,0,1,0,0,0,"794242,987","5828441,211","13,33824","52,52644"
6240,195543,11,1,1044201,Reinickendorfer Straße,2019,6,19,7,3,2,6,0,0,1,0,0,0,0,0,"796684,9964","5831917,808","13,37723","52,55628"
6241,195544,11,8,8020727,Buckow Mitte,2019,6,16,6,3,5,3,0,0,1,0,1,0,0,0,"801575,1342","5816649,688","13,43533","52,41674"
6242,195545,11,2,2030301,Oranienplatz,2019,6,19,7,3,5,3,0,1,1,0,0,0,0,0,"799598,6806","5826095,896","13,41483","52,5025"
6243,195546,11,4,4030931,Breitscheidplatz,2019,6,13,7,3,5,2,0,1,1,0,0,0,0,0,"794117,342","5826092,18","13,33431","52,50545"
6244,195547,11,3,3030405,Karow Nord,2019,6,16,6,3,6,4,0,0,1,1,0,0,0,0,"803515,117","5839643,054","13,48475","52,62176"
6245,195548,11,11,11051332,Karlshorst Süd,2019,6,19,7,3,2,6,0,0,1,0,0,0,0,0,"807229,0562","5824116,198","13,52507","52,48052"
6246,195549,11,9,9041501,Altstadt Kietz,2019,6,16,6,2,5,2,0,1,1,0,0,0,0,0,"811692,3888","5819923,671","13,58667","52,44042"
6247,195550,11,4,4020310,Park Ruhwald,2019,6,16,6,2,4,6,0,1,0,0,0,0,0,0,"790150,5424","5828210,08","13,27788","52,52656"
6248,195551,11,7,7020201,Bayerischer Platz,2019,6,19,7,3,5,3,0,0,1,0,0,0,0,0,"794964,5671","5824059,457","13,34496","52,48677"
6249,195552,11,2,2010104,Wassertorplatz,2019,6,15,6,2,5,7,0,0,1,0,0,1,0,0,"799444,6735","5825642,377","13,41216","52,49852"
6250,195553,11,2,2030302,Lausitzer Platz,2019,6,12,7,2,5,2,0,1,1,0,0,0,0,0,"800946,851","5826400,028","13,43491","52,50449"
6251,195554,11,4,4030621,Spreestadt,2019,6,16,6,3,5,2,0,1,0,0,1,0,0,0,"793559,2538","5827756,096","13,32758","52,52067"
6252,195555,11,6,6040806,Fischtal,2019,6,22,7,3,6,4,2,0,1,1,0,0,0,0,"788845,7188","5819607,9","13,25124","52,45013"
6253,195556,11,7,7070702,Alt-Lichtenrade/Töpchiner Weg,2019,6,12,7,3,1,5,0,0,1,0,0,0,0,0,"800128,5192","5814982,438","13,41263","52,4026"
6254,195557,11,7,7010102,Nollendorfplatz,2019,6,16,6,3,1,5,0,1,1,0,0,0,0,0,"795883,5766","5825470,29","13,35971","52,49892"
6255,195558,11,4,4041238,Kissinger Straße,2019,6,9,6,3,2,7,0,0,1,0,0,0,0,0,"791683,1119","5823653,805","13,29641","52,4849"
6256,195559,11,5,5010314,Carl-Schurz-Straße,2019,6,11,7,3,0,2,0,0,1,0,0,0,1,0,"784843,1873","5829239,963","13,20074","52,5386"
6257,195560,11,5,5010339,Freiheit,2019,6,10,7,3,5,2,0,1,1,0,0,0,0,0,"788103,7111","5827867,4","13,2475","52,52458"
6258,195561,11,3,3050924,Behaimstraße,2019,6,12,6,2,1,1,0,0,1,0,0,0,1,0,"801589,5728","5831780,427","13,44923","52,55236"
6259,195562,11,1,1011302,Oranienburger Straße,2019,6,23,7,2,0,1,2,1,0,0,0,0,0,0,"798496,293","5828386,934","13,4007","52,52364"
6260,195563,11,2,2010102,Mehringplatz,2019,6,17,6,3,5,3,0,0,1,0,0,0,0,0,"798411,8411","5825784,562","13,39712","52,50036"
6261,195564,11,8,8020622,Parchimer Allee,2019,6,9,7,3,5,7,0,0,1,0,0,0,0,0,"802374,663","5819912,366","13,45","52,44555"
6262,195565,11,1,1033201,Brunnenstraße,2019,6,9,7,2,5,2,0,1,0,0,0,1,0,0,"798071,6509","5829988,77","13,39589","52,53823"
6263,195566,11,8,8010117,Schillerpromenade,2019,6,15,6,3,6,2,0,0,1,1,0,0,0,0,"800651,7363","5823014,231","13,42752","52,4743"
6264,195567,11,4,4051445,Eisenzahnstraße,2019,5,5,6,3,5,2,0,1,1,0,0,0,0,0,"791762,2535","5824375,355","13,29821","52,49132"
6265,195568,11,3,3050923,Weißenseer Spitze,2019,5,7,6,3,5,3,0,0,1,0,1,0,0,0,"800994,2425","5831899,738","13,44059","52,55376"
6266,195569,11,2,2010102,Mehringplatz,2019,6,23,6,2,5,3,2,0,1,0,0,0,0,0,"798531,8039","5826271,364","13,39932","52,50466"
6267,195570,11,4,4030519,Kaiserin-Augusta-Allee,2019,5,9,6,3,5,2,0,1,1,0,0,0,0,0,"792326,0574","5828251,913","13,30989","52,52578"
6268,195571,11,11,11010103,Dorf Falkenberg,2019,6,15,6,3,5,2,0,0,1,0,1,0,0,0,"807931,2058","5833796,26","13,54434","52,56687"
6269,195572,11,4,4030725,Amtsgerichtsplatz,2019,5,9,6,3,5,2,0,0,1,0,0,0,0,0,"791916,0419","5826239,076","13,3021","52,50795"
6270,195573,11,7,7050503,Eisenacher Straße,2019,5,15,6,3,2,6,0,0,1,0,0,0,0,0,"799139,9432","5819915,761","13,40255","52,44736"
6271,195574,11,7,7050501,Rathausstraße,2019,6,11,6,3,1,5,0,1,1,0,0,0,1,0,"797853,1267","5819621,187","13,38341","52,44542"
6272,195575,11,3,3050923,Weißenseer Spitze,2019,6,11,6,3,2,1,0,0,1,0,0,0,0,0,"801160,4459","5831611,249","13,44277","52,55108"
6273,195576,11,12,12214423,Mellerbogen,2019,5,15,6,3,5,3,0,0,1,0,0,0,0,0,"792601,3061","5833665,675","13,31871","52,57416"
6274,195577,11,7,7040401,Neu-Tempelhof,2019,5,15,6,3,5,2,0,1,1,0,0,0,0,0,"797748,2126","5822532,304","13,38447","52,47157"
6275,195578,11,4,4030416,Klausenerplatz,2019,6,18,6,3,0,7,0,1,0,0,0,0,0,0,"791296,1495","5827183,946","13,29382","52,51675"
6276,195579,11,9,9031001,Bohnsdorf,2019,5,13,6,3,5,3,0,1,1,0,0,0,0,0,"810544,9155","5815073,19","13,56534","52,3976"
6277,195580,11,2,2010104,Wassertorplatz,2019,6,10,6,2,6,4,0,1,0,1,0,0,0,0,"799774,2389","5825695,517","13,41705","52,49882"
6278,195581,11,12,12214424,Scharnweberstraße,2019,5,13,6,2,5,2,0,0,1,0,0,0,0,0,"793186,3101","5832306,134","13,32612","52,56166"
6279,195582,11,12,12302107,Schorfheidestraße,2019,5,16,6,3,5,3,0,0,1,0,0,0,0,0,"793845,7033","5836158,09","13,33923","52,59583"
6280,195583,11,4,5030833,Motardstraße,2019,5,17,6,2,2,6,0,0,1,0,0,0,0,0,"790383,9967","5829032,405","13,28203","52,53381"
6281,195584,11,12,12231102,Frohnau,2019,6,15,6,3,1,5,0,0,1,0,0,0,0,0,"789775,4404","5839769,236","13,28247","52,63039"
6282,195585,11,9,9010202,Köpenicker Landstraße,2019,5,17,6,2,5,2,0,1,1,0,0,0,0,0,"804483,0659","5823234,787","13,48396","52,47416"
6283,195586,11,3,3061131,Falkplatz,2019,6,10,6,3,5,2,0,0,1,0,1,0,0,0,"798625,4236","5831114,243","13,40504","52,54802"
6284,195587,11,2,2020206,Graefekiez,2019,5,19,6,3,5,7,0,1,0,0,0,0,1,0,"799780,1101","5824852,426","13,41638","52,49126"
6285,195588,11,5,5030731,Gartenfelder Straße,2019,6,9,6,3,1,5,0,1,1,0,0,0,1,0,"786995,5361","5829344,1","13,23248","52,5384"
6286,195589,11,2,2020206,Graefekiez,2019,5,19,6,3,0,6,0,0,1,0,0,0,1,0,"799529,413","5824906,783","13,41275","52,49188"
6287,195590,11,2,2030301,Oranienplatz,2019,6,9,6,3,5,3,0,1,1,0,0,0,0,0,"799702,0925","5826016,308","13,41628","52,50173"
6288,195591,11,12,12214424,Scharnweberstraße,2019,5,20,6,3,5,2,0,0,1,0,0,0,0,1,"793277,7366","5832576,995","13,3277","52,56404"
6289,195592,11,9,9010402,Johannisthal Ost,2019,6,15,6,3,5,3,0,1,1,0,0,0,0,0,"806460,1913","5820700,254","13,51065","52,45033"
6290,195593,11,7,7040405,Rathaus Tempelhof,2019,5,21,6,3,2,6,2,0,1,0,0,0,1,1,"798915,8768","5821220,273","13,40043","52,45917"
6291,195594,11,7,7070703,John-Locke-Straße,2019,6,15,6,3,1,5,0,1,1,0,0,0,0,0,"799689,621","5813178,698","13,40458","52,38667"
6292,195595,11,2,2020205,Chamissokiez,2019,5,18,6,3,0,1,0,1,0,0,0,0,0,0,"799191,7976","5824231,976","13,40718","52,48602"
6293,195596,11,6,6010101,Fichtenberg,2019,5,9,6,3,2,2,0,0,1,0,0,0,1,0,"792655,7477","5820908,331","13,30829","52,45977"
6294,195597,11,4,4010102,Plötzensee,2019,6,14,6,3,5,2,0,1,1,0,0,0,0,0,"793170,9312","5830158,347","13,32399","52,54241"
6295,195598,11,9,9051801,Rahnsdorf/Hessenwinkel,2019,5,10,6,3,5,2,0,1,1,0,0,0,0,0,"819383,6943","5819909,118","13,69943","52,43585"
6296,195599,11,4,4030620,Alt-Lietzow,2019,6,14,6,3,5,2,0,1,1,0,0,0,0,0,"791852,6099","5827431,584","13,30221","52,51867"
6297,195600,11,3,3071537,Kollwitzplatz,2019,5,12,6,3,2,6,0,0,1,0,0,0,0,0,"799869,2738","5829787,294","13,42214","52,53544"
6298,195601,11,1,1011306,Heine-Viertel Ost,2019,5,12,6,3,0,7,0,1,0,0,0,0,1,1,"799883,9208","5826480,63","13,41937","52,50579"
6299,195602,11,3,3061126,Arnimplatz,2019,6,14,6,2,5,2,0,1,1,0,0,0,0,0,"798642,4057","5831469,185","13,40561","52,55119"
6300,195603,11,1,1044203,Leopoldplatz,2019,5,12,6,3,2,6,0,0,1,0,0,0,0,0,"795445,7201","5831557,49","13,35868","52,55373"
6301,195604,11,6,6020303,Lankwitz Kirche,2019,6,13,6,3,1,5,0,1,1,0,0,0,0,0,"795430,6847","5818542,783","13,34692","52,43707"
6302,195605,11,2,2030302,Lausitzer Platz,2019,5,12,6,3,2,6,0,0,1,0,0,0,1,0,"801215,309","5826225,282","13,4387","52,50277"
6303,195606,11,6,6040808,Hüttenweg,2019,6,14,6,3,2,6,0,0,1,0,0,1,0,0,"790129,1696","5819679,493","13,27014","52,4501"
6304,195607,11,1,1011306,Heine-Viertel Ost,2019,5,12,6,3,0,7,0,0,0,0,1,0,1,1,"799884,913","5826475,448","13,41938","52,50575"
6305,195608,11,1,1044101,Rehberge,2019,6,10,6,3,2,6,0,0,1,0,0,1,0,0,"793964,9749","5830169,605","13,33568","52,54209"
6306,195609,11,12,12301203,Wittenau Süd,2019,5,23,6,3,2,6,2,0,1,0,0,0,0,1,"793941,3213","5835293,842","13,33987","52,58803"
6307,195610,11,1,1011301,Charitéviertel,2019,5,21,6,3,0,1,2,0,0,0,1,0,0,1,"797011,4463","5828945,174","13,37937","52,52946"
6308,195611,11,1,1022106,Elberfelder Straße,2019,6,8,6,3,1,1,0,0,1,0,0,0,0,0,"793989,0087","5828215,839","13,3343","52,52456"
6309,195612,11,11,11051332,Karlshorst Süd,2019,6,8,6,1,6,4,0,0,0,1,0,1,0,0,"807133,9037","5823935,226","13,52351","52,47895"
6310,195613,11,2,2010101,Askanischer Platz,2019,5,18,5,3,6,7,0,0,1,1,0,0,0,0,"797701,214","5826004,969","13,38688","52,50273"
6311,195614,11,8,8010406,Treptower Straße Nord,2019,6,16,5,3,0,2,0,1,0,0,0,0,1,1,"802517,8258","5824218,267","13,456","52,48406"
6312,195615,11,7,7070704,Nahariyastraße,2019,5,18,5,2,5,2,0,0,1,0,1,0,0,0,"800164,9566","5814068,965","13,41234","52,39439"
6313,195616,11,2,2010102,Mehringplatz,2019,6,18,5,3,3,6,0,1,1,0,0,0,0,0,"797760,4877","5826437,829","13,38814","52,50657"
6314,195617,11,4,4041344,Rüdesheimer Platz,2019,5,17,5,3,6,4,0,0,1,1,0,0,0,0,"792980,2962","5822529,243","13,31447","52,47412"
6315,195618,11,10,10020519,Boulevard Kastanienallee,2019,5,17,5,2,5,3,0,1,1,0,0,0,0,0,"812267,9107","5830209,467","13,60474","52,53226"
6316,195619,11,12,12214527,Alt-Tegel,2019,6,15,5,3,2,6,0,0,1,0,0,0,0,0,"790646,3225","5834378,22","13,29057","52,5816"
6317,195620,11,9,9041501,Altstadt Kietz,2019,6,7,5,3,5,2,0,1,1,0,0,0,0,0,"811004,6205","5820318,672","13,57695","52,44435"
6318,195621,11,3,3020209,Niederschönhausen,2019,5,16,5,3,5,3,0,0,1,0,0,0,0,0,"797239,9163","5835063,787","13,38821","52,58418"
6319,195622,11,10,10040828,Kaulsdorf Nord,2019,5,16,5,2,5,3,0,1,1,0,0,0,0,0,"811909,316","5829755,694","13,59905","52,5284"
6320,195623,11,9,9020701,Adlershof West,2019,6,7,5,3,5,2,0,1,1,0,0,0,0,0,"809340,9173","5818506,28","13,55087","52,42905"
6321,195624,11,1,1022106,Elberfelder Straße,2019,5,18,5,3,5,2,0,1,1,0,0,0,0,0,"794316,304","5828379,61","13,33926","52,52585"
6322,195625,11,5,5010102,Goltzstraße,2019,6,6,5,3,5,3,0,0,1,0,1,0,0,0,"785203,8256","5831871,763","13,20831","52,562"
6323,195626,11,12,12231102,Frohnau,2019,5,16,5,3,0,1,0,1,0,0,0,0,0,0,"790567,1911","5841249,854","13,29544","52,64324"
6324,195627,11,10,10010102,Havemannstraße,2019,5,16,5,3,5,7,0,0,1,0,0,0,0,0,"809347,2347","5834283,652","13,56562","52,57044"
6325,195628,11,8,8010508,Weiße Siedlung,2019,6,6,5,3,5,2,0,1,0,0,1,0,0,0,"803180,965","5822713,857","13,46437","52,47021"
6326,195629,11,2,2040701,Andreasviertel,2019,5,23,5,2,6,4,2,0,1,1,0,0,0,0,"800883,174","5826849,831","13,43438","52,50855"
6327,195630,11,1,1044203,Leopoldplatz,2019,6,21,5,3,5,7,2,1,1,0,0,0,0,1,"795873,6255","5831960,346","13,36534","52,5571"
6328,195631,11,8,8010214,Glasower Straße,2019,5,22,5,3,5,7,2,1,1,0,0,0,0,0,"801152,3466","5822196,066","13,43413","52,46669"
6329,195632,11,8,8010117,Schillerpromenade,2019,6,21,5,3,2,6,1,1,1,0,0,0,0,1,"800715,0726","5822880,25","13,42833","52,47307"
6330,195633,11,4,4051446,Preußenpark,2019,5,20,5,3,5,3,1,1,1,0,0,0,0,0,"792912,4407","5824395,27","13,31512","52,49089"
6331,195634,11,4,4030828,Savignyplatz,2019,6,21,5,3,6,4,1,0,1,1,0,0,0,1,"793150,5614","5826111,657","13,32013","52,50615"
6332,195635,11,3,3051017,Rennbahnstraße,2019,5,20,5,3,5,2,1,1,1,0,0,0,0,0,"804447,8874","5832668,121","13,49207","52,55872"
6333,195636,11,1,1022204,Thomasiusstraße,2019,5,19,5,3,1,5,0,1,1,0,0,0,0,0,"794705,3814","5828322,533","13,34493","52,52513"
6334,195637,11,8,8041038,Waßmannsdorfer Chaussee,2019,6,12,5,2,6,2,0,0,1,1,0,0,0,0,"805682,6494","5816732,619","13,49562","52,41521"
6335,195638,11,3,3061228,Erich-Weinert-Straße,2019,6,23,5,3,5,3,2,0,1,0,0,0,0,1,"800312,204","5831547,272","13,43024","52,55097"
6336,195639,11,10,10030727,Biesdorf Süd,2019,5,18,5,3,2,6,0,1,0,0,0,0,0,0,"809633,2375","5825751,669","13,56188","52,49382"
6337,195640,11,10,10040830,Kaulsdorf Süd,2019,5,18,5,3,5,3,0,0,1,0,0,0,0,0,"810496,826","5824818,404","13,57369","52,48496"
6338,195641,11,3,3030716,Märchenland,2019,6,15,5,3,0,7,0,0,1,0,0,0,0,0,"802837,02","5835346,607","13,47083","52,58363"
6339,195642,11,1,1011202,Unter den Linden Nord,2019,5,15,5,3,3,6,0,1,1,0,0,0,0,0,"797682,2716","5827925,576","13,38832","52,51995"
6340,195643,11,8,8010303,Donaustraße,2019,6,15,5,3,5,2,0,0,1,0,0,0,0,1,"801015,6259","5823905,729","13,43367","52,48209"
6341,195644,11,4,4020311,Reichsstraße,2019,5,15,5,3,5,3,0,0,1,0,0,0,0,0,"789024,1779","5827024,015","13,26029","52,51653"
6342,195645,11,1,1022101,Huttenkiez,2019,6,15,5,3,1,5,0,1,1,0,0,0,1,1,"793066,1171","5828301,705","13,32081","52,52582"
6343,195646,11,3,3040508,Rosenthal,2019,5,14,5,3,2,2,0,0,1,0,0,0,0,0,"796933,4","5836537,757","13,38502","52,59756"
6344,195647,11,7,7060601,Marienfelder Allee Nordwest,2019,6,13,5,2,2,6,0,1,1,0,0,0,0,0,"796571,7072","5816237,907","13,36161","52,41579"
6345,195648,11,4,4051549,Rathaus Wilmersdorf,2019,5,14,5,3,2,6,0,0,1,0,0,0,0,0,"792463,7819","5824037,338","13,30821","52,48792"
6346,195649,11,11,11030721,Rüdigerstraße,2019,6,12,5,2,6,2,0,0,1,1,0,0,0,0,"804306,3817","5828168,337","13,48587","52,51847"
6347,195650,11,11,11040926,Weitlingstraße,2019,5,13,5,3,6,2,0,0,0,1,0,0,1,0,"805353,0067","5827358,962","13,50051","52,51063"
6348,195651,11,2,2040502,Friedenstraße,2019,6,12,5,3,5,2,0,1,1,0,0,0,0,0,"800928,5868","5828504,474","13,43655","52,52336"
6349,195652,11,5,5040934,Alt-Gatow,2019,5,13,5,2,1,5,0,1,1,0,0,0,0,0,"783897,6421","5823452,484","13,1819","52,4872"
6350,195653,11,6,6030608,Schweizer Viertel,2019,5,10,5,2,5,7,0,0,1,0,1,0,0,0,"792904,7046","5817699,674","13,30913","52,43087"
6351,195654,11,1,1022205,Zillesiedlung,2019,6,12,5,3,5,2,0,0,1,0,1,0,0,0,"796061,5195","5828499,804","13,36501","52,52598"
6352,195655,11,5,5020625,Borkumer Straße,2019,5,6,5,2,1,5,0,0,1,0,0,0,0,0,"784036,3263","5827974,402","13,1878","52,52767"
6353,195656,11,9,9020501,Oberschöneweide West,2019,6,12,5,3,2,6,0,0,1,0,0,0,0,0,"806434,868","5822979,087","13,51237","52,47077"
6354,195657,11,12,12214528,Tegeler Forst,2019,5,16,4,3,2,6,0,0,1,0,0,0,0,0,"787918,8952","5836238,085","13,25204","52,59972"
6355,195658,11,2,2020205,Chamissokiez,2019,6,11,5,2,5,7,0,1,1,0,0,0,0,0,"798201,4225","5824527,251","13,39291","52,48921"
6356,195659,11,4,4010102,Plötzensee,2019,5,18,4,3,2,2,0,1,1,0,0,0,0,0,"793341,673","5829714,923","13,32611","52,53835"
6357,195660,11,6,6040703,Nikolassee,2019,6,11,5,3,5,2,0,0,1,0,1,0,0,0,"786983,8973","5817341,288","13,22198","52,43079"
6358,195661,11,2,2040703,Wriezener Bahnhof/Entwicklungsgebiet,2019,5,18,4,3,5,2,0,1,0,0,0,0,1,0,"801759,6367","5826240,48","13,4467","52,50261"
6359,195662,11,1,1022104,Emdener Straße,2019,5,16,4,3,3,6,0,0,1,0,1,0,0,0,"794571,0404","5828597,616","13,3432","52,52767"
6360,195663,11,10,10010310,Alt-Marzahn,2019,6,11,5,3,2,6,0,0,1,0,0,0,0,0,"809467,4359","5831424,554","13,56472","52,54475"
6361,195664,11,9,9051702,Bölschestraße,2019,6,7,5,3,6,2,0,0,1,1,0,0,0,0,"814708,2746","5821927,342","13,63278","52,45665"
6362,195665,11,9,9051901,Dammvorstadt,2019,5,23,4,3,0,1,2,1,0,0,0,0,0,0,"810257,7465","5821474,036","13,56707","52,45513"
6363,195666,11,4,4030622,Richard-Wagner-Straße,2019,5,17,4,3,6,4,0,0,1,1,0,0,0,0,"792063,7493","5826935,087","13,30488","52,51411"