,id,city,district,lor,street,year,month,hour,weekday,category,collision,movement,light_conditions,bicycle,car,pedestrian,motorbike,truck,other_vehicle,road_conditions,LINREFX,LINREFY,XGCSWGS84,YGCSWGS84
7426,196729,11,5,5020625,Borkumer Straße,2019,6,13,1,3,1,5,0,0,1,0,0,0,0,0,"784581,6512","5828258,844","13,19606","52,52994"
7427,196730,11,2,2010102,Mehringplatz,2019,7,18,2,3,6,4,0,1,0,1,0,0,0,0,"798368,6026","5826331,871","13,39698","52,50529"
7428,196731,11,7,7010104,Dennewitzplatz,2019,7,16,2,3,5,2,0,1,1,0,0,0,0,1,"796154,7725","5824372,783","13,36271","52,48894"
7429,196732,11,3,3051022,Hansastraße,2019,6,12,1,3,5,2,0,0,1,0,0,0,0,0,"803004,6317","5832010,457","13,47025","52,55363"
7430,196733,11,12,12214527,Alt-Tegel,2019,7,15,2,3,2,2,0,0,1,0,0,0,0,0,"789911,1969","5835708,502","13,28091","52,59391"
7431,196734,11,8,8030831,Gropiusstadt Ost,2019,6,12,1,3,5,7,0,1,1,0,0,0,0,0,"803474,136","5817722,003","13,46414","52,42531"
7432,196735,11,3,3040513,Schönholz,2019,7,15,2,3,5,2,0,1,1,0,0,0,0,0,"796755,7147","5834013,366","13,38015","52,57503"
7433,196736,11,2,2030301,Oranienplatz,2019,6,11,1,3,2,2,0,1,1,0,0,0,0,0,"799900,5797","5825981,665","13,41917","52,50131"
7434,196737,11,7,7030303,Grazer Platz,2019,7,14,2,2,3,6,0,0,1,0,0,0,1,1,"795277,8482","5821864,862","13,34762","52,46693"
7435,196738,11,3,3050923,Weißenseer Spitze,2019,6,11,1,3,3,6,0,1,1,0,0,0,0,0,"800658,303","5831907,518","13,43565","52,55401"
7436,196739,11,8,8010211,Flughafenstraße,2019,7,14,2,3,2,6,0,0,1,0,0,0,0,1,"800354,7716","5824288,335","13,42431","52,48588"
7437,196740,11,11,11020514,Große-Leege-Straße,2019,6,10,1,3,5,3,0,0,1,0,0,1,0,0,"804756,0021","5830828,474","13,49492","52,54206"
7438,196741,11,10,10030724,Oberfeldstraße,2019,6,10,1,3,5,3,0,1,1,0,0,0,0,0,"809009,1675","5828147,121","13,55494","52,51564"
7439,196742,11,10,10040830,Kaulsdorf Süd,2019,7,14,2,3,5,2,0,1,1,0,0,0,0,0,"810594,7828","5825410,463","13,57568","52,49021"
7440,196743,11,4,4051445,Eisenzahnstraße,2019,6,9,1,3,1,5,0,1,1,0,0,0,0,0,"792654,1243","5824213,901","13,31117","52,4894"
7441,196744,11,6,6010102,Schloßstraße,2019,7,14,2,3,2,5,0,0,0,0,1,0,1,1,"793812,04","5820841,254","13,3252","52,45854"
7442,196745,11,6,6030504,Teltower Damm,2019,6,8,1,2,0,1,0,1,0,0,0,0,0,0,"790831,17","5817467,494","13,27851","52,42989"
7443,196746,11,1,1044101,Rehberge,2019,6,11,7,3,5,5,0,1,1,0,0,0,0,0,"794158,4919","5831550,748","13,33975","52,55436"
7444,196747,11,7,7040403,Manteuffelstraße,2019,7,14,2,3,2,6,0,0,1,0,1,0,0,1,"797713,5378","5820780,203","13,3824","52,45588"
7445,196748,11,10,10010309,Springpfuhl,2019,6,2,7,3,5,3,2,0,1,0,0,0,0,0,"808205,9278","5829234,058","13,54415","52,52583"
7446,196749,11,9,9051901,Dammvorstadt,2019,7,13,2,3,0,4,0,0,0,1,0,0,1,0,"811026,3","5821821,717","13,57867","52,45781"
7447,196750,11,6,6040807,Zehlendorf Eiche,2019,6,16,7,2,2,7,0,0,1,0,1,0,0,0,"789701,5193","5818415,231","13,26277","52,43899"
7448,196751,11,12,12214125,Waldidyll/Flughafensee,2019,7,13,2,3,3,6,0,0,1,0,0,0,0,0,"791036,2005","5831136,572","13,29346","52,55233"
7449,196752,11,2,2030302,Lausitzer Platz,2019,6,23,7,3,0,7,2,0,0,1,1,0,0,0,"801501,19","5826062,753","13,44275","52,50116"
7450,196753,11,1,1044202,Sparrplatz,2019,7,20,2,3,3,6,1,1,1,0,0,0,0,0,"795561,2428","5830011,645","13,35901","52,53981"
7451,196754,11,1,1033102,Gesundbrunnen,2019,6,22,7,3,5,2,2,0,1,0,0,0,0,0,"797648,9525","5831852,019","13,39135","52,55517"
7452,196755,11,8,8010117,Schillerpromenade,2019,6,21,7,3,0,7,1,1,0,0,0,0,0,0,"800543,0996","5823379,065","13,42626","52,47763"
7453,196756,11,4,4030827,Karl-August-Platz,2019,7,19,2,3,5,2,0,0,1,0,0,0,0,0,"792725,1291","5826103,911","13,31387","52,50631"
7454,196757,11,8,8010508,Weiße Siedlung,2019,7,19,2,3,2,6,0,0,1,0,0,0,0,0,"803431,0172","5822934,288","13,46824","52,47205"
7455,196758,11,3,3061126,Arnimplatz,2019,6,21,7,3,5,2,1,1,0,0,0,0,1,0,"798413,1376","5831835,748","13,40257","52,5546"
7456,196759,11,8,8010118,Silbersteinstraße,2019,7,17,2,3,3,6,0,0,1,0,1,0,0,1,"801122,5208","5821889,111","13,43342","52,46396"
7457,196760,11,9,9051901,Dammvorstadt,2019,6,19,7,3,3,6,0,0,1,0,1,0,0,0,"812052,4731","5821236,096","13,59318","52,45197"
7458,196761,11,2,2040701,Andreasviertel,2019,7,17,2,3,5,2,0,1,1,0,0,0,0,0,"800606,8729","5827135,253","13,43058","52,51126"
7459,196762,11,4,4041344,Rüdesheimer Platz,2019,6,19,7,2,5,2,0,1,1,0,0,0,0,0,"793299,0246","5822853,377","13,31944","52,47686"
7460,196763,11,1,1044201,Reinickendorfer Straße,2019,7,17,2,3,2,6,0,0,1,0,0,1,0,1,"796940,69","5831934,764","13,38101","52,55629"
7461,196764,11,4,4030929,Hindemithplatz,2019,6,18,7,3,1,5,0,1,1,0,0,0,0,0,"792301,5399","5825849,221","13,30742","52,50425"
7462,196765,11,4,4031032,Halensee,2019,6,18,7,3,5,2,0,1,1,0,0,0,0,0,"791715,8339","5824838,279","13,29793","52,4955"
7463,196766,11,12,12214125,Waldidyll/Flughafensee,2019,7,17,2,2,2,6,0,0,1,0,1,0,0,1,"791089,7839","5834248,94","13,29698","52,5802"
7464,196767,11,8,8041035,Blumenviertel,2019,6,18,7,3,0,2,0,1,1,0,0,0,0,0,"804043,9623","5818546,518","13,47324","52,43238"
7465,196768,11,3,3061435,Conrad-Blenkle-Straße,2019,7,17,2,3,5,3,0,1,1,0,0,0,0,1,"801757,5367","5829166,315","13,44933","52,52883"
7466,196769,11,10,10020517,Adele-Sandrock-Straße,2019,6,18,7,3,5,2,0,0,1,0,0,0,0,0,"812999,8623","5830221,46","13,61551","52,53195"
7467,196770,11,9,9051901,Dammvorstadt,2019,7,16,2,3,2,6,0,1,1,0,0,0,0,1,"810656,6321","5821397,835","13,57285","52,45422"
7468,196771,11,1,1011102,Großer Tiergarten,2019,6,17,7,3,0,1,0,0,0,0,0,0,1,0,"796904,2531","5827633,855","13,37663","52,51776"
7469,196772,11,3,3040614,Pankow Zentrum,2019,7,11,2,3,0,5,0,1,1,0,0,0,0,0,"799738,6459","5834314,725","13,4243","52,57609"
7470,196773,11,2,2020203,Viktoriapark,2019,6,15,7,2,6,2,0,0,1,1,0,0,0,0,"797100,5698","5824292,882","13,37653","52,48771"
7471,196774,11,8,8010508,Weiße Siedlung,2019,6,15,7,3,2,6,0,0,1,0,0,0,0,0,"803213,1364","5822744,88","13,46487","52,47047"
7472,196775,11,10,10020620,Kaulsdorf Nord II,2019,7,15,2,3,6,4,0,0,1,1,0,0,0,0,"811266,4246","5829672,22","13,58953","52,52802"
7473,196776,11,10,10040829,Alt-Kaulsdorf,2019,6,13,7,3,5,3,0,0,1,0,0,0,0,0,"811879,0721","5827271,558","13,59628","52,50616"
7474,196777,11,8,8020620,Tempelhofer Weg,2019,7,16,2,3,2,6,0,0,1,0,0,0,0,1,"801319,813","5820399,597","13,43497","52,4505"
7475,196778,11,11,11020515,Landsberger Allee,2019,6,12,7,2,5,7,0,0,1,0,1,0,0,0,"803425,487",5830121,"13,47471","52,53646"
7476,196779,11,4,4030931,Breitscheidplatz,2019,7,18,2,3,1,7,0,1,1,0,0,0,0,0,"794145,4318","5825846,71","13,33451","52,50324"
7477,196780,11,8,8020619,Buschkrugallee Nord,2019,6,11,7,3,0,1,0,1,0,0,0,0,0,0,"801246,5312","5821555,488","13,43493","52,4609"
7478,196781,11,1,1022206,Lüneburger Straße,2019,7,22,1,3,6,4,1,0,1,1,0,0,0,0,"796271,4394","5828338,323","13,36796","52,52442"
7479,196782,11,3,3030715,Heinersdorf,2019,6,11,7,3,5,3,0,0,1,0,0,0,0,0,"800942,4565","5833548,097","13,44132","52,56856"
7480,196783,11,3,3030711,Blankenburg,2019,6,11,7,2,5,2,0,1,1,0,0,0,0,0,"801611,9859","5836123,765","13,45351","52,59127"
7481,196784,11,1,1011303,Alexanderplatzviertel,2019,7,21,1,3,3,2,1,1,0,0,0,0,0,0,"799248,351","5828469,191","13,41182","52,52397"
7482,196785,11,1,1022104,Emdener Straße,2019,7,21,1,3,0,3,1,0,1,0,1,0,0,0,"794201,232","5828859,367","13,33799","52,53021"
7483,196786,11,4,4051549,Rathaus Wilmersdorf,2019,6,8,7,3,0,7,0,0,1,0,1,0,0,0,"792760,5315","5824204,829","13,31272","52,48926"
7484,196787,11,1,1011306,Heine-Viertel Ost,2019,6,7,7,3,5,2,0,1,1,0,0,0,0,0,"799979,7407","5826934,649","13,42119","52,50981"
7485,196788,11,1,1022206,Lüneburger Straße,2019,7,20,1,3,5,3,0,0,1,0,0,0,0,0,"796229,7017","5828195,766","13,36722","52,52317"
7486,196789,11,12,12231102,Frohnau,2019,6,7,7,3,4,6,0,0,1,0,0,0,0,0,"790571,2448","5840566,436","13,2949","52,63711"
7487,196790,11,4,4020310,Park Ruhwald,2019,7,19,1,3,0,1,0,1,0,0,0,0,0,0,"790580,4066","5827338,566","13,28344","52,51852"
7488,196791,11,2,2030401,Reichenberger Straße,2019,6,1,7,3,5,3,2,0,1,0,0,0,0,0,"800627,9797","5825679,485","13,42958","52,4982"
7489,196792,11,2,2030301,Oranienplatz,2019,6,1,7,3,1,5,2,1,0,0,0,0,1,0,"799843,0622","5825799,208","13,41816","52,49971"
7490,196793,11,8,8030830,Gropiusstadt Süd,2019,7,17,1,3,5,2,0,0,1,0,0,0,0,0,"802292,3146","5817835,171","13,44691","52,42697"
7491,196794,11,7,7050503,Eisenacher Straße,2019,6,19,6,3,5,2,0,0,1,0,0,0,1,0,"798706,1289","5819881,484","13,39616","52,44729"
7492,196795,11,9,9020701,Adlershof West,2019,6,19,6,3,5,2,0,0,1,0,0,0,0,0,"808250,7191","5818800,828","13,53516","52,43231"
7493,196796,11,5,5040936,Jägerallee,2019,7,17,1,3,9,1,0,0,1,0,0,0,0,0,"780637,3165","5821692,196","13,13253","52,4731"
7494,196797,11,11,11051330,Karlshorst West,2019,6,14,6,3,6,4,0,0,1,1,0,0,0,0,"807247,6831","5825496,587","13,52662","52,49288"
7495,196798,11,12,12301206,Lübars,2019,7,16,1,3,5,3,0,1,1,0,0,0,0,0,"794740,7502","5838687,41","13,35466","52,61802"
7496,196799,11,7,7010103,Barbarossaplatz,2019,7,13,1,3,6,4,0,1,0,1,0,0,0,0,"795512,381","5824867,472","13,35372","52,49372"
7497,196800,11,3,3071639,Bötzowstraße,2019,6,6,6,3,5,7,0,0,1,0,0,0,1,0,"800290,521","5829035,477","13,42765","52,52847"
7498,196801,11,1,1022202,Heidestraße,2019,7,12,1,3,5,2,0,0,1,0,0,0,0,0,"795661,4035","5829740,156","13,36024","52,53732"
7499,196802,11,1,1011302,Oranienburger Straße,2019,6,15,6,3,5,2,0,1,1,0,0,0,0,0,"798680,829","5828662,061","13,40366","52,52601"
7500,196803,11,4,4020209,Eichkamp,2019,7,8,1,2,5,3,0,1,1,0,0,0,0,0,"789237,8529","5825321,467","13,26195","52,50115"
7501,196804,11,12,12214528,Tegeler Forst,2019,6,20,6,3,9,1,0,0,1,0,0,0,0,0,"787842,8368","5836262,58","13,25094","52,59998"
7502,196805,11,3,3071536,Teutoburger Platz,2019,6,19,6,3,1,5,0,1,0,0,0,0,1,0,"799072,3324","5830202,197","13,41079","52,5396"
7503,196806,11,7,7070703,John-Locke-Straße,2019,7,5,1,3,5,3,0,0,1,0,0,0,1,0,"799766,1506","5813974,903","13,40642","52,39376"
7504,196807,11,8,8010404,Rixdorf,2019,7,16,7,3,5,2,0,1,1,0,0,0,0,0,"801756,5459","5822592,377","13,44336","52,46991"
7505,196808,11,1,1044202,Sparrplatz,2019,6,18,6,3,5,2,0,1,1,0,0,0,0,0,"794896,1033","5830252,689","13,34944","52,54233"
7506,196809,11,4,4020313,Königin-Elisabeth-Straße,2019,6,17,6,3,5,2,0,1,0,0,0,0,0,0,"790479,6378","5826641,785","13,28135","52,51233"
7507,196810,11,5,5020625,Borkumer Straße,2019,7,23,7,3,6,4,2,0,1,1,0,0,0,1,"784697,6458","5828614,104","13,19807","52,53306"
7508,196811,11,5,5010312,Kurstraße,2019,6,17,6,3,5,3,0,1,1,0,0,0,0,0,"785253,1509","5829957,841","13,20739","52,54482"
7509,196812,11,1,1011101,Stülerstraße,2019,7,23,7,3,5,2,2,0,1,0,0,0,0,0,"794594,2404","5826083,261","13,34131","52,50511"
7510,196813,11,3,3050923,Weißenseer Spitze,2019,6,17,6,3,2,2,0,0,1,0,0,0,0,0,"800324,457","5831637,07","13,4305","52,55177"
7511,196814,11,1,1011402,Arkonaplatz,2019,6,16,6,3,5,2,0,0,0,0,1,0,1,0,"798822,0794","5829758,526","13,40672","52,53576"
7512,196815,11,8,8041040,Waltersdorfer Chaussee Ost,2019,7,23,7,2,0,1,2,0,0,0,1,0,0,1,"807011,1319","5817448,658","13,51574","52,42088"
7513,196816,11,1,1011105,Nördlicher Landwehrkanal,2019,6,15,6,3,5,2,0,1,1,0,0,0,0,0,"795757,7206","5826336,517","13,35863","52,50675"
7514,196817,11,6,6020301,Alt-Lankwitz,2019,6,16,6,3,5,2,0,0,1,0,1,0,0,0,"795875,2965","5818157,812","13,3531","52,43338"
7515,196818,11,1,1011301,Charitéviertel,2019,7,22,7,2,0,1,2,1,0,0,0,0,0,1,"796682,4822","5828761,339","13,37437","52,52799"
7516,196819,11,7,7030301,Friedenau,2019,6,14,6,3,1,5,0,1,1,0,0,0,0,0,"794206,3047","5822834,676","13,33274","52,4762"
7517,196820,11,1,1011401,Invalidenstraße,2019,7,22,7,3,2,6,2,0,1,0,0,0,0,1,"798476,0823","5829093,556","13,40103","52,52999"
7518,196821,11,2,2040502,Friedenstraße,2019,6,13,6,3,5,2,0,1,1,0,0,0,0,0,"800454,7594","5828446,586","13,42953","52,5231"
7519,196822,11,12,12214527,Alt-Tegel,2019,6,13,6,3,5,2,0,1,1,0,0,0,0,0,"790134,1398","5835780,557","13,28426","52,59444"
7520,196823,11,8,8010404,Rixdorf,2019,7,20,7,3,0,1,2,0,1,0,0,0,0,1,"802599,2619","5823079,12","13,45617","52,47381"
7521,196824,11,7,7050502,Fritz-Werner-Straße,2019,7,21,7,3,6,2,2,0,1,1,0,0,0,1,"798194,1354","5818928,886","13,3878","52,43903"
7522,196825,11,1,1033201,Brunnenstraße,2019,6,12,6,3,5,2,0,1,1,0,0,0,0,0,"798447,3453","5830182,449","13,40159","52,53976"
7523,196826,11,2,2040701,Andreasviertel,2019,6,12,6,3,5,7,0,0,0,0,1,0,1,0,"800527,2867","5826893,123","13,42919","52,50914"
7524,196827,11,1,1011303,Alexanderplatzviertel,2019,7,20,7,3,5,3,1,1,1,0,0,0,0,1,"799107,7148","5828312,713","13,40961","52,52264"
7525,196828,11,1,1033102,Gesundbrunnen,2019,6,12,6,3,5,3,0,1,1,0,0,0,0,0,"797712,969","5831816,403","13,39226","52,55481"
7526,196829,11,1,1011201,Wilhelmstraße,2019,7,20,7,3,0,2,0,1,1,0,0,0,0,1,"796974,6142","5826705,66","13,37683","52,5094"
7527,196830,11,2,2010102,Mehringplatz,2019,6,11,6,3,5,2,0,1,1,0,0,0,0,0,"797968,3589","5826183,735","13,39097","52,50418"
7528,196831,11,3,3020307,Buchholz,2019,6,11,6,3,6,3,0,0,1,1,0,0,0,0,"800080,2447","5837504,432","13,43222","52,6045"
7529,196832,11,1,1011303,Alexanderplatzviertel,2019,6,11,6,3,5,5,0,1,1,0,0,0,0,0,"798905,8849","5827778,986","13,40617","52,51797"
7530,196833,11,1,1044201,Reinickendorfer Straße,2019,7,19,7,3,2,6,0,0,1,0,0,0,0,1,"795917,1726","5831071,219","13,36518","52,54911"
7531,196834,11,11,11010205,Falkenberg West,2019,6,10,6,3,2,6,0,0,1,0,0,1,0,0,"806286,0713","5833869,547","13,52021","52,56846"
7532,196835,11,1,1011302,Oranienburger Straße,2019,7,19,7,3,5,3,0,1,1,0,0,0,0,1,"798599,5543","5828883,098","13,40266","52,52803"
7533,196836,11,1,1011302,Oranienburger Straße,2019,6,10,6,3,0,3,0,1,1,0,0,0,0,0,"798085,2802","5828844,477","13,39507","52,52797"
7534,196837,11,4,4030929,Hindemithplatz,2019,7,19,7,3,0,3,0,1,0,0,1,0,0,1,"792317,0258","5825786,679","13,30759","52,50368"
7535,196838,11,2,2010102,Mehringplatz,2019,6,9,6,3,5,3,0,1,1,0,0,0,0,0,"798453,5361","5826533,08","13,39841","52,50705"
7536,196839,11,2,2050601,Hausburgviertel,2019,7,19,7,3,5,3,0,0,1,0,0,0,1,1,"801647,2945","5828891,117","13,44746","52,52643"
7537,196840,11,12,12214125,Waldidyll/Flughafensee,2019,6,18,6,3,2,6,0,0,1,0,0,0,0,0,"790177,4224","5833687,566","13,28306","52,57565"
7538,196841,11,6,6010207,Mittelstraße,2019,7,18,7,3,5,2,0,1,1,0,0,0,0,0,"793998,2319","5820417,777","13,32756","52,45465"
7539,196842,11,8,8010303,Donaustraße,2019,6,22,6,3,0,1,2,1,0,0,0,0,0,0,"801007,001","5823898,101","13,43353","52,48203"
7540,196843,11,6,6010103,Markelstraße,2019,7,18,7,3,0,1,0,0,0,0,1,0,0,0,"792746,9613","5821673,95","13,3103","52,46658"
7541,196844,11,9,9020702,Adlershof Ost,2019,6,17,6,2,0,1,0,1,0,0,0,0,0,0,"809410,9664","5819698,163","13,553","52,43969"
7542,196845,11,7,7030301,Friedenau,2019,6,17,6,2,6,4,0,0,1,1,0,0,0,0,"794249,1425","5822049,941","13,33268","52,46914"
7543,196846,11,10,10030724,Oberfeldstraße,2019,7,17,7,3,0,1,0,0,0,0,1,0,0,0,"809003,1114","5828156,146","13,55486","52,51572"
7544,196847,11,1,1022201,Stephankiez,2019,6,13,6,3,1,5,0,0,1,0,0,0,0,0,"795322,236","5828685,164","13,35431","52,52804"
7545,196848,11,4,4051549,Rathaus Wilmersdorf,2019,7,17,7,3,5,2,0,0,1,0,0,0,0,0,"793305,7169","5823616,131","13,32021","52,48369"
7546,196849,11,11,11051229,Rummelsburg,2019,6,12,6,2,5,3,0,1,1,0,0,0,0,0,"803791,8113","5826174,81","13,47649","52,50089"
7547,196850,11,9,9020701,Adlershof West,2019,6,11,6,3,2,6,0,0,1,0,0,0,0,0,"809359,7152","5818488,514","13,55113","52,42888"
7548,196851,11,1,1044201,Reinickendorfer Straße,2019,7,16,7,3,5,3,0,1,1,0,0,0,0,0,"796618,5167","5831283,447","13,37569","52,55063"
7549,196852,11,4,4030415,Schloßgarten,2019,6,9,6,3,5,2,0,1,1,0,0,0,0,0,"791185,0101","5827436,59","13,29241","52,51908"
7550,196853,11,1,1022206,Lüneburger Straße,2019,7,15,7,3,5,3,0,0,1,0,0,0,0,0,"795728,4739","5828198,076","13,35985","52,52346"
7551,196854,11,4,4030931,Breitscheidplatz,2019,6,9,6,3,1,5,0,1,1,0,0,0,0,0,"794381,5917","5826079,931","13,33818","52,5052"
7552,196855,11,4,4051654,Wilhelmsaue,2019,7,15,7,3,6,6,0,1,0,1,0,0,0,0,"793574,7104","5823692,292","13,32423","52,48423"
7553,196856,11,1,1011303,Alexanderplatzviertel,2019,6,9,6,3,5,2,0,1,0,0,1,0,0,0,"799797,2592","5828614,646","13,42002","52,52497"
7554,196857,11,5,5020416,Am Heideberg,2019,7,13,7,3,0,6,0,0,1,0,1,0,0,0,"781189,6462","5829145,556","13,14694","52,53965"
7555,196858,11,9,9020702,Adlershof Ost,2019,6,9,6,3,6,7,0,1,1,1,0,0,0,0,"808859,3255","5819320,777","13,54457","52,43662"
7556,196859,11,8,8010303,Donaustraße,2019,6,8,6,3,6,2,0,0,1,1,0,0,0,0,"801015,2133","5823882,811","13,43364","52,48189"
7557,196860,11,1,1022106,Elberfelder Straße,2019,7,12,7,3,5,2,0,0,1,0,1,0,0,0,"794242,4048","5827698,748","13,33757","52,51979"
7558,196861,11,3,3010101,Bucher Forst,2019,7,12,7,3,7,7,0,1,0,0,0,0,0,0,"803121,0519","5841341,387","13,4805","52,6372"
7559,196862,11,4,4020314,Messegelände,2019,6,8,6,3,5,2,0,1,1,0,0,0,0,0,"790027,0456","5825235,312","13,27347","52,49996"
7560,196863,11,9,9030901,Dorf Altglienicke,2019,7,12,7,3,1,5,0,0,1,0,1,0,0,0,"807900,4807","5817171,267","13,52853","52,4179"
7561,196864,11,2,2050802,Boxhagener Platz,2019,6,7,6,2,2,2,0,1,1,0,0,0,0,0,"802551,5568","5826716,408","13,45877","52,50643"
7562,196865,11,7,7040403,Manteuffelstraße,2019,7,12,7,3,5,3,0,0,1,0,0,0,0,0,"797023,8502","5820696,636","13,3722","52,45551"
7563,196866,11,6,6020303,Lankwitz Kirche,2019,6,7,6,3,5,2,0,0,1,0,0,0,0,0,"795522,573","5818639,566","13,34835","52,43788"
7564,196867,11,4,4041136,Hagenplatz,2019,6,1,6,3,1,5,2,0,1,0,0,0,0,0,"790500,406","5822799,135","13,2783","52,47787"
7565,196868,11,1,1044201,Reinickendorfer Straße,2019,7,11,7,3,3,6,0,0,1,0,1,0,0,0,"795893,8553","5831178,079","13,36494","52,55008"
7566,196869,11,4,4051447,Ludwigkirchplatz,2019,7,11,7,3,2,6,0,1,0,0,0,0,0,0,"793206,062","5824982,1","13,31995","52,49599"
7567,196870,11,8,8010301,Reuterkiez,2019,6,10,6,3,3,6,0,1,1,0,0,0,0,0,"800927,0675","5824981,543","13,43334","52,49178"
7568,196871,11,8,8010118,Silbersteinstraße,2019,6,9,6,3,3,6,0,1,1,0,0,0,0,0,"801056,51","5822033,322","13,43258","52,46529"
7569,196872,11,6,6010210,Bismarckstraße,2019,7,0,7,3,1,7,2,0,1,0,0,0,0,0,"794887,5171","5821117,357","13,34123","52,46044"
7570,196873,11,11,11030824,Frankfurter Allee Süd,2019,6,7,5,2,5,3,0,1,1,0,0,0,0,0,"804135,134","5826959,126","13,48225","52,50773"
7571,196874,11,8,8010118,Silbersteinstraße,2019,7,6,7,3,4,6,0,0,1,0,0,0,0,0,"800891,2397","5822424,45","13,4305","52,46888"
7572,196875,11,3,3050924,Behaimstraße,2019,6,13,5,3,6,7,0,0,0,0,0,0,1,0,"801969,6457","5831608,779","13,45466","52,55061"
7573,196876,11,6,6010103,Markelstraße,2019,6,13,5,3,3,6,0,0,1,0,0,0,0,0,"793102,7509","5821491,411","13,31536","52,46475"
7574,196877,11,1,1011201,Wilhelmstraße,2019,7,12,6,3,5,2,0,1,1,0,0,0,0,0,"796995,333","5826616,688","13,37706","52,50859"
7575,196878,11,1,1033203,Humboldthain Nordwest,2019,6,13,5,3,0,1,0,1,1,0,0,0,0,0,"796739,4438","5831179,813","13,37737","52,54964"
7576,196879,11,10,10010310,Alt-Marzahn,2019,7,22,6,3,5,3,2,0,1,0,0,0,0,0,"807806,7729","5830769,164","13,5397","52,53982"
7577,196880,11,1,1011202,Unter den Linden Nord,2019,6,13,5,3,5,3,0,0,1,0,0,0,0,0,"797883,308","5828175,623","13,3915","52,52208"
7578,196881,11,8,8010118,Silbersteinstraße,2019,7,22,6,3,3,6,2,0,1,0,0,0,0,0,"801000,8005","5822169,259","13,43188","52,46654"
7579,196882,11,4,4030931,Breitscheidplatz,2019,6,13,5,3,5,3,0,1,1,0,0,0,0,0,"793925,4149","5825819,93","13,33125","52,50311"
7580,196883,11,7,7010102,Nollendorfplatz,2019,7,21,6,3,5,2,2,1,1,0,0,0,0,0,"794958,3265","5825672,779","13,3463","52,50124"
7581,196884,11,9,9020501,Oberschöneweide West,2019,6,12,5,3,3,6,0,0,1,0,1,0,0,0,"805649,7171","5824192,171","13,50196","52,48208"
7582,196885,11,4,4030828,Savignyplatz,2019,6,12,5,3,1,5,0,0,1,0,1,0,0,0,"793324,9099","5826616,973","13,32313","52,51058"
7583,196886,11,6,6010102,Schloßstraße,2019,7,21,6,2,5,2,0,0,1,0,1,0,0,0,"793657,5625","5820601,348","13,32272","52,45648"
7584,196887,11,1,1044201,Reinickendorfer Straße,2019,7,20,6,2,5,3,1,1,1,0,0,0,0,0,"796219,0498","5831513,523","13,37002","52,55291"
7585,196888,11,1,1011301,Charitéviertel,2019,6,11,5,2,5,3,0,0,0,0,0,1,1,0,"797539,0527","5828717,911","13,38693","52,52713"
7586,196889,11,1,1011303,Alexanderplatzviertel,2019,6,11,5,3,1,5,0,0,1,0,0,0,0,0,"799331,6871","5828898,165","13,41343","52,52777"
7587,196890,11,1,1011301,Charitéviertel,2019,7,20,6,3,5,3,0,1,0,0,0,0,0,0,"797636,6403","5828196,664","13,38789","52,52241"
7588,196891,11,10,10010308,Marzahner Chaussee,2019,6,20,5,3,5,2,0,0,1,0,0,0,0,0,"806333,1107","5830185,38","13,51751","52,53541"
7589,196892,11,1,1011301,Charitéviertel,2019,7,19,6,3,0,2,0,0,1,0,0,0,1,0,"796957,2949","5828901,48","13,37854","52,5291"
7590,196893,11,4,4030827,Karl-August-Platz,2019,6,19,5,3,5,2,0,1,1,0,0,0,0,0,"792534,6947","5826124,038","13,31109","52,50659"
7591,196894,11,9,9051702,Bölschestraße,2019,7,18,6,3,3,6,0,0,1,0,0,0,1,0,"814208,3887","5821830,966","13,62536","52,45607"
7592,196895,11,2,2030301,Oranienplatz,2019,6,18,5,3,1,5,0,1,1,0,0,0,1,0,"799806,165","5826018,287","13,41781","52,50169"
7593,196896,11,7,7040405,Rathaus Tempelhof,2019,7,17,6,3,6,7,0,0,1,1,0,0,0,0,"797837,018","5820910,219","13,38433","52,45698"
7594,196897,11,1,1033203,Humboldthain Nordwest,2019,6,11,5,3,4,6,0,1,1,0,0,0,0,0,"796527,3836","5830930,523","13,37403","52,54752"
7595,196898,11,7,7070704,Nahariyastraße,2019,7,17,6,2,5,3,0,0,1,0,1,0,0,0,"800806,6752","5814165,505","13,42183","52,3949"
7596,196899,11,11,11041128,Sewanstraße,2019,6,11,5,2,5,3,0,1,1,0,0,0,0,0,"805859,9378","5825309,29","13,50607","52,49198"
7597,196900,11,6,6040804,Krumme Lanke,2019,7,17,6,3,5,2,0,1,0,0,0,0,1,0,"787645,4759","5818143,439","13,23237","52,43764"
7598,196901,11,3,3061228,Erich-Weinert-Straße,2019,6,11,5,3,5,2,0,1,0,0,0,0,1,0,"800319,1973","5831543,292","13,43034","52,55093"
7599,196902,11,7,7030301,Friedenau,2019,6,10,5,3,0,2,0,1,0,0,1,0,0,0,"794159,6254","5822101,337","13,33141","52,46965"
7600,196903,11,3,3040614,Pankow Zentrum,2019,7,16,6,3,5,3,0,1,1,0,0,0,0,0,"798730,7497","5833696,109","13,40892","52,5711"
7601,196904,11,2,2010102,Mehringplatz,2019,6,18,5,3,6,2,0,0,1,1,0,0,0,0,"798022,917","5825829,122","13,39145","52,50097"
7602,196905,11,12,12214421,Reinickes Hof,2019,7,16,6,3,2,6,0,0,1,0,0,0,0,0,"793446,0063","5833552,256","13,33104","52,57269"