,id,city,district,lor,street,year,month,hour,weekday,category,collision,movement,light_conditions,bicycle,car,pedestrian,motorbike,truck,other_vehicle,road_conditions,LINREFX,LINREFY,XGCSWGS84,YGCSWGS84
7957,197260,11,7,7040403,Manteuffelstraße,2019,7,21,6,3,5,2,2,0,1,0,0,0,0,0,"796920,95","5822284,02","13,3721","52,4698"
7958,197261,11,9,9010101,Elsenstraße,2019,7,21,6,2,5,3,1,1,1,0,0,0,0,0,"802329,4441","5825307,772","13,45423","52,49393"
7959,197262,11,2,2040701,Andreasviertel,2019,7,20,6,3,5,3,0,1,1,0,0,0,0,0,"800584,3583","5827010,421","13,43014","52,51016"
7960,197263,11,7,7040401,Neu-Tempelhof,2019,7,19,6,3,5,2,0,0,1,0,0,0,0,0,"797824,2186","5822535,858","13,38559","52,47156"
7961,197264,11,4,4030929,Hindemithplatz,2019,7,1,6,3,5,3,2,0,1,0,0,0,0,0,"792580,2204","5825448,123","13,31116","52,5005"
7962,197265,11,8,8030829,Gropiusstadt Nord,2019,7,19,6,3,5,7,0,1,1,0,0,0,0,0,"802766,7787","5818171,919","13,45418","52,42973"
7963,197266,11,11,11051331,Karlshorst Nord,2019,7,10,6,3,6,4,0,0,1,1,0,0,0,0,"807251,878","5824282,871","13,52556","52,482"
7964,197267,11,5,5020625,Borkumer Straße,2019,7,9,6,3,0,6,0,0,0,0,0,0,1,0,"784609,1042","5828341,795","13,19653","52,53066"
7965,197268,11,11,11030619,Fennpfuhl Ost,2019,7,9,6,3,5,2,0,1,1,0,0,0,0,0,"804144,0293","5829828,569","13,485","52,53344"
7966,197269,11,1,1011301,Charitéviertel,2019,7,9,6,3,5,3,0,0,1,0,0,0,1,0,"797629,814","5828204,983","13,3878","52,52249"
7967,197270,11,1,1044202,Sparrplatz,2019,7,8,6,2,5,3,0,1,1,0,0,0,0,0,"795398,3563","5830283,802","13,35685","52,54233"
7968,197271,11,7,7030301,Friedenau,2019,7,8,6,3,4,6,0,1,1,0,0,0,0,0,"794083,7562","5822045,924","13,33025","52,4692"
7969,197272,11,11,11040926,Weitlingstraße,2019,7,7,6,3,5,3,0,1,1,0,0,0,0,0,"805189,6453","5826252,541","13,49709","52,50081"
7970,197273,11,9,9052001,Köpenick Nord,2019,7,6,6,3,1,1,0,0,1,0,0,0,0,0,"810892,5807","5822275,948","13,57713","52,46195"
7971,197274,11,2,2050803,Stralauer Kiez,2019,7,6,6,3,5,2,0,1,1,0,0,0,0,0,"803103,0948","5826085,88","13,4663","52,50048"
7972,197275,11,1,1011202,Unter den Linden Nord,2019,7,15,6,3,3,6,0,0,1,0,0,0,1,0,"797532,7647","5827566,101","13,3858","52,51681"
7973,197276,11,8,8020727,Buckow Mitte,2019,7,11,5,3,0,3,0,1,1,0,0,0,0,0,"800987,8167","5817122,088","13,42715","52,4213"
7974,197277,11,8,8010508,Weiße Siedlung,2019,7,21,5,2,9,1,2,0,0,0,1,0,0,0,"803138,0051","5822672,845","13,4637","52,46987"
7975,197278,11,1,1011303,Alexanderplatzviertel,2019,7,21,5,3,6,4,0,1,0,1,0,0,0,0,"799020,4092","5827873,927","13,40794","52,51876"
7976,197279,11,1,1044203,Leopoldplatz,2019,7,20,5,3,5,2,0,0,1,0,0,0,1,0,"795451,436","5831591,824","13,3588","52,55403"
7977,197280,11,4,4030931,Breitscheidplatz,2019,7,19,5,3,5,3,0,1,1,0,0,0,0,0,"793938,5461","5825810,689","13,33144","52,50302"
7978,197281,11,6,6040804,Krumme Lanke,2019,7,18,5,3,5,3,0,0,1,0,1,0,0,0,"787738,8229","5818260,274","13,23384","52,43863"
7979,197282,11,8,8020727,Buckow Mitte,2019,7,18,5,3,5,2,0,0,1,0,0,0,0,0,"800952,209","5816263,563","13,42585","52,41363"
7980,197283,11,11,11020513,Orankesee,2019,7,16,5,3,0,7,0,0,1,0,0,0,1,0,"802987,6234","5830854,857","13,46894","52,54328"
7981,197284,11,2,2020206,Graefekiez,2019,7,15,5,3,5,2,0,1,0,0,0,0,1,0,"799774,4273","5824825,1","13,41627","52,49102"
7982,197285,11,1,1011201,Wilhelmstraße,2019,7,18,5,3,5,3,0,1,1,0,0,0,0,0,"797902,559","5826576,585","13,39035","52,50774"
7983,197286,11,2,2040701,Andreasviertel,2019,7,15,5,3,2,6,0,0,1,0,0,0,0,0,"800392,9357","5827855,974","13,42809","52,51784"
7984,197287,11,1,1022106,Elberfelder Straße,2019,7,17,5,3,5,7,0,1,0,0,0,0,1,0,"793703,5118","5828112,761","13,33002","52,52379"
7985,197288,11,1,1044201,Reinickendorfer Straße,2019,7,15,5,3,5,2,0,0,1,0,1,0,0,0,"796190,236","5831009,098","13,36914","52,54841"
7986,197289,11,1,1011203,Unter den Linden Süd,2019,7,17,5,3,5,7,0,1,1,0,0,0,0,0,"797810,3491","5827136,663","13,3895","52,51281"
7987,197290,11,1,1044201,Reinickendorfer Straße,2019,7,15,5,3,6,7,0,0,1,1,0,0,0,0,"796886,1079","5831538,794","13,37985","52,55277"
7988,197291,11,4,4051653,Prager Platz,2019,7,15,5,3,6,3,0,0,1,1,0,0,0,0,"794029,3386","5824715,871","13,3318","52,49316"
7989,197292,11,8,8010301,Reuterkiez,2019,7,17,5,3,5,3,0,1,0,0,0,0,0,0,"801551,9419","5824363,932","13,44196","52,4859"
7990,197293,11,8,8020622,Parchimer Allee,2019,7,14,5,3,1,5,0,0,1,0,0,0,1,0,"801341,3722","5820026,322","13,43495","52,44714"
7991,197294,11,7,7030303,Grazer Platz,2019,7,16,5,2,5,3,0,1,1,0,0,0,0,0,"795229,4533","5822260,095","13,34725","52,4705"
7992,197295,11,12,12302212,Rollbergesiedlung,2019,7,14,5,3,0,5,0,0,1,0,0,0,1,0,"793540,5442","5837847,668","13,33624","52,61114"
7993,197296,11,9,9051702,Bölschestraße,2019,7,13,5,3,1,1,0,1,1,0,0,0,0,0,"814032,502","5820745,63","13,62176","52,44644"
7994,197297,11,1,1011102,Großer Tiergarten,2019,7,11,5,3,3,2,0,0,1,0,0,0,0,0,"795161,8216","5827090,891","13,35054","52,51384"
7995,197298,11,7,7070701,Kettinger Straße/Schillerstraße,2019,7,11,5,3,5,2,0,0,1,0,0,1,0,0,"798707,8463","5816019,87","13,39273","52,41267"
7996,197299,11,1,1022102,Beusselkiez,2019,7,11,5,3,6,2,0,0,0,1,0,0,1,0,"793573,4952","5828507,524","13,32845","52,5274"
7997,197300,11,9,9020702,Adlershof Ost,2019,7,11,5,3,2,6,0,0,1,0,0,0,1,0,"809528,9404","5818795,339","13,5539","52,43153"
7998,197301,11,7,7040401,Neu-Tempelhof,2019,7,11,5,3,2,6,0,0,1,0,0,0,1,0,"797757,2024","5822626,559","13,38469","52,47241"
7999,197302,11,1,1011301,Charitéviertel,2019,7,10,5,3,5,3,0,0,1,0,0,0,1,0,"797045,9479","5828361,996","13,37936","52,52421"
8000,197303,11,1,1011105,Nördlicher Landwehrkanal,2019,7,10,5,3,1,5,0,1,1,0,0,0,0,0,"796928,6652","5826430,217","13,37591","52,50696"
8001,197304,11,11,11040926,Weitlingstraße,2019,7,10,5,3,1,1,0,0,1,0,0,0,0,0,"805338,0777","5827208,857","13,50015","52,5093"
8002,197305,11,11,11020411,Malchower Weg,2019,7,9,5,2,5,2,0,0,0,0,1,0,1,0,"806356,863","5832164,587","13,51968","52,55314"
8003,197306,11,3,3030715,Heinersdorf,2019,7,9,5,3,2,6,0,0,1,0,0,0,0,0,"800096,4792","5833877,837","13,42917","52,57198"
8004,197307,11,1,1011306,Heine-Viertel Ost,2019,7,9,5,3,5,3,0,1,1,0,0,0,0,0,"799901,7061","5826514,373","13,41966","52,50609"
8005,197308,11,4,4041241,Breite Straße,2019,7,7,5,3,5,3,0,1,1,0,0,0,0,0,"791578,2942","5822164,356","13,29357","52,4716"
8006,197309,11,7,7040401,Neu-Tempelhof,2019,7,5,5,3,0,1,1,0,0,0,0,0,1,0,"797271,8433","5822823,492","13,37774","52,47444"
8007,197310,11,5,5010209,An der Kappe,2019,7,3,5,2,1,1,2,0,1,0,0,0,0,0,"781394,3375","5829726,48","13,15044","52,54475"
8008,197311,11,3,3050925,Komponistenviertel Weißensee,2019,7,17,5,3,6,2,0,0,1,1,0,0,0,0,"802262,617","5831577,211","13,45894","52,55016"
8009,197312,11,2,2030402,Wrangelkiez,2019,7,14,5,3,5,7,0,0,0,0,1,0,1,0,"801515,292","5825998,741","13,4429","52,50058"
8010,197313,11,7,7010104,Dennewitzplatz,2019,7,10,5,3,0,7,0,0,0,0,1,0,0,1,"796019,5531","5824976,068","13,36126","52,49442"
8011,197314,11,4,4030931,Breitscheidplatz,2019,7,10,4,3,1,5,0,1,0,0,0,0,1,0,"793749,2853","5825832,119","13,32868","52,50332"
8012,197315,11,7,7030302,Ceciliengärten,2019,7,15,4,3,6,4,0,1,0,1,0,0,0,0,"794574,3506","5822329,132","13,3377","52,47147"
8013,197316,11,5,5010206,Gütersloher Weg,2019,7,17,4,2,5,2,0,1,1,0,0,0,0,0,"782434,567","5830490,2","13,16639","52,55106"
8014,197317,11,11,11020514,Große-Leege-Straße,2019,7,17,4,3,5,2,0,1,1,0,0,0,0,0,"804371,8011","5830844,325","13,48928","52,54242"
8015,197318,11,2,2040701,Andreasviertel,2019,7,17,4,3,0,2,0,0,1,0,1,0,0,0,"801206,464","5827467,49","13,43969","52,51391"
8016,197319,11,9,9010301,Baumschulenstraße,2019,7,16,4,3,6,2,0,0,0,1,0,1,0,0,"804746,5982","5822302,503","13,48697","52,46565"
8017,197320,11,1,1033201,Brunnenstraße,2019,7,16,4,3,6,7,0,1,0,1,0,0,0,0,"797882,533","5831027,186","13,39404","52,54764"
8018,197321,11,6,6020302,Komponistenviertel Lankwitz,2019,7,16,4,3,5,3,0,1,1,0,0,0,0,0,"794339,5264","5819041,313","13,33135","52,44212"
8019,197322,11,7,7040405,Rathaus Tempelhof,2019,7,16,4,3,2,7,0,0,0,0,1,0,1,0,"798170,1912","5821908,165","13,39011","52,46575"
8020,197323,11,4,4010103,Paul-Hertz-Siedlung,2019,7,5,4,3,0,6,0,0,0,0,1,0,0,0,"791141,0786","5829174,408","13,29328","52,53468"
8021,197324,11,5,5040934,Alt-Gatow,2019,7,23,4,3,0,1,2,1,0,0,0,0,0,0,"783747,479","5824142,705","13,18028","52,49346"
8022,197325,11,1,1033201,Brunnenstraße,2019,7,20,4,3,0,3,0,1,0,0,0,0,1,0,"798507,5333","5830233,396","13,40252","52,54019"
8023,197326,11,1,1011402,Arkonaplatz,2019,7,19,4,3,1,5,0,1,1,0,0,0,0,0,"798782,3379","5829671,733","13,40605","52,535"
8024,197327,11,12,1044101,Rehberge,2019,7,19,4,3,2,4,0,0,1,1,0,0,0,0,"791950,0482","5831492,874","13,30721","52,55503"
8025,197328,11,11,11051229,Rummelsburg,2019,7,18,4,3,2,3,0,0,1,0,0,0,0,0,"803361,7038","5826298,587","13,47029","52,50224"
8026,197329,11,2,2050802,Boxhagener Platz,2019,7,18,4,3,0,6,0,1,0,0,0,0,0,0,"802547,5962","5826732,022","13,45872","52,50658"
8027,197330,11,1,1011302,Oranienburger Straße,2019,7,18,4,3,5,3,0,1,1,0,0,0,0,0,"798603,908","5828890,418","13,40273","52,5281"
8028,197331,11,5,5030730,Zitadellenweg,2019,7,18,4,2,2,6,0,0,1,0,1,0,0,0,"786044,5055","5829165,312","13,21834","52,5373"
8029,197332,11,2,2020204,Urbanstraße,2019,7,18,4,3,5,2,0,0,1,0,1,0,0,0,"798322,9117","5825139,64","13,39524","52,49463"
8030,197333,11,7,7040401,Neu-Tempelhof,2019,7,18,4,3,6,2,0,1,0,1,0,0,0,0,"798099,158","5823964,834","13,3909","52,48422"
8031,197334,11,1,1011402,Arkonaplatz,2019,7,18,4,3,0,1,0,1,0,0,0,0,0,0,"798545,2399","5829189,163","13,40214","52,53081"
8032,197335,11,10,10020414,Helle Mitte,2019,7,17,4,3,6,7,0,0,1,1,0,0,0,0,"812123,4917","5830905,826","13,60328","52,53859"
8033,197336,11,1,1044102,Schillerpark,2019,7,12,4,3,2,2,0,0,1,0,0,0,1,0,"794913,1324","5832044,113","13,35128","52,55838"
8034,197337,11,9,9020502,Oberschöneweide Ost,2019,7,12,4,3,0,6,0,0,1,0,1,0,0,0,"806685,7465","5822696,904","13,51579","52,4681"
8035,197338,11,7,7010104,Dennewitzplatz,2019,7,12,4,3,5,2,0,1,1,0,0,0,0,0,"796347,0883","5824919,951","13,36602","52,49374"
8036,197339,11,9,9010202,Köpenicker Landstraße,2019,7,11,4,2,6,7,0,0,1,1,0,0,0,0,"804282,1573","5823767,033","13,48149","52,47904"
8037,197340,11,3,3071639,Bötzowstraße,2019,7,10,4,2,6,4,0,0,1,1,0,0,0,0,"800710,2781","5829144,165","13,43392","52,52921"
8038,197341,11,7,7010101,Wittenbergplatz/Viktoria-Luise-Platz,2019,7,9,4,3,5,2,0,0,1,0,0,0,0,0,"794567,3052","5825796,196","13,34066","52,50256"
8039,197342,11,7,7010102,Nollendorfplatz,2019,7,8,4,3,5,3,0,1,1,0,0,0,0,0,"795426,1992","5825488,69","13,353","52,49933"
8040,197343,11,1,1011204,Leipziger Straße,2019,7,8,4,3,1,5,0,1,1,0,0,0,0,0,"798855,242","5827027,577","13,40475","52,51126"
8041,197344,11,11,11030619,Fennpfuhl Ost,2019,7,8,4,3,5,2,0,1,1,0,0,0,0,0,"803969,6837","5829072,463","13,48175","52,52676"
8042,197345,11,11,11030721,Rüdigerstraße,2019,7,7,4,3,5,3,0,0,1,0,1,0,0,0,"804308,5809","5828168,371","13,4859","52,51847"
8043,197346,11,5,5010339,Freiheit,2019,7,7,4,3,6,4,0,0,1,1,0,0,0,0,"786804,9857","5828211,49","13,2287","52,52835"
8044,197347,11,3,3010102,Buch,2019,7,16,4,3,2,6,0,0,1,0,0,0,0,0,"804644,687","5841357,339","13,50296","52,63649"
8045,197348,11,11,11051331,Karlshorst Nord,2019,7,16,4,3,0,7,0,1,1,0,0,0,0,0,"808400,6053","5823572,31","13,54177","52,47498"
8046,197349,11,4,4030726,Droysenstraße,2019,7,15,4,2,5,2,0,0,1,0,1,0,0,0,"792302,3205","5825377,025","13,30702","52,50002"
8047,197350,11,12,12214125,Waldidyll/Flughafensee,2019,7,15,4,3,3,5,0,1,1,0,0,0,0,0,"788353,7777","5832100,746","13,25485","52,5624"
8048,197351,11,4,4051653,Prager Platz,2019,7,14,4,2,6,4,0,1,0,1,0,0,0,0,"794028,2973","5824715,809","13,33179","52,49316"
8049,197352,11,3,1033102,Gesundbrunnen,2019,7,14,4,3,2,6,0,0,1,0,0,0,0,0,"798047,2902","5831836,487","13,39719","52,55481"
8050,197353,11,3,3050924,Behaimstraße,2019,7,13,4,3,6,2,0,0,1,1,0,0,0,0,"801536,4047","5831445,505","13,44815","52,54938"
8051,197354,11,1,1022207,Hansaviertel,2019,7,13,4,3,0,3,0,0,1,0,0,0,0,0,"794479,002","5827387,3","13,34077","52,51687"
8052,197355,11,1,1022202,Heidestraße,2019,7,13,4,3,5,2,0,1,1,0,0,0,0,0,"795668,9129","5829732,336","13,36034","52,53724"
8053,197356,11,11,11020412,Hauptstraße,2019,7,12,4,3,3,6,0,0,1,0,0,1,0,0,"805522,379","5831606,095","13,5069","52,5486"
8054,197357,11,2,2050601,Hausburgviertel,2019,7,13,4,2,3,6,0,0,1,0,1,0,0,0,"801730,635","5828912,954","13,4487","52,52658"
8055,197358,11,10,10010310,Alt-Marzahn,2019,7,5,4,3,6,4,0,0,0,1,0,0,1,0,"809206,1174","5830597,75","13,56011","52,53749"
8056,197359,11,2,2040701,Andreasviertel,2019,7,20,4,3,5,2,0,0,1,0,1,0,0,0,"800425,6853","5827973,981","13,42868","52,51888"
8057,197360,11,9,9031101,Grünau,2019,7,19,3,3,6,4,0,1,0,1,0,0,0,0,"813473,2629","5816411,605","13,60949","52,40793"
8058,197361,11,1,1033202,Humboldthain Süd,2019,7,21,3,3,5,3,2,0,1,0,1,0,0,0,"797804,4315","5830038,942","13,39201","52,53883"
8059,197362,11,1,1033203,Humboldthain Nordwest,2019,7,20,3,3,0,7,0,0,1,0,0,0,0,0,"796401,9495","5830096,117","13,37144","52,54011"
8060,197363,11,7,7020203,Kaiser-Wilhelm-Platz,2019,7,19,3,3,2,7,0,1,0,0,0,0,1,0,"796206,5206","5824232,496","13,36335","52,48765"
8061,197364,11,9,9020502,Oberschöneweide Ost,2019,7,19,3,3,5,2,0,1,1,0,0,0,0,0,"807367,0132","5822350,367","13,52547","52,46461"
8062,197365,11,2,2020206,Graefekiez,2019,7,19,3,2,5,7,1,0,1,0,1,0,0,0,"799766,8115","5824819,202","13,41615","52,49097"
8063,197366,11,1,1011302,Oranienburger Straße,2019,7,19,3,2,1,5,0,1,1,0,0,0,0,0,"798617,6698","5828850,144","13,4029","52,52773"
8064,197367,11,1,1011302,Oranienburger Straße,2019,7,18,3,3,2,6,0,0,1,0,1,0,0,0,"798372,7401","5829037,422","13,39946","52,52954"
8065,197368,11,5,5020523,Maulbeerallee,2019,7,18,3,3,5,3,0,0,1,0,0,0,0,0,"782375,924","5827033,052","13,16259","52,52009"
8066,197369,11,8,8041037,Alt-Rudow,2019,7,18,3,3,0,3,0,0,1,0,1,0,0,0,"805354,681","5817314,53","13,49134","52,42061"
8067,197370,11,2,2040703,Wriezener Bahnhof/Entwicklungsgebiet,2019,7,17,3,3,6,4,0,0,1,1,0,0,0,0,"801427,4069","5826416,965","13,44198","52,50437"
8068,197371,11,2,2030302,Lausitzer Platz,2019,7,17,3,3,2,6,0,1,0,0,0,0,0,0,"801627,8052","5826057,583","13,4446","52,50104"
8069,197372,11,2,2050803,Stralauer Kiez,2019,7,16,3,3,5,3,0,1,1,0,0,0,0,0,"802218,9191","5826089,384","13,45331","52,501"
8070,197373,11,9,9020501,Oberschöneweide West,2019,7,16,3,3,5,7,0,0,1,0,0,0,1,0,"806509,9448","5822550,203","13,51308","52,46689"
8071,197374,11,3,3010102,Buch,2019,7,11,3,3,0,1,0,1,0,0,0,0,0,0,"804086,6477","5841238,982","13,49463","52,63574"
8072,197375,11,1,1011402,Arkonaplatz,2019,7,16,3,2,0,1,0,1,0,0,0,0,0,0,"798678,5389","5829460,684","13,40434","52,53317"
8073,197376,11,1,1011401,Invalidenstraße,2019,7,16,3,3,0,1,0,1,0,0,0,0,0,0,"798474,5082","5829096,249","13,40101","52,53001"
8074,197377,11,1,1011203,Unter den Linden Süd,2019,7,15,3,3,5,2,0,0,1,0,1,0,0,0,"797776,8136","5827345,155","13,38919","52,5147"
8075,197378,11,8,8010303,Donaustraße,2019,7,15,3,2,0,1,0,1,0,0,0,0,0,0,"800329,3289","5824358,696","13,424","52,48653"
8076,197379,11,2,2040701,Andreasviertel,2019,7,14,3,3,0,7,0,1,1,0,0,0,0,0,"801207,7451","5827481,316","13,43972","52,51403"
8077,197380,11,1,1044103,Westliche Müllerstraße,2019,7,13,3,3,2,6,0,0,0,0,1,0,1,0,"794554,3647","5830743,303","13,34485","52,54691"
8078,197381,11,6,6020302,Komponistenviertel Lankwitz,2019,7,13,3,3,5,7,0,0,1,0,1,0,0,0,"795142,4399","5818859,104","13,34297","52,44006"
8079,197382,11,9,9041301,Kietzer Feld/Nachtheide,2019,7,13,3,2,5,3,0,1,1,0,0,0,0,0,"811558,5299","5818886,184","13,58374","52,4312"
8080,197383,11,8,8010117,Schillerpromenade,2019,7,12,3,3,5,7,0,0,1,0,1,0,0,0,"800185,1982","5823612,589","13,42121","52,47992"
8081,197384,11,4,4030929,Hindemithplatz,2019,7,12,3,3,3,2,0,0,1,0,0,0,0,0,"792628,5074","5825441,235","13,31187","52,50042"
8082,197385,11,1,1011301,Charitéviertel,2019,7,12,3,3,1,5,0,1,1,0,0,0,0,0,"797240,287","5828237,236","13,3821","52,52299"
8083,197386,11,4,4051445,Eisenzahnstraße,2019,7,11,3,3,2,2,0,0,1,0,1,0,0,0,"792439,2963","5824109,262","13,30792","52,48858"
8084,197387,11,2,2030301,Oranienplatz,2019,7,11,3,3,6,4,0,0,1,1,0,0,0,0,"800282,3398","5826085,137","13,42487","52,50203"
8085,197388,11,4,4030929,Hindemithplatz,2019,7,11,3,3,2,6,0,0,1,0,1,0,0,0,"792378,8498","5825383,952","13,30815","52,50004"
8086,197389,11,3,3040614,Pankow Zentrum,2019,7,11,3,3,5,3,0,0,1,0,1,0,0,0,"798977,7695","5835029,233","13,41375","52,58292"
8087,197390,11,5,5010314,Carl-Schurz-Straße,2019,7,17,3,3,2,6,0,0,1,0,0,0,0,0,"785138,3518","5828966,141","13,20485","52,53599"
8088,197391,11,5,5020521,Döberitzer Weg,2019,7,10,3,3,2,6,0,0,1,0,0,0,0,0,"779617,7478","5827822,114","13,12271","52,52859"
8089,197392,11,7,7040401,Neu-Tempelhof,2019,7,10,3,3,2,2,0,0,1,0,1,0,0,0,"798741,9674","5823946,932","13,40032","52,48371"
8090,197393,11,2,2030402,Wrangelkiez,2019,7,10,3,3,0,1,0,1,0,0,0,0,0,0,"801416,9208","5825630,388","13,44112","52,49733"
8091,197394,11,1,1044203,Leopoldplatz,2019,7,9,3,3,2,6,0,0,1,0,0,0,0,0,"795375,1858","5831089,716","13,35723","52,54957"
8092,197395,11,11,11051229,Rummelsburg,2019,7,9,3,3,5,2,0,1,1,0,0,0,0,0,"804095,0153","5825995,295","13,48078","52,49911"
8093,197396,11,4,4030518,Tegeler Weg,2019,7,9,3,3,2,2,0,0,1,0,1,0,0,0,"791474,7366","5828282,774","13,29741","52,52651"
8094,197397,11,3,3061429,Greifswalder Straße,2019,7,9,3,3,1,5,0,1,1,0,0,0,0,0,"801620,921","5830165,634","13,44823","52,53787"
8095,197398,11,9,9051702,Bölschestraße,2019,7,7,3,3,5,7,0,1,0,0,0,0,1,0,"814207,5313","5821766,947","13,62528","52,4555"
8096,197399,11,3,3040512,Wilhelmsruh,2019,7,6,3,3,5,3,0,0,1,0,0,0,1,0,"796278,303","5835300,553","13,37427","52,58683"
8097,197400,11,11,11010205,Falkenberg West,2019,7,6,3,3,5,3,0,0,1,0,1,0,0,0,"806501,8618","5833022,41","13,5226","52,56075"
8098,197401,11,1,1011301,Charitéviertel,2019,7,6,3,3,5,2,0,0,1,0,1,0,0,0,"797556,1451","5828722,82","13,38718","52,52717"
8099,197402,11,4,4051446,Preußenpark,2019,7,3,3,3,5,3,2,1,1,0,0,0,0,0,"792847,2806","5824332,448","13,31411","52,49036"
8100,197403,11,1,1011303,Alexanderplatzviertel,2019,7,18,3,3,0,1,0,0,0,0,0,0,1,0,"798485,4558","5828032,274","13,40022","52,52047"
8101,197404,11,5,5020417,Staakener Straße,2019,7,13,3,3,1,5,0,1,1,0,0,0,0,0,"781733,6368","5828491,503","13,15438","52,5335"
8102,197405,11,1,1011301,Charitéviertel,2019,7,19,3,3,1,5,0,1,1,0,0,0,0,0,"797482,0528","5828817,64","13,38618","52,52806"
8103,197406,11,3,3061227,Humannplatz,2019,7,7,2,3,5,3,0,0,1,0,0,0,0,0,"799586,5108","5831413,305","13,41945","52,55017"
8104,197407,11,4,4010102,Plötzensee,2019,7,6,2,3,2,2,0,0,1,0,0,1,0,0,"791672,953","5830679,627","13,30242","52,54789"
8105,197408,11,7,7070701,Kettinger Straße/Schillerstraße,2019,7,1,2,3,0,1,2,0,1,0,0,0,0,0,"799160,2544","5816219,514","13,39954","52,41421"
8106,197409,11,1,1011303,Alexanderplatzviertel,2019,7,15,2,3,5,3,0,1,1,0,0,0,0,0,"799106,9793","5828466,091","13,40974","52,52402"
8107,197410,11,3,3040614,Pankow Zentrum,2019,7,15,2,3,2,7,0,0,0,0,1,1,0,0,"799980,5304","5835126,008","13,4286","52,58323"
8108,197411,11,4,4051448,Schaperstraße,2019,7,17,2,3,5,2,0,1,1,0,0,0,0,1,"793631,3299","5824864,161","13,32609","52,4947"
8109,197412,11,4,4031032,Halensee,2019,7,17,2,3,0,7,0,1,1,0,0,0,0,1,"791839,1431","5824921,469","13,29982","52,49618"
8110,197413,11,1,1033202,Humboldthain Süd,2019,7,13,2,3,5,2,0,1,1,0,0,0,0,0,"797763,2654","5829744,614","13,39114","52,53621"
8111,197414,11,1,1033202,Humboldthain Süd,2019,7,13,2,3,3,6,0,1,0,0,0,0,1,0,"797705,0865","5829652,281","13,3902","52,53542"
8112,197415,11,1,1044201,Reinickendorfer Straße,2019,7,16,2,3,2,7,0,0,1,0,0,0,0,0,"796369,3878","5831657,559","13,37236","52,55412"
8113,197416,11,1,1011201,Wilhelmstraße,2019,7,15,2,2,5,2,0,1,1,0,0,0,0,0,"797471,2321","5826798,786","13,38421","52,50997"
8114,197417,11,1,1033201,Brunnenstraße,2019,7,15,2,3,1,1,0,0,1,0,0,0,0,0,"797811,5894","5831131,418","13,39309","52,54862"
8115,197418,11,5,5020626,Adamstraße,2019,7,16,2,3,2,6,0,0,1,0,0,0,1,0,"784702,1072","5827686,122","13,19734","52,52474"
8116,197419,11,4,4020313,Königin-Elisabeth-Straße,2019,7,14,2,2,3,6,0,0,1,0,0,0,0,0,"790381,6894","5825984,707","13,27934","52,50649"
8117,197420,11,4,4030415,Schloßgarten,2019,7,17,2,2,0,1,0,0,0,0,1,0,0,1,"790732,0781","5827657,588","13,28594","52,5213"
8118,197421,11,5,5010103,Amorbacher Weg,2019,7,21,2,3,9,1,1,0,1,0,0,0,0,1,"784926,624","5831138,701","13,2036","52,55558"
8119,197422,11,8,8010211,Flughafenstraße,2019,7,20,2,3,2,7,1,0,1,0,1,0,0,0,"800717,3842","5823850,426","13,42924","52,48176"
8120,197423,11,12,12214424,Scharnweberstraße,2019,7,19,2,3,2,6,0,0,1,0,0,0,0,0,"793509,8551","5832413,303","13,33097","52,56244"
8121,197424,11,1,1044203,Leopoldplatz,2019,7,19,2,3,1,5,0,1,1,0,0,0,1,0,"795112,1716","5831237,511","13,35349","52,55104"
8122,197425,11,2,2010103,Moritzplatz,2019,7,13,2,3,5,3,0,0,1,0,0,0,0,0,"799022,9659","5826071,454","13,40636","52,5026"
8123,197426,11,4,4030726,Droysenstraße,2019,7,13,2,3,5,2,0,0,1,0,1,0,0,0,"792312,4101","5825381,533","13,30717","52,50005"
8124,197427,11,1,1022106,Elberfelder Straße,2019,7,12,2,3,5,3,0,1,0,0,0,0,0,0,"793831,3744","5828141,03","13,33192","52,52397"
8125,197428,11,9,9051901,Dammvorstadt,2019,7,12,2,3,5,3,0,0,1,0,0,0,0,0,"811065,6118","5821224,398","13,57869","52,45243"
8126,197429,11,11,11041022,Rosenfelder Ring,2019,7,11,2,3,0,7,0,0,0,0,0,1,0,0,"806591,6061","5827752,818","13,51906","52,51347"
8127,197430,11,6,6020306,Lankwitz Süd,2019,7,11,2,3,5,3,0,0,1,0,0,0,1,0,"796875,8598","5817496,01","13,36719","52,4269"
8128,197431,11,9,9020501,Oberschöneweide West,2019,7,11,2,3,5,3,0,1,1,0,0,0,0,0,"806409,5666","5822969,801","13,51199","52,4707"
8129,197432,11,2,2010102,Mehringplatz,2019,7,9,2,3,2,6,0,1,0,0,0,0,0,0,"798346,1963","5825563,927","13,39596","52,49842"
8130,197433,11,11,11051332,Karlshorst Süd,2019,7,9,2,3,2,6,0,0,1,0,0,0,0,0,"807217,6113","5824022,971","13,52482","52,47969"
8131,197434,11,3,3040614,Pankow Zentrum,2019,7,8,2,3,5,3,0,1,1,0,0,0,0,0,"798684,5131","5833804,311","13,40833","52,5721"
8132,197435,11,1,1011301,Charitéviertel,2019,7,6,2,3,6,4,0,1,0,1,0,0,0,0,"797087,5049","5828852,287","13,38041","52,52858"
8133,197436,11,5,5010101,Hakenfelde Nord,2019,7,10,2,3,5,2,0,1,1,0,0,0,0,0,"785202,6906","5831163,583","13,20768","52,55565"