,id,city,district,lor,street,year,month,hour,weekday,category,collision,movement,light_conditions,bicycle,car,pedestrian,motorbike,truck,other_vehicle,road_conditions,LINREFX,LINREFY,XGCSWGS84,YGCSWGS84
8487,197790,11,2,2040502,Friedenstraße,2019,7,17,7,3,0,3,0,1,1,0,0,0,0,0,"800938,9236","5828520,101","13,43671","52,52349"
8488,197791,11,8,8010404,Rixdorf,2019,7,23,7,3,0,7,2,1,0,0,0,0,1,0,"801808,5509","5823647,437","13,44507","52,47934"
8489,197792,11,6,6030503,Zehlendorf Mitte,2019,7,18,7,3,5,3,0,1,1,0,0,0,0,0,"789259,0559","5818045,547","13,25596","52,43591"
8490,197793,11,8,8010301,Reuterkiez,2019,7,18,7,3,0,6,0,0,1,0,1,0,0,0,"800802,9232","5825036,241","13,43156","52,49234"
8491,197794,11,1,1022103,Westhafen,2019,7,17,7,3,2,6,0,0,1,0,0,0,0,0,"793878,2203","5830057,55","13,3343","52,54113"
8492,197795,11,4,4051448,Schaperstraße,2019,7,16,7,3,2,6,0,0,1,0,0,0,0,0,"794310,327","5825265,978","13,33642","52,49794"
8493,197796,11,4,4030725,Amtsgerichtsplatz,2019,7,16,7,3,5,2,0,0,1,0,0,0,0,0,"791910,6703","5826241,686","13,30202","52,50798"
8494,197797,11,1,1033101,Soldiner Straße,2019,7,16,7,3,5,2,0,1,1,0,0,0,0,0,"797380,5277","5832454,199","13,38794","52,56071"
8495,197798,11,6,6040806,Fischtal,2019,7,15,7,2,6,4,0,0,1,1,0,0,0,0,"788813,4905","5819565,809","13,25073","52,44977"
8496,197799,11,8,8010301,Reuterkiez,2019,7,23,7,3,0,6,2,0,0,0,1,0,0,0,"800693,6109","5824376,777","13,42936","52,48649"
8497,197800,11,1,1022207,Hansaviertel,2019,8,7,4,3,6,4,0,0,1,1,0,0,0,0,"794722,14","5827403,2","13,34436","52,51688"
8498,197801,11,5,5020524,Weinmeisterhornweg,2019,8,6,4,3,5,2,0,0,1,0,0,0,0,0,"783902,0376","5826598,354","13,18465","52,5154"
8499,197802,11,9,9051702,Bölschestraße,2019,8,7,4,2,6,7,0,0,0,1,0,0,1,0,"814090,9362","5820779,314","13,62264","52,44671"
8500,197803,11,5,5010101,Hakenfelde Nord,2019,8,7,4,3,0,1,0,1,0,0,0,0,0,0,"785752,9864","5833148,226","13,21749","52,57316"
8501,197804,11,3,3061126,Arnimplatz,2019,8,18,3,3,0,5,0,1,1,0,0,0,0,0,"798990,5256","5831447,339","13,41071","52,5508"
8502,197805,11,1,1022206,Lüneburger Straße,2019,8,17,3,2,6,7,0,0,0,1,0,0,1,0,"795778,1337","5828197,658","13,36058","52,52343"
8503,197806,11,1,1011202,Unter den Linden Nord,2019,8,13,3,3,6,4,0,1,0,1,0,0,0,0,"798503,6639","5827866,87","13,40034","52,51898"
8504,197807,11,3,3071536,Teutoburger Platz,2019,8,18,3,3,1,5,0,1,1,0,0,0,1,0,"799076,3458","5830209,542","13,41086","52,53966"
8505,197808,11,9,9020502,Oberschöneweide Ost,2019,8,16,3,2,6,4,0,0,0,1,1,0,0,0,"808003,4203","5821567,833","13,53409","52,45724"
8506,197809,11,3,3061429,Greifswalder Straße,2019,8,16,3,3,5,2,0,1,1,0,0,0,0,0,"801324,399","5831012,737","13,44464","52,54562"
8507,197810,11,1,1022101,Huttenkiez,2019,8,15,3,3,2,6,0,0,1,0,0,0,0,0,"793620,3421","5828131,124","13,32881","52,524"
8508,197811,11,8,8010406,Treptower Straße Nord,2019,8,18,3,3,1,5,1,1,1,0,0,0,0,0,"801886,179","5824407,018","13,4469","52,4861"
8509,197812,11,7,7040403,Manteuffelstraße,2019,8,18,3,3,6,2,0,0,1,1,0,0,0,0,"797839,4215","5822204,983","13,38552","52,46859"
8510,197813,11,7,7010102,Nollendorfplatz,2019,8,18,3,3,6,4,0,0,1,1,0,0,0,0,"794949,8822","5825395,214","13,34593","52,49875"
8511,197814,11,10,10040933,Mahlsdorf Süd,2019,8,18,3,3,1,5,0,1,1,0,0,0,0,0,"812119,7102","5825410,824","13,59807","52,48935"
8512,197815,11,3,3071633,Thälmannpark,2019,8,17,3,3,3,6,0,1,0,0,0,0,0,0,"800030,146","5830416,315","13,42507","52,54099"
8513,197816,11,8,8010214,Glasower Straße,2019,8,17,3,3,5,2,0,1,1,0,0,0,0,0,"801751,4353","5822053,178","13,44279","52,46508"
8514,197817,11,2,2050801,Traveplatz,2019,8,17,3,3,5,2,0,1,1,0,0,0,0,0,"802742,3509","5827484,842","13,46227","52,51322"
8515,197818,11,7,7030301,Friedenau,2019,8,17,3,3,2,2,0,1,1,0,0,0,0,0,"793962,185","5822011,868","13,32843","52,46896"
8516,197819,11,7,7040403,Manteuffelstraße,2019,8,17,3,2,0,1,0,0,0,0,0,0,1,0,"797637,6352","5821170,737","13,38163","52,45943"
8517,197820,11,1,1011303,Alexanderplatzviertel,2019,8,8,3,3,0,6,0,1,0,0,0,0,0,0,"799178,2548","5828665,568","13,41097","52,52577"
8518,197821,11,2,2050803,Stralauer Kiez,2019,8,12,3,3,0,7,0,0,0,0,1,0,0,0,"802060,8305","5826223,753","13,45111","52,50229"
8519,197822,11,1,1011204,Leipziger Straße,2019,8,16,3,3,5,3,0,1,1,0,1,0,0,0,"798578,17","5826868,996","13,40054","52,50999"
8520,197823,11,7,7040403,Manteuffelstraße,2019,8,15,3,3,5,2,0,0,1,0,1,0,0,0,"797348,8816","5821927,388","13,37807","52,46637"
8521,197824,11,9,9010202,Köpenicker Landstraße,2019,8,15,3,3,2,1,0,0,1,0,0,0,0,0,"804136,8475","5822925,76","13,47859","52,47158"
8522,197825,11,4,4030725,Amtsgerichtsplatz,2019,8,14,3,3,5,3,0,0,1,0,1,0,0,0,"791289,8649","5826076,601","13,29276","52,50683"
8523,197826,11,12,12214125,Waldidyll/Flughafensee,2019,8,14,3,3,2,6,0,0,1,0,0,0,0,0,"788035,6558","5830933,77","13,24915","52,5521"
8524,197827,11,5,5020628,Graetschelsteig,2019,8,13,3,3,2,6,0,0,1,0,0,0,0,0,"784742,3057","5826399,867","13,19683","52,51318"
8525,197828,11,4,4051653,Prager Platz,2019,8,13,3,3,5,2,0,1,0,0,0,1,0,0,"793970,2454","5824451,222","13,3307","52,49082"
8526,197829,11,3,3050925,Komponistenviertel Weißensee,2019,8,16,3,3,3,6,0,1,1,0,0,0,0,0,"802435,844","5831508,359","13,46143","52,54945"
8527,197830,11,4,4051655,Babelsberger Straße,2019,8,15,3,2,5,2,0,0,1,0,0,0,0,0,"793999,777","5824056,737","13,33079","52,48727"
8528,197831,11,9,9052001,Köpenick Nord,2019,8,12,3,3,5,7,0,0,1,0,0,0,1,0,"811154,3715","5822083,013","13,58079","52,46007"
8529,197832,11,8,8020727,Buckow Mitte,2019,8,15,3,3,1,5,0,0,1,0,0,0,0,0,"800387,6822","5816784,153","13,41804","52,4186"
8530,197833,11,9,9051702,Bölschestraße,2019,8,12,3,3,1,5,0,1,0,0,0,0,1,0,"814205,0237","5821576,376","13,62507","52,45379"
8531,197834,11,1,1011304,Karl-Marx-Allee,2019,8,11,3,3,3,7,0,1,1,0,0,0,0,0,"799728,6442","5827524,534","13,41803","52,51524"
8532,197835,11,1,1011103,Lützowstraße,2019,8,8,3,3,2,6,0,1,1,0,0,0,0,0,"796089,5964","5825998,886","13,3632","52,50355"
8533,197836,11,5,5020626,Adamstraße,2019,8,8,3,3,5,7,0,0,1,0,1,0,0,0,"783420,0777","5827703,379","13,17851","52,52556"
8534,197837,11,10,10010310,Alt-Marzahn,2019,8,11,3,3,2,6,0,0,1,0,0,1,0,0,"808464,1155","5831133,874","13,5497","52,54271"
8535,197838,11,3,3061126,Arnimplatz,2019,8,6,3,2,0,7,0,1,0,0,0,0,0,0,"798179,4691","5831829,763","13,39913","52,55468"
8536,197839,11,5,5020524,Weinmeisterhornweg,2019,8,10,3,3,0,2,0,1,1,0,0,0,0,0,"783049,1199","5826060,425","13,17166","52,51102"
8537,197840,11,1,1044101,Rehberge,2019,8,6,3,3,5,2,0,1,1,0,0,0,0,0,"794020,8898","5830176,827","13,33651","52,54212"
8538,197841,11,8,8010404,Rixdorf,2019,8,1,3,3,6,7,2,0,0,1,0,0,1,0,"801652,8494","5823740,411","13,44287","52,48026"
8539,197842,11,9,9010302,Späthsfelde,2019,8,9,3,3,5,3,0,1,1,0,0,0,0,0,"804361,0633","5819757,855","13,479","52,44306"
8540,197843,11,10,10020413,Gut Hellersdorf,2019,8,9,3,3,0,7,0,0,1,0,1,0,0,1,"810838,046","5831023,101","13,58449","52,54037"
8541,197844,11,8,8010404,Rixdorf,2019,8,9,3,3,5,2,0,1,1,0,0,0,0,0,"801515,4081","5823855,424","13,44096","52,48136"
8542,197845,11,2,2040502,Friedenstraße,2019,8,8,3,3,5,3,0,0,1,0,1,0,0,0,"800418,8943","5828048,477","13,42864","52,51955"
8543,197846,11,5,5020523,Maulbeerallee,2019,8,20,2,3,2,2,0,1,0,0,0,0,0,0,"782821,3343","5827119,085","13,16921","52,52063"
8544,197847,11,7,7030301,Friedenau,2019,8,12,2,3,2,7,0,1,1,0,0,0,0,0,"794142,0076","5821828,56","13,33091","52,46722"
8545,197848,11,4,4020310,Park Ruhwald,2019,8,15,2,3,2,6,2,0,1,0,0,0,0,0,"790138,3992","5827315,795","13,27692","52,51855"
8546,197849,11,8,8030829,Gropiusstadt Nord,2019,8,20,2,3,5,2,0,1,0,0,0,1,0,0,"803150,1434","5818453,026","13,46005","52,43204"
8547,197850,11,11,11030618,Fennpfuhl West,2019,8,19,2,3,6,4,0,1,0,1,0,0,0,0,"803090,1344","5829555,484","13,46927","52,53158"
8548,197851,11,10,10020416,Böhlener Straße,2019,8,18,2,3,5,2,0,1,1,0,0,0,0,0,"813242,0154","5831082,86","13,61988","52,53953"
8549,197852,11,7,7050505,Hundsteinweg,2019,8,18,2,2,5,5,0,0,1,0,0,0,0,0,"799660,4191","5819025,7","13,40939","52,43909"
8550,197853,11,1,1011401,Invalidenstraße,2019,8,20,2,2,1,5,1,1,0,0,0,0,1,0,"797888,4508","5829287,764","13,39257","52,53205"
8551,197854,11,11,11020514,Große-Leege-Straße,2019,8,15,2,3,0,2,0,0,1,0,1,0,0,0,"804196,7879","5830673,15","13,48655","52,54098"
8552,197855,11,5,5020627,Tiefwerder,2019,8,18,2,3,5,2,0,1,1,0,0,0,0,0,"785941,5643","5827986,124","13,21582","52,52678"
8553,197856,11,1,1011204,Leipziger Straße,2019,8,17,2,3,5,2,0,0,1,0,1,0,0,0,"798619,0623","5826919,345","13,40118","52,51042"
8554,197857,11,7,7010104,Dennewitzplatz,2019,8,13,2,3,6,7,0,1,0,1,0,0,0,0,"796138,2204","5824930,94","13,36297","52,49395"
8555,197858,11,2,2010101,Askanischer Platz,2019,8,13,2,3,2,6,0,1,0,0,0,0,0,0,"797860,0672","5825617,782","13,38887","52,49917"
8556,197859,11,4,4041137,Flinsberger Platz,2019,8,13,2,3,5,3,0,0,1,0,0,0,0,0,"791265,9289","5823330,345","13,29001","52,48222"
8557,197860,11,2,2020203,Viktoriapark,2019,8,17,2,3,0,2,0,0,1,0,1,0,0,0,"796946,3943","5824394,82","13,37436","52,4887"
8558,197861,11,5,5020521,Döberitzer Weg,2019,8,16,2,3,0,2,0,1,1,0,0,0,0,0,"779764,0754","5827777,819","13,12482","52,52812"
8559,197862,11,11,11051229,Rummelsburg,2019,8,16,2,2,0,7,0,1,0,0,0,0,0,0,"804813,1794","5825374,69","13,49076","52,49315"
8560,197863,11,12,12301205,Waidmannslust,2019,8,16,2,3,5,3,0,1,1,0,0,0,0,0,"791868,0067","5836954,407","13,31082","52,60404"
8561,197864,11,5,5020523,Maulbeerallee,2019,8,16,2,3,0,4,0,0,0,1,0,0,1,0,"783257,7747","5827579,934","13,17602","52,52454"
8562,197865,11,5,5010314,Carl-Schurz-Straße,2019,8,15,2,3,2,2,0,0,1,0,0,0,1,0,"784100,7328","5829006,197","13,18963","52,53689"
8563,197866,11,10,10010102,Havemannstraße,2019,8,15,2,2,5,3,0,0,1,0,1,0,0,0,"809134,105","5833829,102","13,56206","52,56649"
8564,197867,11,12,12214421,Reinickes Hof,2019,8,15,2,3,6,2,0,0,1,1,0,0,0,0,"793384,0558","5833148,659","13,32977","52,5691"
8565,197868,11,11,11030721,Rüdigerstraße,2019,8,14,2,3,0,2,0,1,0,0,0,0,1,0,"803705,0328","5828330,214","13,47718","52,52026"
8566,197869,11,1,1011301,Charitéviertel,2019,8,14,2,3,3,5,0,1,1,0,0,0,0,0,"797306,4507","5829022,234","13,38378","52,52999"
8567,197870,11,6,6030609,Augustaplatz,2019,8,15,2,3,5,3,0,0,1,0,0,0,0,0,"793290,113","5818935,465","13,31587","52,44174"
8568,197871,11,4,4051551,Brabanter Platz,2019,8,10,2,3,5,3,0,1,1,0,0,0,0,0,"792863,3672","5823178,646","13,31333","52,48001"
8569,197872,11,12,12214424,Scharnweberstraße,2019,8,10,2,3,5,2,0,1,1,0,0,0,0,0,"793055,1391","5832658,344","13,3245","52,56489"
8570,197873,11,3,3020307,Buchholz,2019,8,9,2,3,6,3,0,0,1,1,0,0,0,0,"800087,0474","5837531,421","13,43234","52,60473"
8571,197874,11,11,11041023,Gensinger Straße,2019,8,12,2,2,5,3,0,1,1,0,0,0,0,0,"807525,5288","5827503,379","13,53255","52,51071"
8572,197875,11,2,2030302,Lausitzer Platz,2019,8,12,2,3,0,1,0,1,0,0,0,0,0,0,"800646,4438","5826254,01","13,43037","52,50334"
8573,197876,11,9,9041601,Müggelheim,2019,8,10,2,3,5,5,0,0,1,0,0,0,0,0,"819645,0591","5816369,295","13,69988","52,40398"
8574,197877,11,1,3071537,Kollwitzplatz,2019,8,8,2,3,2,6,0,0,1,0,1,0,0,0,"799500,4357","5828868,571","13,41589","52,52741"
8575,197878,11,7,7010102,Nollendorfplatz,2019,8,8,2,3,5,3,0,1,1,0,0,0,0,0,"795423,7898","5825487,401","13,35297","52,49932"
8576,197879,11,7,7020203,Kaiser-Wilhelm-Platz,2019,8,8,2,3,3,6,0,1,1,0,0,0,0,0,"795874,135","5824078,934","13,35833","52,48645"
8577,197880,11,1,1033202,Humboldthain Süd,2019,8,7,2,3,5,3,0,0,1,0,0,0,0,0,"797763,6967","5829744,291","13,39115","52,53621"
8578,197881,11,4,4051446,Preußenpark,2019,8,14,1,3,0,6,0,0,1,0,1,0,0,0,"792381,961","5825033,942","13,30789","52,4969"
8579,197882,11,8,8020623,Ortolanweg,2019,8,10,1,3,0,6,0,1,1,0,0,0,0,0,"804144,7695","5819483,094","13,47557","52,44072"
8580,197883,11,8,8010117,Schillerpromenade,2019,8,22,1,3,5,2,2,1,1,0,0,0,0,0,"800111,2893","5822904,316","13,41949","52,47361"
8581,197884,11,8,8010303,Donaustraße,2019,8,21,1,3,0,1,2,0,0,0,1,0,0,0,"800339,6602","5824354,172","13,42415","52,48648"
8582,197885,11,2,2020203,Viktoriapark,2019,8,14,1,3,5,3,0,1,1,0,0,0,0,0,"797275,9293","5824816,059","13,37957","52,4923"
8583,197886,11,12,12214423,Mellerbogen,2019,8,14,1,3,1,5,0,0,1,0,0,0,0,0,"792858,3941","5833870,252","13,32267","52,57586"
8584,197887,11,6,6040808,Hüttenweg,2019,8,13,1,3,0,1,0,1,0,0,0,0,0,0,"789584,8989","5819810,161","13,26227","52,45156"
8585,197888,11,4,4020311,Reichsstraße,2019,8,13,1,3,5,3,0,0,1,0,1,0,0,0,"788996,0302","5826983,544","13,25984","52,51618"
8586,197889,11,6,6020410,Oberhofer Platz,2019,8,13,1,3,2,6,0,0,1,0,1,0,0,0,"794085,5806","5817433,194","13,32621","52,42784"
8587,197890,11,8,8010117,Schillerpromenade,2019,8,13,1,3,5,2,0,0,1,0,0,0,0,0,"800176,1067","5823648,15","13,42111","52,48024"
8588,197891,11,3,3061228,Erich-Weinert-Straße,2019,8,12,1,3,0,1,0,1,0,0,0,0,0,0,"800929,0775","5831159,84","13,43896","52,54716"
8589,197892,11,2,2030302,Lausitzer Platz,2019,8,12,1,3,5,3,0,0,1,0,0,0,0,0,"800796,8265","5826165,377","13,4325","52,50247"
8590,197893,11,4,4041134,Bismarckallee,2019,8,12,1,3,2,6,0,0,1,0,1,0,0,0,"790792,7268","5824821,024","13,28436","52,49584"
8591,197894,11,1,1044201,Reinickendorfer Straße,2019,8,12,1,3,2,6,0,0,1,0,0,0,0,0,"796963,9598","5831502,18","13,38096","52,5524"
8592,197895,11,9,9051702,Bölschestraße,2019,8,20,1,3,2,5,0,0,1,0,0,0,0,0,"814326,4736","5820802,051","13,62612","52,44678"
8593,197896,11,11,11040926,Weitlingstraße,2019,8,20,1,2,5,2,1,1,1,0,0,0,0,0,"804474,4056","5826396,77","13,48672","52,5025"
8594,197897,11,1,1022106,Elberfelder Straße,2019,8,19,1,3,5,2,0,1,1,0,0,0,0,0,"793992,5718","5827833,022","13,33402","52,52112"
8595,197898,11,9,9020802,Köllnische Vorstadt,2019,8,18,1,3,5,2,0,1,1,0,0,0,0,0,"810216,1875","5819629,706","13,56475","52,43862"
8596,197899,11,8,8010303,Donaustraße,2019,8,18,1,3,5,3,0,0,1,0,1,0,0,0,"800678,7454","5824253,229","13,42903","52,48539"
8597,197900,11,10,10040932,Alt-Mahlsdorf,2019,8,17,1,3,5,3,0,0,1,0,0,0,0,0,"812999,9339","5827621,262","13,61307","52,50865"
8598,197901,11,12,12231102,Frohnau,2019,8,17,1,3,5,3,0,0,1,0,1,0,0,0,"789648,9775","5839735,083","13,28058","52,63015"
8599,197902,11,5,5010207,Darbystraße,2019,8,15,1,2,5,2,0,0,1,0,0,0,0,0,"783691,3294","5830169,932","13,1846","52,54753"
8600,197903,11,12,12302110,Dannenwalder Weg,2019,8,15,1,3,2,6,0,0,1,0,0,0,1,0,"794595,6775","5836263,882","13,35036","52,59637"
8601,197904,11,6,6030503,Zehlendorf Mitte,2019,8,15,1,3,0,7,0,1,0,0,0,0,0,0,"789964,618","5817497,545","13,26583","52,43062"
8602,197905,11,8,8020727,Buckow Mitte,2019,8,14,1,3,0,7,0,0,1,0,1,0,0,0,"801507,9577","5817670,541","13,43527","52,42593"
8603,197906,11,1,1044202,Sparrplatz,2019,8,10,1,3,1,5,0,1,1,0,0,0,0,0,"795156,3639","5830167,974","13,35319","52,54143"
8604,197907,11,9,9020702,Adlershof Ost,2019,8,8,1,3,5,3,0,0,1,0,0,0,1,0,"809444,0207","5820586,841","13,55431","52,44764"
8605,197908,11,5,5010206,Gütersloher Weg,2019,8,7,4,3,5,2,0,0,1,0,1,0,0,0,"781255,4552","5830769,401","13,14928","52,55417"
8606,197909,11,5,5010314,Carl-Schurz-Straße,2019,8,8,1,3,6,2,0,0,1,1,0,0,0,0,"784801,8103","5828811,508","13,19977","52,53478"
8607,197910,11,3,3020209,Niederschönhausen,2019,8,1,1,3,1,5,2,1,1,0,0,0,0,0,"798124,5781","5836519,194","13,40254","52,59674"
8608,197911,11,3,3030716,Märchenland,2019,8,17,7,1,0,7,0,0,0,0,0,0,1,0,"802912,7804","5833425,813","13,47019","52,56637"
8609,197912,11,3,3061131,Falkplatz,2019,8,12,7,3,0,4,0,1,0,1,0,0,0,0,"798953,688","5831063,113","13,40983","52,54738"
8610,197913,11,3,3040614,Pankow Zentrum,2019,8,13,7,3,5,2,0,1,1,0,0,0,0,0,"797777,0326","5832954,963","13,39422","52,56498"
8611,197914,11,4,4030623,Ernst-Reuter-Platz,2019,8,13,7,3,5,3,0,0,1,0,1,0,0,0,"793817,307","5826074,512","13,32989","52,50545"
8612,197915,11,11,11020412,Hauptstraße,2019,8,12,7,3,2,6,0,0,1,0,0,0,0,0,"805592,4681","5831602,965","13,50792","52,54854"
8613,197916,11,3,3030406,Alt-Karow,2019,8,12,7,3,5,3,0,0,1,0,0,0,0,0,"802955,7318","5838465,458","13,47543","52,61151"
8614,197917,11,9,9020501,Oberschöneweide West,2019,8,12,7,3,5,3,0,0,1,0,0,0,0,0,"806607,5516","5822051,841","13,51405","52,46237"
8615,197918,11,4,4041241,Breite Straße,2019,8,11,7,3,5,3,0,1,1,0,0,0,0,0,"792154,2991","5821844,666","13,30175","52,46843"
8616,197919,11,5,5010101,Hakenfelde Nord,2019,8,11,7,2,5,2,0,1,1,0,0,0,0,0,"785222,4213","5831822,497","13,20854","52,56155"
8617,197920,11,6,6020410,Oberhofer Platz,2019,8,11,7,3,2,2,0,0,1,0,0,0,0,0,"794207,7702","5817194,552","13,3278","52,42564"
8618,197921,11,9,9031001,Bohnsdorf,2019,8,11,7,2,5,3,0,0,1,0,0,0,0,0,"811120,4039","5814751,152","13,57347","52,39439"
8619,197922,11,5,5020419,Magistratsweg,2019,8,11,7,3,5,3,0,1,1,0,0,0,0,0,"781829,3196","5828449,786","13,15575","52,53308"
8620,197923,11,9,9010302,Späthsfelde,2019,8,9,7,3,2,2,0,0,1,0,0,0,0,0,"804949,5365","5820715,138","13,4885","52,45131"
8621,197924,11,1,1011203,Unter den Linden Süd,2019,8,9,7,3,5,3,0,0,1,0,0,0,0,0,"797759,4375","5827447,8","13,38903","52,51563"
8622,197925,11,12,12302212,Rollbergesiedlung,2019,8,0,7,3,4,6,2,0,1,0,0,0,0,1,"793079,8008","5837628,807","13,32926","52,60943"
8623,197926,11,5,5030832,Rohrdamm,2019,8,19,7,3,2,6,0,0,1,0,0,0,0,0,"788729,1278","5830509,299","13,25898","52,54793"
8624,197927,11,4,4051655,Babelsberger Straße,2019,8,18,7,3,2,6,0,0,1,0,0,0,0,0,"793882,77","5823110,87","13,32824","52,47885"
8625,197928,11,3,3071633,Thälmannpark,2019,8,17,7,3,2,2,0,0,1,0,0,0,0,0,"800111,8259","5830641,833","13,42647","52,54297"
8626,197929,11,4,4051445,Eisenzahnstraße,2019,8,17,7,3,0,1,0,0,0,0,1,0,0,0,"792037,9456","5824074,031","13,30199","52,48848"
8627,197930,11,1,1044102,Schillerpark,2019,8,16,7,3,4,6,0,0,1,0,0,0,0,0,"795540,5251","5831979,311","13,36045","52,55746"
8628,197931,11,9,9020502,Oberschöneweide Ost,2019,8,16,7,3,5,3,0,1,1,0,0,0,0,0,"807907,5725","5821556,476","13,53267","52,4572"
8629,197932,11,4,4010102,Plötzensee,2019,8,15,7,3,5,2,0,0,1,0,0,0,0,0,"793341,1861","5829717,405","13,32611","52,53837"
8630,197933,11,2,2010103,Moritzplatz,2019,8,23,7,3,5,3,2,0,1,0,0,0,0,0,"798770,6384","5825999,081","13,40258","52,50209"
8631,197934,11,7,7070706,Horstwalder Straße/Paplitzer Straße,2019,8,20,7,3,5,3,0,0,1,0,0,0,0,0,"800037,5347","5812702,574","13,40925","52,38221"
8632,197935,11,3,3061131,Falkplatz,2019,8,3,7,3,0,1,2,0,0,0,1,0,0,0,"798883,2974","5830388,117","13,40818","52,54137"
8633,197936,11,1,1011301,Charitéviertel,2019,8,17,6,3,5,2,0,1,1,0,0,0,0,0,"797258,0406","5829087,652","13,38313","52,5306"
8634,197937,11,2,2010101,Askanischer Platz,2019,8,16,6,3,0,4,0,1,0,1,0,0,0,0,"797148,417","5826436,852","13,37915","52,5069"
8635,197938,11,2,2020205,Chamissokiez,2019,8,19,6,3,1,7,0,0,1,0,0,0,0,0,"798714,5201","5824519,354","13,40043","52,48886"
8636,197939,11,4,4030931,Breitscheidplatz,2019,8,21,6,3,3,6,2,1,1,0,0,0,0,0,"793929,439","5826192,219","13,33164","52,50645"
8637,197940,11,12,12214424,Scharnweberstraße,2019,8,17,6,3,2,6,0,1,1,0,0,0,0,0,"793248,5048","5832592,229","13,32728","52,56419"
8638,197941,11,8,8010211,Flughafenstraße,2019,8,22,6,3,1,5,2,1,1,0,0,0,0,0,"800659,7376","5823785,19","13,42833","52,48121"
8639,197942,11,2,2010102,Mehringplatz,2019,8,17,6,3,1,5,0,1,1,0,0,0,0,0,"798298,3349","5826175,969","13,39581","52,50393"
8640,197943,11,2,2010103,Moritzplatz,2019,8,20,6,3,5,3,0,0,1,0,1,0,0,0,"799338,6006","5826194,199","13,4111","52,50353"
8641,197944,11,8,8010211,Flughafenstraße,2019,8,17,6,3,3,6,0,1,1,0,0,0,0,0,"800356,1158","5824304,261","13,42434","52,48603"
8642,197945,11,9,9031001,Bohnsdorf,2019,8,19,6,3,5,3,0,1,0,0,0,0,1,0,"810688,4516","5815694,378","13,56802","52,40309"
8643,197946,11,3,3061227,Humannplatz,2019,8,18,6,3,5,7,0,0,1,0,0,0,0,0,"799499,8532","5831775,949","13,4185","52,55347"
8644,197947,11,6,6020409,Königsberger Straße,2019,8,21,6,3,1,7,2,0,1,0,0,0,0,0,"793387,491","5817067,489","13,31566","52,42494"
8645,197948,11,4,4041238,Kissinger Straße,2019,8,17,6,2,1,5,0,1,1,0,0,0,0,0,"791820,3397","5823513,589","13,29831","52,48357"
8646,197949,11,4,4030726,Droysenstraße,2019,8,19,6,2,0,1,0,0,0,0,1,0,0,0,"791603,6581","5825598,116","13,29695","52,50237"
8647,197950,11,8,8010211,Flughafenstraße,2019,8,18,6,3,0,7,0,0,1,0,1,0,0,0,"800419,9731","5823845,149","13,42487","52,48188"
8648,197951,11,7,7050503,Eisenacher Straße,2019,8,8,6,3,0,7,0,0,0,1,0,0,1,0,"799198,7516","5819999,343","13,40349","52,44807"
8649,197952,11,9,9020502,Oberschöneweide Ost,2019,8,8,6,3,0,2,0,1,1,0,0,0,0,0,"807336,6604","5822153,079","13,52484","52,46286"
8650,197953,11,12,12214125,Waldidyll/Flughafensee,2019,8,8,6,3,5,2,0,1,1,0,0,0,0,0,"791341,9922","5834083,529","13,30055","52,57858"
8651,197954,11,7,7010102,Nollendorfplatz,2019,8,8,6,3,2,2,0,1,1,0,0,0,0,0,"795537,2264","5825528,545","13,35467","52,49963"
8652,197955,11,12,12214527,Alt-Tegel,2019,8,8,6,3,3,6,0,0,1,0,0,1,0,0,"790300,6052","5835003,475","13,28603","52,58739"
8653,197956,11,4,4010102,Plötzensee,2019,8,7,6,3,0,7,0,0,1,0,1,0,0,0,"792484,7691","5830073,71","13,31383","52,54202"
8654,197957,11,12,12231102,Frohnau,2019,8,7,6,3,4,6,0,1,0,0,0,0,0,0,"789715,4631","5843084,892","13,2845","52,66015"
8655,197958,11,4,4061757,Forst Grunewald,2019,8,13,6,3,5,2,0,0,1,0,1,0,0,0,"785088,2086","5822378,284","13,19847","52,47695"
8656,197959,11,1,1011401,Invalidenstraße,2019,8,16,6,3,1,1,0,1,1,0,0,0,0,0,"797842,3148","5829276,802","13,39188","52,53198"
8657,197960,11,9,9010202,Köpenicker Landstraße,2019,8,13,6,3,6,4,0,1,0,1,0,0,0,0,"804497,4794","5823751,3","13,48464","52,47878"
8658,197961,11,11,11020412,Hauptstraße,2019,8,16,6,2,5,3,0,1,1,0,0,0,0,0,"805822,5923","5831859,4","13,51154","52,5507"
8659,197962,11,1,1011301,Charitéviertel,2019,8,13,6,3,1,5,0,1,1,0,0,0,0,0,"796855,8998","5828954,382","13,3771","52,52962"
8660,197963,11,7,7020204,Schöneberger Insel,2019,8,13,6,3,2,6,0,0,1,0,0,0,0,0,"796270,8572","5823270,606","13,36344","52,47899"
8661,197964,11,3,3040513,Schönholz,2019,8,13,6,3,5,3,0,0,1,0,1,0,0,0,"797961,1937","5833667,029","13,39757","52,57126"
8662,197965,11,9,9051901,Dammvorstadt,2019,8,11,6,3,0,1,0,1,0,0,0,0,0,0,"811136,6297","5821575,653","13,58006","52,45554"
8663,197966,11,1,1011203,Unter den Linden Süd,2019,8,11,6,3,2,7,0,0,1,0,1,0,0,0,"797823,4513","5827057,684","13,38962","52,5121"