,id,city,district,lor,street,year,month,hour,weekday,category,collision,movement,light_conditions,bicycle,car,pedestrian,motorbike,truck,other_vehicle,road_conditions,LINREFX,LINREFY,XGCSWGS84,YGCSWGS84
8664,197967,11,12,12224230,Heiligensee,2019,8,10,6,2,6,4,0,0,1,1,0,0,0,0,"786260,6304","5838957,347","13,22998","52,62497"
8665,197968,11,5,5010314,Carl-Schurz-Straße,2019,8,10,6,3,0,2,0,0,1,0,1,0,0,0,"784787,2588","5828801,308","13,19954","52,53469"
8666,197969,11,3,3050920,Weißer See,2019,8,9,6,3,5,2,0,1,0,0,0,0,0,0,"801713,8007","5831783,336","13,45106","52,55231"
8667,197970,11,1,1044202,Sparrplatz,2019,8,9,6,3,5,2,0,1,1,0,0,0,0,0,"794628,0174","5829879,14","13,34517","52,53912"
8668,197971,11,9,9010101,Elsenstraße,2019,8,9,6,3,5,2,0,1,1,0,0,0,0,0,"802628,1212","5824462,347","13,45785","52,48619"
8669,197972,11,5,5020625,Borkumer Straße,2019,8,15,6,2,6,4,0,0,1,1,0,0,0,0,"784538,1313","5828641,949","13,19575","52,53339"
8670,197973,11,1,1044103,Westliche Müllerstraße,2019,8,15,6,3,5,2,0,1,1,0,1,0,0,0,"794988,267","5831179,99","13,35162","52,55059"
8671,197974,11,2,2010101,Askanischer Platz,2019,8,14,6,3,3,6,0,1,0,0,0,0,1,0,"797532,4692","5826001,06","13,3844","52,50278"
8672,197975,11,5,5010209,An der Kappe,2019,8,14,6,3,5,2,0,0,1,0,0,0,0,0,"781904,5467","5829571,257","13,15781","52,54309"
8673,197976,11,11,11030619,Fennpfuhl Ost,2019,8,13,6,3,2,6,0,0,1,0,0,0,1,0,"803672,6347","5829500,063","13,47778","52,53076"
8674,197977,11,4,4051549,Rathaus Wilmersdorf,2019,8,2,6,3,0,1,2,1,0,0,0,0,0,0,"792458,2732","5824011,377","13,30811","52,48769"
8675,197978,11,3,3071536,Teutoburger Platz,2019,8,23,6,3,9,1,2,0,0,0,0,0,1,0,"799185,3849","5830027,242","13,4123","52,53797"
8676,197979,11,4,4030931,Breitscheidplatz,2019,8,14,5,2,5,2,0,0,1,0,1,0,0,0,"793914,3833","5825527,807","13,33083","52,5005"
8677,197980,11,5,5020625,Borkumer Straße,2019,8,16,5,2,5,2,0,0,1,0,0,0,0,0,"784452,915","5828671,699","13,19452","52,5337"
8678,197981,11,11,11030618,Fennpfuhl West,2019,8,19,5,3,4,6,0,1,0,0,0,0,0,0,"803846,9648","5828899,179","13,47979","52,52528"
8679,197982,11,4,4030931,Breitscheidplatz,2019,8,17,5,3,6,4,0,1,0,1,0,0,0,0,"793910,4477","5826223,901","13,33139","52,50674"
8680,197983,11,9,9020501,Oberschöneweide West,2019,8,18,5,3,5,2,0,1,1,0,0,0,0,0,"806606,8689","5822047,592","13,51404","52,46233"
8681,197984,11,6,6020301,Alt-Lankwitz,2019,8,17,5,3,2,6,0,0,1,0,1,0,0,0,"796275,5319","5818274,425","13,35907","52,4342"
8682,197985,11,6,6030504,Teltower Damm,2019,8,16,5,3,5,3,0,1,1,0,0,0,0,0,"790291,7049","5817165,004","13,27034","52,42747"
8683,197986,11,1,1011101,Stülerstraße,2019,8,16,5,3,2,2,0,0,1,0,1,0,0,0,"795116,5643","5826507,405","13,34936","52,50863"
8684,197987,11,1,1011305,Heine-Viertel West,2019,8,18,5,3,3,2,0,1,1,0,0,0,0,0,"799490,22","5826644,834","13,41373","52,50748"
8685,197988,11,9,9020502,Oberschöneweide Ost,2019,8,16,5,2,5,2,0,1,1,0,0,0,0,0,"807389,932","5821730,017","13,52524","52,45904"
8686,197989,11,8,8010405,Hertzbergplatz,2019,8,15,5,3,5,3,0,1,0,0,0,0,0,0,"802493,7404","5823233,965","13,45476","52,47525"
8687,197990,11,2,2010102,Mehringplatz,2019,8,15,5,3,1,5,0,1,1,0,0,0,0,0,"797983,1023","5826068,888","13,39108","52,50314"
8688,197991,11,1,1011204,Leipziger Straße,2019,8,15,5,3,2,6,0,1,1,0,0,0,0,0,"797968,0824","5826581,411","13,39132","52,50775"
8689,197992,11,8,8010301,Reuterkiez,2019,8,14,5,3,0,3,0,0,1,0,0,0,1,0,"801101,1948","5824132,292","13,43513","52,48408"
8690,197993,11,1,1033202,Humboldthain Süd,2019,8,14,5,3,5,2,0,1,0,0,0,0,1,0,"796960,9901","5830140,194","13,3797","52,5402"
8691,197994,11,5,5010314,Carl-Schurz-Straße,2019,8,14,5,3,3,6,0,0,1,0,1,0,0,0,"784988,2766","5829498,698","13,2031","52,54084"
8692,197995,11,2,2040701,Andreasviertel,2019,8,14,5,3,2,6,0,0,1,0,0,0,1,0,"800302,8577","5827593,182","13,42653","52,51554"
8693,197996,11,8,8020619,Buschkrugallee Nord,2019,8,14,5,3,5,2,0,1,1,0,0,0,0,0,"802612,8087","5820747,366","13,45425","52,4529"
8694,197997,11,11,11010204,Falkenberg Ost,2019,8,13,5,3,5,3,0,1,1,0,0,0,0,0,"806721,0308","5833968,491","13,5267","52,5691"
8695,197998,11,1,1022106,Elberfelder Straße,2019,8,10,5,3,5,2,0,1,1,0,0,0,0,0,"793842,8454","5827938,222","13,33191","52,52215"
8696,197999,11,7,7020203,Kaiser-Wilhelm-Platz,2019,8,21,5,3,6,7,2,1,0,1,0,0,0,0,"795605,2521","5824203,297","13,35449","52,48771"
8697,198000,11,4,4031032,Halensee,2019,8,19,5,2,5,2,0,0,1,0,1,0,0,0,"790958,544","5824828,662","13,2868","52,49582"
8698,198001,11,6,6040810,Dahlem,2019,8,8,5,3,5,5,0,1,1,0,0,0,0,0,"792390,0143","5821311,806","13,30474","52,46352"
8699,198002,11,12,12304313,Borsigwalde,2019,8,10,5,2,5,3,0,0,1,0,0,0,0,0,"792143,1969","5834902,424","13,31306","52,58549"
8700,198003,11,3,3051017,Rennbahnstraße,2019,8,8,5,3,5,3,0,1,0,0,0,0,0,0,"802905,2808","5833190,584","13,46986","52,56427"
8701,198004,11,3,3061430,Volkspark Prenzlauer Berg,2019,8,8,5,3,5,7,0,0,1,0,1,0,0,0,"802577,2722","5829421,258","13,46161","52,53066"
8702,198005,11,1,1011201,Wilhelmstraße,2019,8,9,5,3,0,1,0,1,0,0,0,0,0,1,"797045,1174","5826556,027","13,37774","52,50802"
8703,198006,11,8,8020622,Parchimer Allee,2019,8,8,5,3,2,6,0,0,1,0,0,0,0,0,"801289,3341","5819652,694","13,43385","52,44382"
8704,198007,11,5,5010205,An der Tränke,2019,8,8,5,3,5,3,0,1,1,0,0,0,0,0,"780096,1591","5830192,289","13,13174","52,5496"
8705,198008,11,10,10010204,Wuhletalstraße,2019,8,6,5,2,6,4,0,0,1,1,0,0,0,0,"809583,1292","5832688,2","13,5676","52,55601"
8706,198009,11,5,5030731,Gartenfelder Straße,2019,8,8,4,3,6,7,0,1,0,1,0,0,0,0,"786952,3021","5829373,308","13,23187","52,53868"
8707,198010,11,1,1011203,Unter den Linden Süd,2019,8,14,4,3,5,2,0,1,0,0,0,0,0,1,"797883,4172","5827468,3","13,39087","52,51574"
8708,198011,11,9,9020601,Schnellerstraße,2019,8,12,4,2,6,7,0,1,0,1,0,0,0,0,"806755,6134","5821023,154","13,51528","52,45306"
8709,198012,11,7,7040405,Rathaus Tempelhof,2019,8,11,4,3,3,6,0,0,1,0,0,0,0,0,"798871,0405","5821208,386","13,39976","52,45909"
8710,198013,11,4,4051446,Preußenpark,2019,8,11,4,2,6,4,0,0,1,1,0,0,0,0,"792379,5086","5825041,82","13,30786","52,49697"
8711,198014,11,2,2020203,Viktoriapark,2019,8,11,4,3,2,6,0,0,1,0,0,0,0,0,"797294,6702","5824859,541","13,37989","52,49268"
8712,198015,11,2,2020204,Urbanstraße,2019,8,9,4,3,6,4,0,1,0,1,0,0,0,0,"798646,6606","5825146,559","13,4","52,49451"
8713,198016,11,8,8020728,Buckow Ost,2019,8,9,4,3,6,4,0,0,1,1,0,0,0,0,"802450,0222","5817211,62","13,44866","52,4213"
8714,198017,11,4,4030724,Lietzensee,2019,8,9,4,3,5,7,0,0,1,0,0,0,0,0,"791053,258","5826041,686","13,28925","52,50664"
8715,198018,11,4,4051446,Preußenpark,2019,8,9,4,3,5,3,0,1,1,0,0,0,0,0,"792912,4407","5824395,27","13,31512","52,49089"
8716,198019,11,6,6030608,Schweizer Viertel,2019,8,9,4,2,5,3,0,1,1,0,0,0,0,0,"791931,0031","5817469,527","13,29465","52,42932"
8717,198020,11,1,1011402,Arkonaplatz,2019,8,8,4,3,0,6,0,0,1,0,1,0,0,0,"798153,3287","5829856,451","13,39697","52,537"
8718,198021,11,1,1011201,Wilhelmstraße,2019,8,7,4,3,2,2,0,0,1,0,1,0,0,0,"797471,6288","5826797,767","13,38422","52,50996"
8719,198022,11,8,8010510,Gewerbegebiet Köllnische Heide,2019,8,3,4,3,5,3,2,1,1,0,0,0,0,0,"802944,2055","5822480,612","13,46069","52,46825"
8720,198023,11,1,1011103,Lützowstraße,2019,8,20,4,3,5,3,0,0,1,0,1,0,0,0,"795948,4133","5825842,049","13,36099","52,50222"
8721,198024,11,4,4051653,Prager Platz,2019,8,7,4,3,5,2,0,0,1,0,0,0,0,0,"793959,4928","5824711,478","13,33077","52,49316"
8722,198025,11,12,12231101,Hermsdorf,2019,8,12,4,3,5,3,0,0,1,0,0,0,0,0,"791063,3653","5838521,126","13,30035","52,61851"
8723,198026,11,12,12214424,Scharnweberstraße,2019,8,12,4,3,0,1,0,1,0,0,0,0,0,0,"793166,4873","5832631,332","13,32611","52,56458"
8724,198027,11,3,3040512,Wilhelmsruh,2019,8,7,4,3,2,6,0,0,1,0,0,0,0,0,"796351,7231","5835763,049","13,37577","52,59093"
8725,198028,11,6,6020301,Alt-Lankwitz,2019,8,2,4,3,9,1,2,0,1,0,0,0,0,0,"795797,0108","5819015,273","13,35271","52,4411"
8726,198029,11,2,2020204,Urbanstraße,2019,8,16,4,3,5,3,0,0,1,0,0,0,0,0,"798432,2293","5824775,349","13,39652","52,4913"
8727,198030,11,3,3040818,Pankow Süd,2019,8,8,4,3,3,6,0,1,1,0,0,0,0,0,"799817,8277","5832027,341","13,4234","52,55555"
8728,198031,11,1,1011402,Arkonaplatz,2019,8,15,4,3,6,7,0,0,0,1,0,0,1,0,"798796,2729","5829200,867","13,40584","52,53077"
8729,198032,11,7,7020204,Schöneberger Insel,2019,8,15,4,3,3,7,0,1,0,0,0,0,0,0,"796253,8663","5823582,794","13,36347","52,4818"
8730,198033,11,1,1011204,Leipziger Straße,2019,8,15,4,3,5,2,0,1,0,0,0,0,1,1,"798118,3084","5826806,719","13,39373","52,50968"
8731,198034,11,2,2030402,Wrangelkiez,2019,8,14,4,3,0,6,0,1,1,0,0,0,0,0,"801840,4319","5825742,687","13,44744","52,4981"
8732,198035,11,1,1011303,Alexanderplatzviertel,2019,8,14,4,3,0,1,0,0,0,0,1,0,0,1,"799539,2574","5828242,843","13,41589","52,52178"
8733,198036,11,7,7050501,Rathausstraße,2019,8,14,4,3,0,3,0,1,1,0,0,0,0,1,"797341,9626","5818651,203","13,37505","52,437"
8734,198037,11,2,2020204,Urbanstraße,2019,8,14,4,3,0,2,0,0,0,0,1,0,1,1,"798295,634","5825321,221","13,395","52,49627"
8735,198038,11,3,3061430,Volkspark Prenzlauer Berg,2019,8,14,4,3,5,2,0,1,1,0,0,0,0,1,"802417,5389","5829233,88","13,45909","52,52907"
8736,198039,11,4,4030623,Ernst-Reuter-Platz,2019,8,19,4,3,5,2,0,1,1,0,0,0,0,0,"793021,543","5826957,25","13,31898","52,5138"
8737,198040,11,5,5020419,Magistratsweg,2019,8,18,4,3,5,3,0,0,1,0,0,0,0,0,"780874,55","5828327,515","13,14161","52,53247"
8738,198041,11,11,11041128,Sewanstraße,2019,8,17,4,3,5,3,0,0,1,0,1,0,0,0,"806669,2935","5825621,953","13,51824","52,49433"
8739,198042,11,11,11030720,Herzbergstraße,2019,8,13,4,3,5,7,0,0,1,0,0,1,0,1,"804930,4818","5828708,41","13,49554","52,52296"
8740,198043,11,10,10040828,Kaulsdorf Nord,2019,8,13,4,3,5,7,0,0,1,0,0,0,0,0,"811564,5324","5828250,804","13,59257","52,51511"
8741,198044,11,1,1022106,Elberfelder Straße,2019,8,13,4,3,5,2,0,1,1,0,0,0,0,0,"794317,3858","5828375,768","13,33927","52,52581"
8742,198045,11,1,1022104,Emdener Straße,2019,8,5,3,3,5,3,1,0,1,0,1,0,0,0,"793962,1842","5829147,045","13,33473","52,53292"
8743,198046,11,6,6010209,Feuerbachstraße,2019,8,12,3,2,1,5,0,1,1,0,0,0,0,0,"794162,7871","5821472,77","13,3309","52,46402"
8744,198047,11,4,4051653,Prager Platz,2019,8,15,3,3,0,6,0,0,1,0,1,0,0,1,"793977,1132","5824687,009","13,33101","52,49293"
8745,198048,11,7,7020202,Volkspark (Rudolf-Wilde-Park),2019,8,16,3,3,1,7,0,0,1,0,0,0,0,0,"795295,2721","5823410,803","13,34924","52,48078"
8746,198049,11,4,4020310,Park Ruhwald,2019,8,10,3,3,2,2,0,0,1,0,1,0,0,0,"790346,2112","5827318,973","13,27998","52,51847"
8747,198050,11,1,1011203,Unter den Linden Süd,2019,8,20,3,3,5,3,2,1,1,0,0,0,0,0,"797877,4444","5827467,313","13,39078","52,51574"
8748,198051,11,7,7010104,Dennewitzplatz,2019,8,20,3,3,3,6,0,1,0,0,0,0,1,0,"796278,4867","5824923,285","13,36502","52,4938"
8749,198052,11,6,6030501,Berlepschstraße,2019,8,19,3,3,1,1,0,0,1,0,0,0,0,0,"789009,5406","5817158,507","13,25153","52,42809"
8750,198053,11,7,7030301,Friedenau,2019,8,19,3,3,2,6,0,0,1,0,0,0,0,0,"794252,3651","5822055,721","13,33273","52,46919"
8751,198054,11,5,5010314,Carl-Schurz-Straße,2019,8,18,3,3,0,2,0,0,1,0,0,0,1,0,"784994,7893","5829498,224","13,20319","52,54083"
8752,198055,11,5,5020625,Borkumer Straße,2019,8,18,3,3,0,4,0,1,0,1,0,0,0,0,"784457,8651","5828663,714","13,19458","52,53363"
8753,198056,11,1,1011301,Charitéviertel,2019,8,18,3,3,2,2,0,1,1,0,0,0,0,0,"797511,7446","5828326,84","13,38617","52,52364"
8754,198057,11,1,1033203,Humboldthain Nordwest,2019,8,18,3,3,5,3,0,1,1,0,0,0,0,0,"796637,6403","5829799,464","13,37464","52,53732"
8755,198058,11,2,2020206,Graefekiez,2019,8,16,3,3,0,7,0,1,1,0,0,0,0,1,"799660,0378","5825045,622","13,41479","52,49305"
8756,198059,11,2,2020206,Graefekiez,2019,8,17,3,2,2,6,0,0,0,0,1,0,1,0,"799354,6489","5824553,973","13,40986","52,48882"
8757,198060,11,9,9031101,Grünau,2019,8,17,3,3,3,6,0,1,1,0,0,0,0,0,"812272,4861","5816664,686","13,59213","52,41088"
8758,198061,11,1,1011105,Nördlicher Landwehrkanal,2019,8,17,4,3,5,2,0,1,1,0,0,0,0,0,"796110,1835","5826714,408","13,36414","52,50995"
8759,198062,11,1,1011204,Leipziger Straße,2019,8,17,3,3,0,3,0,0,1,0,1,0,0,1,"798147,1841","5826702,157","13,39406","52,50873"
8760,198063,11,4,4030620,Alt-Lietzow,2019,8,17,3,3,5,7,0,1,1,0,0,0,0,0,"792926,052","5827451,134","13,31801","52,51827"
8761,198064,11,1,1022202,Heidestraße,2019,8,17,4,3,0,2,0,1,1,0,0,0,0,0,"795668,9129","5829732,336","13,36034","52,53724"
8762,198065,11,3,3061126,Arnimplatz,2019,8,17,3,3,5,2,0,1,1,0,0,0,0,0,"798411,9276","5831802,081","13,40252","52,5543"
8763,198066,11,7,7070702,Alt-Lichtenrade/Töpchiner Weg,2019,8,17,4,3,5,3,0,1,1,0,0,0,0,0,"800641,0362","5814918,821","13,42008","52,40174"
8764,198067,11,1,1011203,Unter den Linden Süd,2019,8,17,3,3,5,3,0,0,1,0,0,0,1,0,"797757,1703","5827447,417","13,38899","52,51563"
8765,198068,11,10,10010203,Gewerbegebiet Bitterfelder Straße,2019,8,17,4,3,5,3,0,1,0,0,0,0,1,0,"807649,1373","5830820,334","13,53743","52,54036"
8766,198069,11,6,6020303,Lankwitz Kirche,2019,8,17,3,3,5,2,0,0,1,0,1,0,0,0,"795577,8985","5818297,475","13,34886","52,43479"
8767,198070,11,1,1011202,Unter den Linden Nord,2019,8,8,4,3,5,2,0,1,0,0,1,0,0,0,"797648,5536","5828123,815","13,388","52,52175"
8768,198071,11,3,3051021,Buschallee,2019,8,11,3,3,2,5,0,0,1,0,1,0,0,0,"803299,0151","5832238,536","13,47479","52,55551"
8769,198072,11,2,2010104,Wassertorplatz,2019,8,16,4,3,6,7,0,1,0,1,0,0,0,0,"799037,4848","5825525,393","13,40608","52,4977"
8770,198073,11,8,8010117,Schillerpromenade,2019,8,12,3,3,2,6,0,1,1,0,0,0,0,0,"800581,6621","5823235,918","13,42669","52,47633"
8771,198074,11,1,1044201,Reinickendorfer Straße,2019,8,16,4,2,1,5,0,0,1,0,1,0,0,0,"796613,8589","5831758,443","13,37604","52,55489"
8772,198075,11,1,1033101,Soldiner Straße,2019,8,11,3,3,5,3,0,0,1,0,1,0,0,0,"797681,2015","5832859,991","13,39273","52,56418"
8773,198076,11,5,5030832,Rohrdamm,2019,8,11,3,3,6,7,0,0,1,1,0,0,0,0,"789682,9471","5829290,225","13,27195","52,53649"
8774,198077,11,1,1044201,Reinickendorfer Straße,2019,8,15,4,3,5,2,0,0,1,0,1,0,0,0,"796315,8523","5831639,222","13,37155","52,55399"
8775,198078,11,6,6040806,Fischtal,2019,8,10,3,3,1,5,0,1,1,0,0,0,0,0,"789432,1103","5819803,077","13,26002","52,45157"
8776,198079,11,4,4030623,Ernst-Reuter-Platz,2019,8,15,4,2,5,2,0,1,0,0,0,0,1,0,"793381,001","5827323,304","13,32458","52,51688"
8777,198080,11,8,8010117,Schillerpromenade,2019,8,9,3,3,5,3,0,0,1,0,1,0,1,0,"800610,3629","5823149,809","13,42704","52,47554"
8778,198081,11,12,12214527,Alt-Tegel,2019,8,12,4,3,5,7,0,0,1,0,1,0,0,0,"790382,2859","5834609,562","13,28688","52,58381"
8779,198082,11,3,3030406,Alt-Karow,2019,8,9,3,3,0,3,0,0,1,0,0,0,1,0,"802745,303","5839064,717","13,47288","52,617"
8780,198083,11,6,6040703,Nikolassee,2019,8,11,4,3,5,3,0,0,1,0,0,0,0,0,"785940,6961","5817242,8","13,20659","52,43046"
8781,198084,11,8,8010510,Gewerbegebiet Köllnische Heide,2019,8,8,3,3,5,2,0,1,1,0,0,0,0,0,"802495,323","5822550,456","13,45416","52,46913"
8782,198085,11,4,4030620,Alt-Lietzow,2019,8,7,3,3,5,2,0,1,1,0,0,0,0,0,"791904,161","5827432,757","13,30297","52,51866"
8783,198086,11,11,11030721,Rüdigerstraße,2019,8,10,4,3,5,5,0,0,1,0,0,0,1,0,"805065,1366","5828068,406","13,49693","52,51715"
8784,198087,11,1,1022105,Zwinglistraße,2019,8,10,4,3,5,2,0,0,1,0,0,0,0,0,"793708,979","5828405,774","13,33036","52,52641"
8785,198088,11,3,3040614,Pankow Zentrum,2019,8,7,3,3,5,3,0,1,1,0,0,0,0,0,"799982,6898","5835097,359","13,4286","52,58297"
8786,198089,11,11,11010103,Dorf Falkenberg,2019,8,7,3,2,3,6,0,0,0,0,1,0,1,0,"809149,8274","5834434,031","13,56286","52,5719"
8787,198090,11,1,1022206,Lüneburger Straße,2019,8,10,4,2,6,7,0,0,1,1,0,0,0,0,"796249,2749","5828293,77","13,36759","52,52403"
8788,198091,11,9,9020802,Köllnische Vorstadt,2019,8,7,3,3,2,6,0,0,1,0,1,0,0,0,"810121,8602","5820417,14","13,5641","52,44573"
8789,198092,11,9,9010201,Am Treptower Park Süd,2019,8,9,4,3,5,2,0,1,1,0,0,0,0,0,"803087,4944","5824001,539","13,46417","52,4818"
8790,198093,11,4,4041238,Kissinger Straße,2019,8,15,3,3,1,5,0,0,1,0,0,0,0,0,"791325,5746","5822594,394","13,29024","52,47559"
8791,198094,11,11,11030721,Rüdigerstraße,2019,8,16,3,3,4,6,0,1,1,0,0,0,0,0,"805206,4246","5828089,675","13,49902","52,51726"
8792,198095,11,7,7060603,Marienfelde Nordost,2019,8,9,4,3,5,2,0,1,1,0,0,0,0,0,"798458,0235","5816858,123","13,38982","52,42032"
8793,198096,11,12,12231102,Frohnau,2019,8,15,3,3,0,3,0,0,0,0,1,0,1,1,"790597,9421","5839715,374","13,29454","52,62947"
8794,198097,11,5,5010206,Gütersloher Weg,2019,8,15,3,3,0,3,0,0,1,0,1,0,0,1,"781252,7204","5830770,05","13,14924","52,55418"
8795,198098,11,3,3071536,Teutoburger Platz,2019,8,7,4,3,5,2,0,1,0,0,0,0,1,0,"799143,9981","5829203,411","13,41095","52,53061"
8796,198099,11,4,4020207,Flatowallee,2019,8,16,3,2,5,7,0,0,1,0,0,0,0,0,"788126,0595","5826660,205","13,24678","52,51374"
8797,198100,11,5,5020628,Graetschelsteig,2019,8,15,3,3,0,3,0,0,1,0,1,0,0,0,"784107,4778","5826571,67","13,18764","52,51506"
8798,198101,11,1,1044201,Reinickendorfer Straße,2019,8,15,4,3,5,2,0,1,1,0,0,0,0,0,"796702,6521","5831625,93","13,37723","52,55366"
8799,198102,11,1,1044201,Reinickendorfer Straße,2019,8,14,3,3,6,4,0,1,0,1,0,0,0,0,"796484,0914","5831932,031","13,37429","52,55652"
8800,198103,11,3,3071537,Kollwitzplatz,2019,8,15,4,3,4,5,0,1,1,0,0,0,0,0,"799661,5668","5830085,927","13,41935","52,53823"
8801,198104,11,11,11030618,Fennpfuhl West,2019,8,16,3,3,3,6,0,1,0,0,0,0,0,0,"803242,0889","5829630,813","13,47157","52,53217"
8802,198105,11,7,7010102,Nollendorfplatz,2019,8,15,4,3,3,6,0,1,1,0,0,0,0,0,"794958,6569","5825649,153","13,34628","52,50103"
8803,198106,11,8,8010118,Silbersteinstraße,2019,8,14,3,3,0,2,0,0,1,0,1,0,0,0,"800608,4452","5822055,673","13,42602","52,46573"
8804,198107,11,3,3040614,Pankow Zentrum,2019,8,14,4,3,5,3,0,0,1,0,1,0,0,0,"798134,5278","5833144,702","13,39965","52,56649"
8805,198108,11,9,9020701,Adlershof West,2019,8,14,3,2,5,2,0,0,1,0,1,0,0,0,"808328,5657","5818867,728","13,53636","52,43286"
8806,198109,11,9,9051702,Bölschestraße,2019,8,16,3,3,5,7,0,0,1,0,1,0,0,0,"814278,2174","5822668,957","13,62717","52,46354"
8807,198110,11,4,4020313,Königin-Elisabeth-Straße,2019,8,14,4,3,6,2,0,0,1,1,0,0,0,0,"790619,1232","5826514,546","13,28329","52,51111"
8808,198111,11,12,12304314,Ziekowstraße/Freie Scholle,2019,8,14,4,3,1,5,0,1,1,0,0,0,0,0,"791350,1453","5835733,339","13,30212","52,59337"
8809,198112,11,5,5030730,Zitadellenweg,2019,8,13,3,3,5,2,0,1,1,0,0,0,0,0,"785740,9699","5829268,777","13,21397","52,53838"
8810,198113,11,1,1011402,Arkonaplatz,2019,8,8,3,3,5,3,0,1,1,0,0,0,0,0,"798594,193","5829506,506","13,40314","52,53362"
8811,198114,11,8,8010404,Rixdorf,2019,8,13,4,2,5,3,0,0,1,0,1,0,0,0,"801372,1812","5823768,391","13,43878","52,48066"
8812,198115,11,4,4051550,Leon-Jessel-Platz,2019,8,12,3,3,5,7,0,1,1,0,0,0,0,0,"793210,3227","5824255,775","13,31937","52,48948"
8813,198116,11,2,2040701,Andreasviertel,2019,8,13,4,3,5,3,0,0,1,0,0,0,0,0,"800313,1137","5827614,722","13,4267","52,51572"
8814,198117,11,12,12301203,Wittenau Süd,2019,8,16,3,3,3,6,0,0,1,0,0,0,0,0,"792996,0588","5835643,84","13,32627","52,59168"
8815,198118,11,3,3050920,Weißer See,2019,8,13,4,3,5,3,0,0,1,0,0,0,0,0,"802176,9","5832418,005","13,45845","52,55775"
8816,198119,11,2,2050802,Boxhagener Platz,2019,8,15,3,3,5,3,0,0,1,0,0,0,0,1,"802674,4834","5827248,385","13,46106","52,51113"
8817,198120,11,4,4030620,Alt-Lietzow,2019,8,13,4,2,1,5,0,0,1,0,0,0,1,0,"792463,4101","5827182,441","13,31097","52,51611"
8818,198121,11,3,3061430,Volkspark Prenzlauer Berg,2019,8,15,3,3,5,2,0,1,1,0,0,0,0,1,"802416,1299","5829233,278","13,45907","52,52907"
8819,198122,11,6,6040810,Dahlem,2019,8,7,4,3,0,2,0,0,1,0,1,0,0,0,"790573,2869","5819746,916","13,27671","52,45046"
8820,198123,11,12,12301203,Wittenau Süd,2019,8,15,3,3,0,1,0,0,0,0,1,0,0,1,"792371,3784","5834089,693","13,3157","52,57808"
8821,198124,11,7,7010102,Nollendorfplatz,2019,8,12,4,3,1,5,0,1,1,0,0,0,1,0,"795909,52","5825162,448","13,35981","52,49615"
8822,198125,11,9,9051901,Dammvorstadt,2019,8,13,5,3,5,7,0,0,1,0,0,0,1,0,"810762,6809","5820884,689","13,57393","52,44956"
8823,198126,11,10,10040829,Alt-Kaulsdorf,2019,8,13,5,3,1,5,0,1,1,0,0,0,0,0,"811523,7931","5827156,263","13,59095","52,50533"
8824,198127,11,1,1044101,Rehberge,2019,8,13,5,3,5,2,0,1,1,0,0,0,0,0,"794165,4345","5830317,61","13,33876","52,5433"
8825,198128,11,1,1011202,Unter den Linden Nord,2019,8,12,5,3,2,7,0,1,1,0,0,0,0,0,"797713,2172","5827742,369","13,38861","52,51829"
8826,198129,11,1,1022106,Elberfelder Straße,2019,8,9,5,2,2,7,0,0,1,0,0,0,0,0,"793981,8463","5828213,025","13,3342","52,52454"
8827,198130,11,4,4020310,Park Ruhwald,2019,8,9,5,2,5,2,0,1,0,0,0,1,0,0,"790377,3342","5827305,695","13,28042","52,51833"
8828,198131,11,1,1011306,Heine-Viertel Ost,2019,8,9,5,3,5,2,0,0,1,0,1,0,0,0,"800217,6184","5826836,19","13,42459","52,5088"
8829,198132,11,1,1044202,Sparrplatz,2019,8,9,5,3,0,5,0,0,1,0,1,0,0,0,"794691,0916","5829867,029","13,34609","52,53898"
8830,198133,11,11,11020411,Malchower Weg,2019,8,9,5,3,5,3,0,1,1,0,0,0,0,0,"804493,4617","5833106,309","13,49315","52,56262"
8831,198134,11,1,1044201,Reinickendorfer Straße,2019,8,8,5,3,5,3,0,0,1,0,0,0,0,0,"796668,0538","5831919,027","13,37698","52,5563"
8832,198135,11,7,7030303,Grazer Platz,2019,8,8,5,3,5,2,0,0,1,0,1,0,0,0,"795243,1041","5822265,217","13,34746","52,47054"
8833,198136,11,12,12214424,Scharnweberstraße,2019,8,8,5,3,3,6,0,0,1,0,0,1,0,0,"793377,6881","5832523,965","13,32912","52,56351"
8834,198137,11,1,1022206,Lüneburger Straße,2019,8,8,5,3,5,2,0,1,1,0,0,0,0,0,"795547,8192","5828216,315","13,35721","52,52372"
8835,198138,11,2,2040502,Friedenstraße,2019,8,8,5,3,5,2,0,1,1,0,0,0,0,0,"800682,9989","5828487,434","13,43292","52,52334"
8836,198139,11,9,9020601,Schnellerstraße,2019,8,7,5,3,5,2,0,1,1,0,0,0,0,0,"807993,4899","5820988,578","13,53341","52,45206"
8837,198140,11,7,7010101,Wittenbergplatz/Viktoria-Luise-Platz,2019,8,3,5,3,6,6,2,0,0,1,0,0,1,0,"794871,7443","5825151,88","13,34456","52,49661"
8838,198141,11,12,12231101,Hermsdorf,2019,8,10,5,3,0,1,0,0,0,0,1,0,0,0,"790969,4582","5839059,932","13,29944","52,62339"
8839,198142,11,12,12214424,Scharnweberstraße,2019,8,16,4,3,5,2,0,1,1,0,0,0,0,0,"793549,3751","5832363,97","13,33151","52,56198"
8840,198143,11,12,12304314,Ziekowstraße/Freie Scholle,2019,8,16,4,3,0,1,0,0,1,0,1,0,0,0,"790912,0196","5836075,853","13,29597","52,59667"