,id,city,district,lor,street,year,month,hour,weekday,category,collision,movement,light_conditions,bicycle,car,pedestrian,motorbike,truck,other_vehicle,road_conditions,LINREFX,LINREFY,XGCSWGS84,YGCSWGS84
8841,198144,11,2,2020202,Rathaus Yorckstraße,2019,8,4,4,3,5,3,2,0,1,0,0,0,0,1,"797613,612","5825516,809","13,38516","52,4984"
8842,198145,11,3,3061126,Arnimplatz,2019,8,19,4,3,2,2,2,0,1,0,1,0,0,0,"798279,9804","5831806,93","13,40059","52,55442"
8843,198146,11,4,4030620,Alt-Lietzow,2019,8,19,4,3,5,3,1,0,1,0,1,0,0,0,"792153,9557","5827387,865","13,3066","52,51812"
8844,198147,11,6,6010205,Südende,2019,8,18,4,3,5,2,0,0,1,0,1,0,0,0,"795319,9544","5819776,99","13,34639","52,44819"
8845,198148,11,7,7030301,Friedenau,2019,8,18,4,3,5,7,0,1,0,0,0,0,1,0,"793975,5858","5821710,854","13,32837","52,46625"
8846,198149,11,2,2010101,Askanischer Platz,2019,8,17,4,3,1,5,0,0,1,0,1,0,0,0,"797765,6944","5826033,166","13,38785","52,50294"
8847,198150,11,2,2050602,Samariterviertel,2019,8,16,4,3,1,5,0,1,1,0,0,0,0,0,"803387,508","5827907,456","13,47213","52,51665"
8848,198151,11,2,2020206,Graefekiez,2019,8,18,4,3,3,6,0,1,1,0,0,0,0,0,"799873,7068","5825357,012","13,41821","52,49573"
8849,198152,11,5,5020521,Döberitzer Weg,2019,8,17,4,3,0,3,0,1,1,0,0,0,0,0,"780077,7011","5827688,408","13,12936","52,52715"
8850,198153,11,6,6020409,Königsberger Straße,2019,8,14,4,2,2,6,0,0,1,0,0,0,1,0,"793570,7253","5817998,586","13,31916","52,43319"
8851,198154,11,7,7030301,Friedenau,2019,8,17,4,3,3,6,0,1,1,0,0,0,0,0,"794359,0268","5822247,024","13,33447","52,47085"
8852,198155,11,4,4051652,Nikolsburger Platz,2019,8,17,4,3,0,4,0,1,0,1,0,0,0,0,"793463,7422","5824621,626","13,32341","52,49262"
8853,198156,11,7,7010102,Nollendorfplatz,2019,8,15,4,3,3,6,0,1,1,0,0,0,0,0,"795727,2576","5824969,538","13,35697","52,49452"
8854,198157,11,7,7040403,Manteuffelstraße,2019,8,22,4,3,5,3,2,0,1,0,0,0,0,0,"797649,58","5822183,979","13,38271","52,4685"
8855,198158,11,7,7020203,Kaiser-Wilhelm-Platz,2019,8,19,4,3,5,2,0,1,1,0,0,0,0,0,"795524,7069","5823822,16","13,35297","52,48434"
8856,198159,11,1,1033201,Brunnenstraße,2019,8,8,4,2,6,4,0,1,0,1,0,0,0,0,"797803,3082","5831143,384","13,39298","52,54873"
8857,198160,11,1,1011204,Leipziger Straße,2019,8,8,4,3,5,3,0,1,1,0,0,0,0,0,"797890,573","5826670,873","13,39026","52,50859"
8858,198161,11,5,5040934,Alt-Gatow,2019,8,8,4,3,5,3,0,0,1,0,1,0,0,0,"783690,2927","5824737,193","13,17995","52,49882"
8859,198162,11,2,2040701,Andreasviertel,2019,8,7,4,3,5,2,0,0,1,0,0,0,0,0,"800425,4654","5827972,786","13,42867","52,51887"
8860,198163,11,12,12214422,Klixstraße,2019,8,7,4,3,6,2,0,0,1,1,0,0,0,0,"792214,8478","5833712,562","13,31306","52,57479"
8861,198164,11,3,3020307,Buchholz,2019,8,7,4,3,6,2,0,0,1,1,0,0,0,0,"799901,8925","5838069,646","13,43011","52,60966"
8862,198165,11,5,5010314,Carl-Schurz-Straße,2019,8,6,4,2,0,6,1,0,1,0,1,0,0,0,"785231,0284","5829322,145","13,20652","52,53913"
8863,198166,11,8,8020622,Parchimer Allee,2019,8,6,4,3,5,3,0,1,0,0,0,0,1,0,"801258,6916","5819803,717","13,43353","52,44519"
8864,198167,11,7,7050504,Imbrosweg,2019,8,9,4,3,9,1,0,0,1,0,0,0,1,0,"799445,2164","5819614,41","13,40676","52,44449"
8865,198168,11,10,10010308,Marzahner Chaussee,2019,8,17,4,2,5,2,0,0,1,0,1,0,0,0,"806521,665","5829883,215","13,52","52,5326"
8866,198169,11,1,1011203,Unter den Linden Süd,2019,8,16,4,2,5,3,0,1,1,0,0,0,0,0,"797901,5781","5827372,985","13,39105","52,51488"
8867,198170,11,7,7020203,Kaiser-Wilhelm-Platz,2019,8,15,4,3,0,1,0,0,1,0,1,0,0,0,"795241,2935","5823949,464","13,34892","52,48564"
8868,198171,11,12,12214527,Alt-Tegel,2019,8,15,4,3,5,3,0,1,1,0,0,0,0,0,"790384,5358","5834864,373","13,28714","52,58609"
8869,198172,11,10,10010308,Marzahner Chaussee,2019,8,15,4,3,5,3,0,1,1,0,0,0,0,0,"806824,9184","5830304,099","13,52484","52,5362"
8870,198173,11,9,9010401,Johannisthal West,2019,8,15,4,3,6,4,0,0,1,1,0,0,0,0,"806211,5535","5820346,362","13,50668","52,4473"
8871,198174,11,8,8010301,Reuterkiez,2019,8,15,4,3,5,2,0,1,1,0,0,0,0,0,"800525,9921","5824460,619","13,42698","52,48733"
8872,198175,11,6,6040809,Thielallee,2019,8,14,4,2,5,3,0,1,1,0,0,0,0,0,"791452,5944","5820604,459","13,29037","52,45768"
8873,198176,11,9,9020701,Adlershof West,2019,8,14,4,3,5,2,0,0,1,0,0,0,0,0,"808252,3394","5818799,369","13,53518","52,43229"
8874,198177,11,2,2010101,Askanischer Platz,2019,8,12,4,3,5,3,0,1,1,0,0,0,0,0,"797704,579","5825813,425","13,38676","52,50101"
8875,198178,11,4,4030417,Schloßstraße,2019,8,11,4,3,5,2,0,1,0,0,1,0,0,0,"790955,0683","5826746,159","13,28842","52,51301"
8876,198179,11,8,8020728,Buckow Ost,2019,8,10,4,2,2,6,0,0,1,0,1,0,0,0,"801959,6883","5816764,03","13,44107","52,41756"
8877,198180,11,9,9031101,Grünau,2019,8,9,4,3,5,3,0,0,1,0,0,0,1,0,"812114,2283","5816639,083","13,58979","52,41074"
8878,198181,11,4,4010102,Plötzensee,2019,8,9,4,2,5,3,0,0,1,0,1,0,0,0,"792207,3734","5830684,093","13,31029","52,54764"
8879,198182,11,11,11010103,Dorf Falkenberg,2019,8,9,4,3,5,2,0,1,0,0,0,0,1,0,"809245,205","5834482,632","13,56431","52,57228"
8880,198183,11,10,10020517,Adele-Sandrock-Straße,2019,8,11,3,2,0,7,0,1,0,0,0,0,0,0,"812407,897","5830384,316","13,60697","52,53375"
8881,198184,11,7,7040405,Rathaus Tempelhof,2019,8,15,3,3,2,6,0,0,1,0,0,0,0,0,"798046,514","5821303,393","13,38775","52,46039"
8882,198185,11,7,7010101,Wittenbergplatz/Viktoria-Luise-Platz,2019,8,8,3,3,5,3,0,1,0,0,0,0,0,0,"794677,8673","5825722,047","13,34222","52,50183"
8883,198186,11,12,12214421,Reinickes Hof,2019,8,21,3,3,0,1,2,0,0,0,1,0,0,0,"793398,9803","5833160,059","13,33","52,5692"
8884,198187,11,3,3040614,Pankow Zentrum,2019,8,20,3,3,2,6,2,1,0,0,0,0,0,0,"798671,7682","5833084,359","13,4075","52,56565"
8885,198188,11,1,1011201,Wilhelmstraße,2019,8,18,3,3,5,3,0,1,0,0,0,0,0,0,"796957,4022","5826860,539","13,37672","52,5108"
8886,198189,11,6,6030609,Augustaplatz,2019,8,16,3,3,5,3,0,0,1,0,0,0,0,0,"792194,7217","5819106,539","13,29995","52,44386"
8887,198190,11,8,8030829,Gropiusstadt Nord,2019,8,19,3,2,1,1,0,0,1,0,0,0,1,0,"803503,5955","5818195,812","13,465","52,42954"
8888,198191,11,2,2010102,Mehringplatz,2019,8,16,3,3,2,6,0,0,1,0,0,0,0,0,"797979,1195","5826093,606","13,39104","52,50337"
8889,198192,11,8,8010303,Donaustraße,2019,8,16,3,3,2,6,0,0,1,0,0,0,1,0,"801396,7181","5823859,959","13,43922","52,48147"
8890,198193,11,12,12302110,Dannenwalder Weg,2019,8,15,3,3,0,1,0,0,1,0,1,0,0,0,"794577,2586","5835786,05","13,34967","52,5921"
8891,198194,11,12,12224230,Heiligensee,2019,8,15,3,3,5,3,0,1,0,0,0,0,0,0,"786392,2808","5837057,435","13,23027","52,60787"
8892,198195,11,2,2010102,Mehringplatz,2019,8,14,3,3,6,2,0,0,0,1,0,1,0,0,"798432,6276","5826539,677","13,3981","52,50712"
8893,198196,11,4,4010103,Paul-Hertz-Siedlung,2019,8,14,3,3,5,3,0,1,1,0,0,0,0,0,"791220,8483","5829150,519","13,29444","52,53442"
8894,198197,11,1,1044202,Sparrplatz,2019,8,18,3,3,5,2,0,1,1,0,0,0,0,0,"794623,9212","5829871,433","13,3451","52,53906"
8895,198198,11,1,1011201,Wilhelmstraße,2019,8,18,3,3,1,5,0,1,1,0,0,0,0,0,"797233,4964","5826903,722","13,38081","52,51104"
8896,198199,11,2,2010103,Moritzplatz,2019,8,18,3,3,0,7,0,0,1,0,0,0,1,0,"799739,616","5825778,625","13,41662","52,49958"
8897,198200,11,1,1022204,Thomasiusstraße,2019,8,18,3,3,1,5,0,1,1,0,0,0,1,0,"795104,1432","5828175,004","13,35066","52,52359"
8898,198201,11,4,4030931,Breitscheidplatz,2019,8,16,3,3,0,2,0,0,1,0,0,0,1,0,"794011,47","5826194,454","13,33285","52,50643"
8899,198202,11,1,1011303,Alexanderplatzviertel,2019,8,9,3,3,0,5,0,1,0,0,0,1,0,0,"799150,9199","5828820,352","13,41071","52,52717"
8900,198203,11,8,8041036,Zittauer Straße,2019,8,17,3,2,6,4,0,0,0,1,1,0,0,0,"805057,5418","5817553,599","13,4872","52,42292"
8901,198204,11,1,1011102,Großer Tiergarten,2019,8,17,3,2,6,7,0,1,0,1,0,0,0,0,"795342,9201","5827397,34","13,35347","52,51649"
8902,198205,11,5,5010339,Freiheit,2019,8,15,3,3,5,2,0,0,1,0,0,0,0,0,"787590,6037","5828023,173","13,24009","52,52624"
8903,198206,11,9,9031001,Bohnsdorf,2019,8,15,3,2,5,2,0,1,1,0,0,0,0,0,"811048,0221","5814498,062","13,57218","52,39216"
8904,198207,11,1,1044102,Schillerpark,2019,8,10,3,3,2,3,0,1,1,0,0,0,0,0,"795962,9381","5831990,758","13,36668","52,55733"
8905,198208,11,3,3040614,Pankow Zentrum,2019,8,10,3,3,2,3,0,0,1,0,1,0,0,0,"799981,1293","5835329,211","13,42879","52,58505"
8906,198209,11,3,3071638,Winsstraße,2019,8,9,3,3,2,6,0,1,1,0,0,0,0,0,"800093,7381","5829625,3","13,42529","52,53387"
8907,198210,11,5,5020522,Pillnitzer Weg,2019,8,9,3,3,2,2,0,0,1,0,0,0,0,0,"781042,5065","5827415,933","13,14331","52,52421"
8908,198211,11,12,12214125,Waldidyll/Flughafensee,2019,8,8,3,3,0,4,0,0,1,1,0,0,0,0,"791147,7429","5830923,605","13,29491","52,55036"
8909,198212,11,7,7040405,Rathaus Tempelhof,2019,8,9,3,3,5,2,0,1,1,0,0,0,0,0,"799585,674","5820831,576","13,40991","52,45532"
8910,198213,11,9,9041401,Allende I,2019,8,9,3,3,5,2,0,0,1,0,0,0,0,0,"811919,5806","5820620,62","13,59065","52,44653"
8911,198214,11,9,9020501,Oberschöneweide West,2019,8,7,3,3,5,2,0,1,0,0,0,1,0,0,"806598,453","5822779,826","13,51459","52,46889"
8912,198215,11,2,2030302,Lausitzer Platz,2019,8,7,3,3,5,3,0,0,1,0,1,0,0,0,"801323,9531","5826153,855","13,44023","52,50207"
8913,198216,11,7,7060604,Marienfelde Süd,2019,8,8,3,1,6,4,0,0,0,1,0,1,0,0,"796670,0288","5815843,282","13,3627","52,4122"
8914,198217,11,2,2020206,Graefekiez,2019,8,18,2,3,6,4,0,1,0,1,0,0,0,0,"799778,6326","5824848,84","13,41635","52,49123"
8915,198218,11,3,3030715,Heinersdorf,2019,8,10,2,3,3,6,0,1,0,0,0,0,0,0,"800272,575","5833800,371","13,43169","52,57119"
8916,198219,11,1,1022104,Emdener Straße,2019,8,18,2,3,6,4,0,0,0,1,0,0,1,0,"793904,6059","5829146,219","13,33388","52,53294"
8917,198220,11,3,3051022,Hansastraße,2019,8,13,2,3,4,6,0,0,1,0,1,0,0,0,"803631,2672","5831996,837","13,47945","52,55316"
8918,198221,11,3,3040614,Pankow Zentrum,2019,8,17,2,3,2,6,0,0,1,0,0,0,0,0,"799755,8458","5835488,128","13,42562","52,5866"
8919,198222,11,10,10030725,Buckower Ring,2019,8,17,2,2,2,7,0,0,1,0,0,0,0,0,"810006,438","5829652,365","13,57099","52,52856"
8920,198223,11,4,4051445,Eisenzahnstraße,2019,8,17,2,3,1,5,0,0,1,0,0,0,0,0,"792079,8298","5824698,35","13,30316","52,49405"
8921,198224,11,10,10040933,Mahlsdorf Süd,2019,8,17,2,3,5,2,0,0,1,0,0,0,1,0,"812501,1675","5824933,417","13,60322","52,48485"
8922,198225,11,7,7040406,Germaniagarten,2019,8,16,2,2,6,4,0,0,1,1,0,0,0,0,"800215,7048","5821548,242","13,4198","52,4614"
8923,198226,11,7,7040403,Manteuffelstraße,2019,8,16,2,3,5,2,0,0,1,0,1,0,0,0,"797325,4143","5821877,618","13,37768","52,46593"
8924,198227,11,12,12301205,Waidmannslust,2019,8,15,2,3,5,3,0,0,1,0,1,0,0,0,"791970,2733","5837474,412","13,31278","52,60864"
8925,198228,11,1,1044201,Reinickendorfer Straße,2019,8,15,2,3,5,3,0,0,1,0,0,0,0,0,"795774,7383","5831020,84","13,36304","52,54874"
8926,198229,11,7,7010102,Nollendorfplatz,2019,8,15,2,3,2,6,0,0,1,0,1,0,0,0,"794978,4465","5825688,246","13,3466","52,50137"
8927,198230,11,1,1022206,Lüneburger Straße,2019,8,23,2,3,6,4,2,0,1,1,0,0,0,0,"796338,7845","5828547,046","13,36913","52,52625"
8928,198231,11,5,5010313,Ackerstraße,2019,8,15,2,3,6,2,0,0,1,1,0,0,0,0,"784375,1759","5830008,722","13,19452","52,54573"
8929,198232,11,3,3071536,Teutoburger Platz,2019,8,19,2,3,6,4,0,1,0,1,0,0,0,0,"799136,0159","5829207,022","13,41084","52,53064"
8930,198233,11,11,11051331,Karlshorst Nord,2019,8,18,5,3,5,2,0,1,1,0,0,0,0,0,"807349,604","5825169,976","13,52781","52,48989"
8931,198234,11,1,1011302,Oranienburger Straße,2019,8,19,2,3,5,2,0,1,1,0,0,0,0,0,"798244,8851","5829014,66","13,39756","52,52941"
8932,198235,11,6,6040810,Dahlem,2019,8,14,2,3,1,5,0,0,1,0,0,0,1,0,"790539,6198","5821340,616","13,27761","52,46477"
8933,198236,11,4,4041343,Binger Straße,2019,8,19,2,3,5,2,0,1,1,0,0,0,0,0,"792656,8417","5823060,347","13,31019","52,47906"
8934,198237,11,2,2040703,Wriezener Bahnhof/Entwicklungsgebiet,2019,8,14,2,3,5,3,0,1,0,0,0,0,1,0,"801947,4103","5826800,343","13,44997","52,50752"
8935,198238,11,6,6010205,Südende,2019,8,19,2,2,5,7,0,0,0,0,1,0,1,0,"796074,8799","5819507,961","13,35722","52,44537"
8936,198239,11,11,11041128,Sewanstraße,2019,8,19,2,3,1,5,0,1,1,0,0,0,0,0,"805808,3264","5825333,583","13,50533","52,49223"
8937,198240,11,3,3051022,Hansastraße,2019,8,17,2,3,2,6,0,1,1,0,0,0,0,0,"802862,1921","5832030,837","13,46817","52,55389"
8938,198241,11,1,1011303,Alexanderplatzviertel,2019,8,18,2,3,2,6,0,1,1,0,0,0,0,0,"799273,2421","5828505,812","13,41222","52,52428"
8939,198242,11,1,1011102,Großer Tiergarten,2019,8,13,2,3,2,6,0,0,1,0,0,0,0,0,"795219,4702","5826719,892","13,35106","52,51048"
8940,198243,11,10,10030726,Alt-Biesdorf,2019,8,18,2,3,5,2,0,0,1,0,0,0,0,0,"808764,221","5827432,381","13,55068","52,50937"
8941,198244,11,12,12231102,Frohnau,2019,8,12,2,3,5,3,0,0,1,0,1,0,0,0,"790591,124","5839723,553","13,29445","52,62954"
8942,198245,11,6,6040810,Dahlem,2019,8,12,2,3,5,7,0,0,1,0,0,0,0,0,"790241,1479","5820067,965","13,27212","52,45352"
8943,198246,11,2,2030302,Lausitzer Platz,2019,8,12,2,3,2,2,0,0,1,0,0,1,0,0,"801453,1465","5826032,7","13,44201","52,50091"
8944,198247,11,2,2040501,Barnimkiez,2019,8,12,2,3,1,5,0,1,0,0,0,0,1,0,"800254,7405","5828886,841","13,42699","52,52716"
8945,198248,11,2,2030302,Lausitzer Platz,2019,8,11,2,3,5,3,0,0,1,0,0,0,0,0,"800621,0143","5826265,769","13,43","52,50346"
8946,198249,11,6,6010101,Fichtenberg,2019,8,11,2,3,5,2,0,1,1,0,0,0,0,0,"793310,6537","5820736,578","13,31775","52,45787"
8947,198250,11,8,8030831,Gropiusstadt Ost,2019,8,11,2,2,6,2,0,0,1,1,0,0,0,0,"803716,3904","5818001,884","13,46795","52,42768"
8948,198251,11,4,4051655,Babelsberger Straße,2019,8,10,2,3,2,2,0,1,1,0,0,0,0,0,"793946,7383","5823412,781","13,32944","52,48152"
8949,198252,11,6,6020306,Lankwitz Süd,2019,8,8,2,3,5,3,0,0,1,0,0,0,1,0,"796568,8556","5817625,541","13,3628","52,42823"
8950,198253,11,4,4030929,Hindemithplatz,2019,8,7,2,2,5,7,0,0,1,0,1,0,0,0,"792711,4673","5825636,123","13,31326","52,50212"
8951,198254,11,6,6030605,Botanischer Garten,2019,8,6,2,3,2,6,0,0,1,0,1,0,0,0,"793022,1835","5820145,473","13,313","52,45273"
8952,198255,11,1,1011102,Großer Tiergarten,2019,8,6,2,3,5,2,1,1,1,0,0,0,0,0,"796575,9464","5827796,89","13,37195","52,5194"
8953,198256,11,9,9010401,Johannisthal West,2019,8,5,2,3,0,1,1,0,1,0,1,0,0,1,"806124,9918","5820123,612","13,5052","52,44535"
8954,198257,11,2,7040401,Neu-Tempelhof,2019,8,5,2,3,2,6,1,0,1,0,0,0,0,0,"797130,0683","5823973,887","13,37668","52,48483"
8955,198258,11,12,12214126,Tegel Süd,2019,8,11,2,3,0,7,0,0,1,0,0,0,0,0,"790457,6825","5834209,576","13,28764","52,58018"
8956,198259,11,6,6020411,Schütte-Lanz-Straße,2019,8,19,1,3,2,6,0,0,1,0,0,0,0,0,"793386,8543","5816217,313","13,3149","52,41732"
8957,198260,11,5,5010314,Carl-Schurz-Straße,2019,8,19,1,3,0,6,0,0,0,0,1,0,1,1,"784794,722","5828863,748","13,19971","52,53525"
8958,198261,11,8,8020622,Parchimer Allee,2019,8,21,1,3,5,3,2,0,1,0,0,0,0,1,"802541,5894","5819679,866","13,45224","52,44337"
8959,198262,11,4,4020310,Park Ruhwald,2019,8,13,1,3,2,3,0,0,1,0,0,0,0,0,"789873,8949","5827398,055","13,27311","52,51943"
8960,198263,11,9,9010402,Johannisthal Ost,2019,8,21,1,3,2,2,2,0,1,0,0,0,0,1,"805710,5759","5818789,747","13,49791","52,43363"
8961,198264,11,1,1011401,Invalidenstraße,2019,8,22,1,2,0,7,2,0,0,0,0,0,1,1,"798339,3894","5829327,232","13,39923","52,53216"
8962,198265,11,7,7010104,Dennewitzplatz,2019,8,22,1,2,4,1,2,0,1,0,0,0,0,1,"796225,0232","5824322,093","13,3637","52,48844"
8963,198266,11,1,1011201,Wilhelmstraße,2019,8,18,1,3,0,1,0,0,0,0,1,0,0,1,"796978,2488","5827086,663","13,37723","52,51282"
8964,198267,11,11,11020412,Hauptstraße,2019,8,20,1,2,0,1,1,0,0,0,1,0,0,1,"805843,3076","5831841,497","13,51183","52,55053"
8965,198268,11,1,1011105,Nördlicher Landwehrkanal,2019,8,19,1,2,5,2,0,0,1,0,0,0,0,1,"796574,942","5826872,141","13,37111","52,51111"
8966,198269,11,1,1022106,Elberfelder Straße,2019,8,19,1,3,2,6,0,0,1,0,0,0,0,1,"793667,3022","5827986,539","13,32937","52,52268"
8967,198270,11,12,12302107,Schorfheidestraße,2019,8,19,1,3,2,6,0,0,1,0,0,0,0,1,"793881,4145","5836161,858","13,33976","52,59585"
8968,198271,11,4,4020312,Branitzer Platz,2019,8,18,1,3,5,3,0,1,1,0,0,0,0,1,"789630,0675","5827416,167","13,26954","52,51972"
8969,198272,11,7,7070703,John-Locke-Straße,2019,8,18,1,3,5,2,0,1,1,0,0,0,0,1,"799772,6958","5813975,333","13,40651","52,39376"
8970,198273,11,7,7020203,Kaiser-Wilhelm-Platz,2019,8,17,1,3,1,5,0,1,1,0,0,0,0,0,"795693,087","5824483,021","13,35603","52,49017"
8971,198274,11,1,1011303,Alexanderplatzviertel,2019,8,17,1,3,5,2,0,0,1,0,0,0,1,1,"799129,7318","5827659,29","13,40935","52,51677"
8972,198275,11,2,2010103,Moritzplatz,2019,8,16,1,3,5,3,0,0,1,0,0,0,0,0,"799594,4348","5825831,578","13,41453","52,50014"
8973,198276,11,8,8020625,Handwerker-Siedlung,2019,8,16,1,2,1,5,0,0,1,0,0,0,0,0,"802446,3083","5818958,1","13,45019","52,43695"
8974,198277,11,3,3020203,Blankenfelde,2019,8,16,1,3,5,2,0,0,1,0,0,0,0,1,"798052,632","5837196,929","13,40209","52,60285"
8975,198278,11,12,12103219,Schäfersee,2019,8,14,1,3,5,3,0,0,1,0,0,0,0,0,"794075,937","5832617,451","13,33948","52,56397"
8976,198279,11,4,4030416,Klausenerplatz,2019,8,14,1,3,5,7,0,0,1,0,0,0,0,1,"790911,432","5826923,551","13,28794","52,51462"
8977,198280,11,2,2020205,Chamissokiez,2019,8,13,1,3,6,2,0,1,0,1,0,0,0,1,"798140,8143","5824540,511","13,39203","52,48936"
8978,198281,11,5,5030730,Zitadellenweg,2019,8,11,1,3,2,6,0,0,1,0,0,0,0,1,"786640,6781","5829240,462","13,22717","52,53766"
8979,198282,11,6,6020306,Lankwitz Süd,2019,8,11,1,2,5,3,0,0,1,0,0,0,0,1,"796230,8244","5817020,39","13,35731","52,42299"
8980,198283,11,7,7010102,Nollendorfplatz,2019,8,2,1,3,3,6,2,0,1,0,1,0,0,0,"795206,4072","5825599,584","13,34987","52,50045"
8981,198284,11,9,9010202,Köpenicker Landstraße,2019,8,21,1,3,2,6,2,0,1,0,0,0,1,1,"803799,7747","5823297,839","13,47399","52,4751"
8982,198285,11,7,7020203,Kaiser-Wilhelm-Platz,2019,8,18,7,3,1,5,0,0,1,0,0,0,0,0,"795014,047","5824333,292","13,34593","52,4892"
8983,198286,11,2,2040702,Weberwiese,2019,8,4,7,3,1,1,2,0,1,0,0,0,0,0,"801384,3386","5827739,978","13,44255","52,51626"
8984,198287,11,4,4030725,Amtsgerichtsplatz,2019,8,1,7,3,0,4,2,1,0,1,0,0,0,0,"791376,8671","5826072,4","13,29403","52,50674"
8985,198288,11,8,8010118,Silbersteinstraße,2019,8,13,7,3,5,2,0,1,1,0,0,0,0,0,"800995,7581","5822155,43","13,4318","52,46641"
8986,198289,11,12,12214126,Tegel Süd,2019,8,13,7,3,5,2,0,0,1,0,1,0,0,0,"789889,0144","5833976,529","13,27907","52,5784"
8987,198290,11,2,2020203,Viktoriapark,2019,8,13,7,3,6,4,0,1,0,1,0,0,0,0,"797777,6624","5824942,951","13,38705","52,49316"
8988,198291,11,1,1011102,Großer Tiergarten,2019,8,12,7,3,5,3,0,0,1,0,0,0,1,0,"796586,2338","5827816,328","13,37212","52,51957"
8989,198292,11,7,7040403,Manteuffelstraße,2019,8,12,7,3,5,2,0,0,1,0,0,0,0,0,"797842,3625","5822205,153","13,38556","52,46859"
8990,198293,11,1,1011202,Unter den Linden Nord,2019,8,12,7,3,0,1,0,0,0,0,1,0,0,0,"797733,2955","5827622,064","13,3888","52,5172"
8991,198294,11,1,1044201,Reinickendorfer Straße,2019,8,11,7,3,2,6,0,0,1,0,0,0,0,0,"796952,0671","5831899,654","13,38114","52,55597"
8992,198295,11,2,2020204,Urbanstraße,2019,8,0,7,3,0,1,2,0,0,0,0,0,1,0,"798613,5299","5825153,76","13,39952","52,4946"
8993,198296,11,9,9020701,Adlershof West,2019,8,22,7,2,5,2,2,0,1,0,0,0,0,0,"808977,9832","5818113,768","13,54519","52,42574"
8994,198297,11,1,1011304,Karl-Marx-Allee,2019,8,22,7,3,2,6,2,0,1,0,0,0,0,0,"800225,2432","5828426,842","13,42614","52,52305"
8995,198298,11,6,6020411,Schütte-Lanz-Straße,2019,8,20,7,3,6,7,2,1,0,1,0,0,0,0,"794268,9484","5815533,726","13,32723","52,41072"
8996,198299,11,7,7010104,Dennewitzplatz,2019,8,19,7,3,5,3,0,1,1,0,0,0,0,0,"796046,354","5825344,573","13,36199","52,49771"
8997,198300,11,3,3030711,Blankenburg,2019,8,18,7,3,0,7,0,1,0,0,0,0,0,0,"801118,3191","5836034,273","13,44616","52,59074"
8998,198301,11,9,9010202,Köpenicker Landstraße,2019,8,17,7,2,5,3,0,0,1,0,1,0,0,0,"804486,1935","5823237,529","13,48401","52,47418"
8999,198302,11,6,6020409,Königsberger Straße,2019,8,17,7,3,2,6,0,0,1,0,0,0,0,0,"793655,0698","5818166,124","13,32054","52,43465"
9000,198303,11,2,2030401,Reichenberger Straße,2019,8,16,7,3,2,7,0,0,1,0,0,0,1,0,"800090,6547","5825409,807","13,42144","52,49608"
9001,198304,11,5,5020524,Weinmeisterhornweg,2019,8,16,7,2,0,1,0,1,0,0,0,0,0,0,"782963,2289","5826869,47","13,17108","52,51832"
9002,198305,11,5,5010314,Carl-Schurz-Straße,2019,8,15,7,3,2,6,0,0,1,0,0,0,0,0,"783578,3051","5829044,822","13,18198","52,53751"
9003,198306,11,4,4041344,Rüdesheimer Platz,2019,8,15,7,3,5,3,0,1,1,0,0,0,0,0,"793372,6104","5822415,331","13,32013","52,47289"
9004,198307,11,6,6040810,Dahlem,2019,8,15,7,3,2,6,0,0,1,0,0,0,0,0,"792336,3209","5820811,341","13,30352","52,45907"
9005,198308,11,1,1044201,Reinickendorfer Straße,2019,8,15,7,3,1,5,0,0,1,0,1,0,0,0,"797107,8358","5831922,896","13,38345","52,5561"
9006,198309,11,2,2050802,Boxhagener Platz,2019,8,14,7,3,2,6,0,0,1,0,0,0,1,0,"801980,9387","5826926,671","13,45058","52,50864"
9007,198310,11,7,7050501,Rathausstraße,2019,8,14,7,3,2,6,0,1,1,0,0,0,0,0,"797817,1339","5819926,011","13,38316","52,44817"
9008,198311,11,11,11051331,Karlshorst Nord,2019,8,8,6,2,5,3,0,1,1,0,0,0,0,0,"807713,0637","5825488,764","13,53344","52,49255"
9009,198312,11,7,7030301,Friedenau,2019,8,19,6,3,6,7,0,0,1,1,0,0,0,0,"793733,5763","5821634,544","13,32475","52,4657"
9010,198313,11,12,12214421,Reinickes Hof,2019,8,20,6,3,5,2,0,0,1,0,1,0,0,0,"793465,116","5833646,389","13,3314","52,57352"
9011,198314,11,8,8010301,Reuterkiez,2019,8,19,6,3,3,6,0,1,1,0,0,0,0,0,"800664,6143","5824372,159","13,42893","52,48647"
9012,198315,11,1,1011304,Karl-Marx-Allee,2019,8,18,6,3,5,2,0,0,1,0,1,0,0,0,"799672,5587","5827881,637","13,41753","52,51847"
9013,198316,11,1,1011302,Oranienburger Straße,2019,8,17,6,3,3,6,0,0,1,0,1,0,0,0,"798980,4577","5829004,514","13,40837","52,52891"
9014,198317,11,9,9020701,Adlershof West,2019,8,16,6,3,5,2,0,1,1,0,0,0,0,0,"809055,984","5818762,711","13,54693","52,43151"
9015,198318,11,10,10040830,Kaulsdorf Süd,2019,8,16,6,3,2,6,0,0,1,0,0,0,1,0,"810731,1928","5826407,978","13,57861","52,49907"
9016,198319,11,1,1022101,Huttenkiez,2019,8,16,6,3,0,5,0,1,0,0,0,0,1,0,"793238,3312","5829015,465","13,32398","52,53213"