,id,city,district,lor,street,year,month,hour,weekday,category,collision,movement,light_conditions,bicycle,car,pedestrian,motorbike,truck,other_vehicle,road_conditions,LINREFX,LINREFY,XGCSWGS84,YGCSWGS84
9194,198497,11,3,3040818,Pankow Süd,2019,8,7,4,3,6,4,0,1,0,1,0,0,0,0,"799618,2406","5832900,919","13,42126","52,56349"
9195,198498,11,8,8010404,Rixdorf,2019,8,8,4,3,6,4,0,1,0,1,0,0,0,0,"802359,5687","5823235,852","13,45279","52,47534"
9196,198499,11,6,6040808,Hüttenweg,2019,8,21,4,3,1,5,2,1,1,0,0,0,0,0,"788665,0191","5821483,92","13,25021","52,46705"
9197,198500,11,1,1011102,Großer Tiergarten,2019,8,20,4,3,0,7,1,0,0,0,1,0,1,1,"795156,1062","5827069,006","13,35044","52,51365"
9198,198501,11,5,5010207,Darbystraße,2019,8,20,4,3,0,2,0,0,1,0,1,0,0,0,"783691,2322","5830168,797","13,1846","52,54752"
9199,198502,11,7,7020203,Kaiser-Wilhelm-Platz,2019,8,18,4,3,0,3,0,0,1,0,1,0,0,0,"795150,7214","5824016,297","13,34765","52,48628"
9200,198503,11,3,3061429,Greifswalder Straße,2019,8,17,4,3,6,4,0,1,0,1,0,0,0,0,"801035,2388","5830457,001","13,43988","52,5408"
9201,198504,11,2,2020206,Graefekiez,2019,8,18,4,3,3,6,0,1,1,0,0,0,0,0,"799736,0135","5825019,823","13,41588","52,49278"
9202,198505,11,1,1033203,Humboldthain Nordwest,2019,8,18,4,3,2,6,0,0,1,0,1,0,0,0,"796500,4221","5829913,214","13,37273","52,53841"
9203,198506,11,10,10040931,Mahlsdorf Nord,2019,8,17,4,3,1,5,0,1,1,0,0,0,0,0,"814259,5337","5829300,919","13,63315","52,52298"
9204,198507,11,11,11051229,Rummelsburg,2019,8,17,4,3,5,2,0,1,0,0,0,0,1,0,"803688,0015","5826242,168","13,47503","52,50155"
9205,198508,11,3,3050925,Komponistenviertel Weißensee,2019,8,15,4,3,6,2,0,0,1,1,0,0,0,0,"802263,6328","5831576,71","13,45896","52,55016"
9206,198509,11,2,2050601,Hausburgviertel,2019,8,17,4,3,5,3,0,1,1,0,0,0,0,0,"802168,2566","5828591,814","13,45484","52,52346"
9207,198510,11,4,4030622,Richard-Wagner-Straße,2019,8,16,4,3,2,6,0,0,1,0,0,0,1,0,"792749,3428","5826830,47","13,31486","52,51281"
9208,198511,11,12,12214421,Reinickes Hof,2019,8,17,4,3,5,2,0,1,1,0,0,0,0,0,"793488,8642","5833874,031","13,33195","52,57555"
9209,198512,11,2,2050802,Boxhagener Platz,2019,8,16,4,3,2,6,0,0,0,0,0,0,1,0,"802973,6343","5826889,463","13,46513","52,50775"
9210,198513,11,2,2040502,Friedenstraße,2019,8,16,4,3,0,3,0,0,1,0,1,0,0,0,"800868,8215","5828314,388","13,4355","52,52169"
9211,198514,11,8,8020625,Handwerker-Siedlung,2019,8,16,4,3,5,3,0,0,1,0,0,0,0,0,"801404,4802","5818946,899","13,4349","52,43743"
9212,198515,11,4,4051654,Wilhelmsaue,2019,8,15,4,3,6,4,0,1,0,1,0,0,0,0,"793742,7547",5823682,"13,32668","52,48405"
9213,198516,11,6,6030605,Botanischer Garten,2019,8,15,4,3,0,1,0,1,0,0,0,0,0,0,"792267,4309","5819359,743","13,30123","52,44609"
9214,198517,11,8,8020619,Buschkrugallee Nord,2019,8,15,4,3,5,2,0,0,1,0,0,0,0,0,"801893,317","5821840,913","13,44468","52,4631"
9215,198518,11,1,1022106,Elberfelder Straße,2019,8,15,4,3,0,6,0,0,1,0,1,0,0,0,"793664,2055","5827984,187","13,32932","52,52266"
9216,198519,11,3,3061441,Eldenaer Straße,2019,8,15,4,3,5,3,0,1,0,0,0,0,0,0,"802567,4075","5828655,475","13,46076","52,52381"
9217,198520,11,9,9020702,Adlershof Ost,2019,8,14,4,3,0,1,0,1,0,0,0,0,0,0,"809146,7124","5819518,235","13,54896","52,43823"
9218,198521,11,9,9020501,Oberschöneweide West,2019,8,14,4,3,5,7,0,0,1,0,1,0,0,0,"806274,5894","5822917,38","13,50996","52,47031"
9219,198522,11,1,1044102,Schillerpark,2019,8,14,4,3,1,5,0,0,1,0,0,0,0,0,"795113,8365","5832342,275","13,3545","52,56094"
9220,198523,11,9,9051701,Hirschgarten,2019,8,14,4,3,5,3,0,0,1,0,0,0,1,0,"813260,2255","5821764,933","13,61139","52,45602"
9221,198524,11,1,1044203,Leopoldplatz,2019,8,13,4,3,5,3,0,0,1,0,0,0,0,0,"795610,3147","5830993,841","13,3606","52,54858"
9222,198525,11,4,4041137,Flinsberger Platz,2019,8,13,4,3,2,6,0,0,1,0,0,0,0,0,"791022,9453","5823094,627","13,28623","52,48024"
9223,198526,11,8,8010115,Hasenheide,2019,8,13,4,3,5,2,0,1,1,0,0,0,0,0,"799850,8722","5823654,82","13,41634","52,48048"
9224,198527,11,5,5030731,Gartenfelder Straße,2019,8,12,4,3,6,4,0,1,0,1,0,0,0,0,"787999,2505","5830184,595","13,24797","52,54541"
9225,198528,11,1,1033101,Soldiner Straße,2019,8,12,4,3,1,5,0,1,1,0,0,0,0,0,"796430,8779","5831984,639","13,37355","52,55702"
9226,198529,11,2,2020204,Urbanstraße,2019,8,11,4,3,5,3,0,1,1,0,0,0,0,0,"798493,8601","5825222,624","13,39782","52,49528"
9227,198530,11,1,1011401,Invalidenstraße,2019,8,11,4,3,6,4,0,0,0,1,0,0,1,0,"797477,0948","5829029,491","13,38629","52,52996"
9228,198531,11,8,8010117,Schillerpromenade,2019,8,10,4,3,2,6,0,0,1,0,1,0,0,0,"800596,8634","5823190,3","13,42687","52,47591"
9229,198532,11,4,4051655,Babelsberger Straße,2019,8,10,4,3,5,2,0,1,1,0,0,0,0,0,"793912,9731","5823084,508","13,32866","52,4786"
9230,198533,11,4,4041239,Stadion Wilmersdorf,2019,8,10,4,3,5,2,0,1,0,0,0,0,1,0,"792342,9002","5823120,286","13,30564","52,47976"
9231,198534,11,1,1011302,Oranienburger Straße,2019,8,9,4,3,5,2,0,1,1,0,0,0,0,0,"797758,9468","5828569,808","13,39002","52,52568"
9232,198535,11,12,12304314,Ziekowstraße/Freie Scholle,2019,8,9,4,3,4,6,0,1,0,0,0,0,0,0,"790623,5039","5835959,551","13,29162","52,59578"
9233,198536,11,3,3061430,Volkspark Prenzlauer Berg,2019,8,8,4,3,6,4,0,0,1,1,0,0,0,0,"802067,0127","5829584,73","13,45426","52,53241"
9234,198537,11,1,1044101,Rehberge,2019,8,8,4,3,2,7,0,0,1,0,0,0,0,0,"794325,1867","5831332,11","13,342","52,55231"
9235,198538,11,1,1033203,Humboldthain Nordwest,2019,8,7,4,3,6,4,0,1,0,1,0,0,0,0,"796535,2569","5829880,186","13,37321","52,5381"
9236,198539,11,1,1033102,Gesundbrunnen,2019,8,7,4,3,1,5,0,1,0,0,0,0,1,0,"797265,7959","5831276,37","13,3852","52,55022"
9237,198540,11,5,5030731,Gartenfelder Straße,2019,8,7,4,3,3,6,0,0,1,0,0,1,0,0,"786975,7717","5829474,46","13,2323","52,53958"
9238,198541,11,7,7040404,Marienhöhe,2019,8,1,4,3,8,1,2,0,1,0,0,0,0,0,"796393,6853","5819743,565","13,36211","52,44731"
9239,198542,11,8,8010211,Flughafenstraße,2019,8,1,4,3,5,2,2,0,1,0,0,0,0,0,"800419,0002","5823854,194","13,42486","52,48196"
9240,198543,11,1,1022206,Lüneburger Straße,2019,8,20,4,3,5,2,1,1,1,0,0,0,0,0,"796153,5875","5828278,068","13,36617","52,52394"
9241,198544,11,2,2050803,Stralauer Kiez,2019,8,12,4,3,0,2,0,1,1,0,0,0,0,0,"802620,5308","5826136,051","13,45925","52,50119"
9242,198545,11,5,5010314,Carl-Schurz-Straße,2019,8,17,4,2,5,3,0,1,1,0,0,0,0,0,"784800,3362","5828788,293","13,19973","52,53457"
9243,198546,11,9,9020601,Schnellerstraße,2019,8,14,4,2,3,6,0,1,0,0,0,0,0,0,"805741,1314","5821782,362","13,50109","52,46044"
9244,198547,11,1,1044102,Schillerpark,2019,8,12,4,2,6,4,0,0,0,1,1,0,0,0,"794812,0042","5831913,829","13,34968","52,55726"
9245,198548,11,10,10040829,Alt-Kaulsdorf,2019,8,7,4,2,5,3,0,1,1,0,0,0,0,0,"811349,1206","5827806,52","13,58899","52,51125"
9246,198549,11,11,11020412,Hauptstraße,2019,8,6,4,2,5,3,0,1,1,0,0,0,0,0,"805829,9658","5831862,424","13,51165","52,55073"
9247,198550,11,4,4030519,Kaiserin-Augusta-Allee,2019,8,8,3,3,2,2,0,0,1,0,1,0,0,0,"792345,3308","5827971,385","13,30993","52,52325"
9248,198551,11,6,6030608,Schweizer Viertel,2019,8,7,3,3,5,2,0,1,1,0,0,0,0,0,"790908,9877","5817458,272","13,27965","52,42977"
9249,198552,11,4,4030518,Tegeler Weg,2019,8,20,3,3,5,3,2,0,1,0,0,0,1,0,"791931,5525","5828331,141","13,30416","52,5267"
9250,198553,11,1,1011304,Karl-Marx-Allee,2019,8,19,3,3,0,1,1,1,0,0,0,0,0,0,"799681,4884","5827573,205","13,41738","52,5157"
9251,198554,11,4,4020311,Reichsstraße,2019,8,19,3,3,1,5,1,1,1,0,0,0,0,0,"788630,4235","5827480,252","13,2549","52,52083"
9252,198555,11,3,3061228,Erich-Weinert-Straße,2019,8,19,3,3,3,6,0,1,0,0,0,0,0,0,"800194,0116","5830930,245","13,42794","52,54551"
9253,198556,11,1,1011301,Charitéviertel,2019,8,18,3,3,0,1,0,1,0,0,0,0,0,0,"797126,7244","5827886,753","13,38012","52,51991"
9254,198557,11,1,1011303,Alexanderplatzviertel,2019,8,18,3,3,1,5,0,1,1,0,0,0,1,0,"799161,5229","5828790,194","13,41084","52,52689"
9255,198558,11,1,1011301,Charitéviertel,2019,8,17,3,3,6,2,0,0,1,1,0,0,0,0,"797069,6214","5828181,489","13,37955","52,52258"
9256,198559,11,3,3020210,Herthaplatz,2019,8,17,3,3,5,3,0,0,1,0,1,0,0,0,"798474,0529","5834871,82","13,4062","52,58178"
9257,198560,11,1,1044202,Sparrplatz,2019,8,17,3,3,2,6,0,1,1,0,0,0,0,0,"795529,3862","5830044,414","13,35857","52,54012"
9258,198561,11,4,4030725,Amtsgerichtsplatz,2019,8,17,3,3,6,4,0,0,1,1,0,0,0,0,"791971,9504","5826033,756","13,30274","52,50608"
9259,198562,11,8,8030829,Gropiusstadt Nord,2019,8,17,3,3,2,6,0,0,1,0,0,0,0,0,"803012,0959","5818352,712","13,45794","52,43122"
9260,198563,11,4,4030623,Ernst-Reuter-Platz,2019,8,16,3,3,5,3,0,1,1,0,0,0,0,0,"793300,7563","5827220,259","13,32331","52,516"
9261,198564,11,9,9030901,Dorf Altglienicke,2019,8,16,3,3,5,2,0,0,1,0,0,0,0,0,"808083,5134","5816925,765","13,53098","52,41559"
9262,198565,11,4,4041241,Breite Straße,2019,8,16,3,3,5,2,0,1,1,0,0,0,0,0,"791412,9934","5822544,936","13,29148","52,4751"
9263,198566,11,7,7040401,Neu-Tempelhof,2019,8,16,3,3,5,2,0,1,1,0,0,0,0,0,"797787,572","5823274,241","13,38571","52,4782"
9264,198567,11,10,10030724,Oberfeldstraße,2019,8,15,3,3,1,5,0,1,1,0,0,0,0,0,"808995,1109","5830085,957","13,55654","52,53302"
9265,198568,11,4,4030417,Schloßstraße,2019,8,9,3,3,5,2,0,1,1,0,0,0,0,0,"791570,9237","5826572,581","13,29732","52,51112"
9266,198569,11,7,7010104,Dennewitzplatz,2019,8,12,1,2,0,7,0,1,0,0,0,0,0,0,"796761,9113","5824800,805","13,37201","52,49244"
9267,198570,11,1,1044203,Leopoldplatz,2019,8,4,3,3,5,3,2,0,1,0,0,0,0,1,"795884,7312","5831962,531","13,3655","52,55712"
9268,198571,11,3,3030711,Blankenburg,2019,8,15,3,3,0,3,0,0,1,0,1,0,0,0,"801422,308","5836110,66","13,45071","52,59126"
9269,198572,11,7,7030303,Grazer Platz,2019,8,14,3,3,0,5,0,1,1,0,0,0,0,0,"795037,3795","5821615,549","13,34387","52,46482"
9270,198573,11,7,7040405,Rathaus Tempelhof,2019,8,14,3,3,5,3,0,0,1,0,0,0,1,0,"798890,1398","5820866,074","13,39974","52,45601"
9271,198574,11,1,1011104,Körnerstraße,2019,8,14,3,3,5,2,0,1,1,0,0,0,0,0,"796269,6227","5825956,003","13,36581","52,50307"
9272,198575,11,8,8041038,Waßmannsdorfer Chaussee,2019,8,14,3,3,6,4,0,0,1,1,0,0,0,0,"805722,8496","5816779,874","13,49625","52,41561"
9273,198576,11,10,10020517,Adele-Sandrock-Straße,2019,8,13,3,3,5,2,0,1,1,0,0,0,0,0,"813368,613","5830132,338","13,62085","52,53094"
9274,198577,11,1,1011301,Charitéviertel,2019,8,12,3,3,5,3,0,0,1,0,1,0,0,0,"797034,898","5829317,032","13,38005","52,53278"
9275,198578,11,4,4010102,Plötzensee,2019,8,12,3,3,2,6,0,0,1,0,0,0,0,0,"793261,2306","5830061,76","13,32524","52,5415"
9276,198579,11,3,3050919,Gustav-Adolf-Straße,2019,8,12,3,3,2,6,0,0,1,0,0,0,0,0,"800954,2663","5832147,621","13,44022","52,556"
9277,198580,11,1,1044203,Leopoldplatz,2019,8,5,3,3,5,3,1,1,1,0,0,0,0,0,"795878,6741","5831927,792","13,36538","52,55681"
9278,198581,11,7,7020204,Schöneberger Insel,2019,8,11,3,3,3,6,0,1,0,0,0,0,1,0,"796284,1819","5823196,035","13,36357","52,47832"
9279,198582,11,4,4020311,Reichsstraße,2019,8,11,3,3,5,3,0,0,1,0,0,0,0,0,"789992,273","5826317,665","13,2739","52,50968"
9280,198583,11,6,6020411,Schütte-Lanz-Straße,2019,8,10,3,3,5,3,0,1,1,0,0,0,0,0,"794846,4269","5815349,536","13,33554","52,40876"
9281,198584,11,7,7030301,Friedenau,2019,8,10,3,3,4,6,0,1,0,0,0,0,0,0,"793883,0154","5821558,935","13,32687","52,46494"
9282,198585,11,9,9030901,Dorf Altglienicke,2019,8,9,3,3,5,3,0,0,1,0,0,1,0,0,"807573,534","5815427,807","13,52213","52,40246"
9283,198586,11,6,6030607,Goerzwerke,2019,8,9,3,3,6,4,0,1,0,1,0,0,0,0,"792991,2081","5817715,348","13,31041","52,43096"
9284,198587,11,3,3040513,Schönholz,2019,8,8,3,3,5,2,0,0,1,0,1,0,0,0,"798049,9717","5833597,711","13,39881","52,57059"
9285,198588,11,1,1022104,Emdener Straße,2019,8,8,3,3,5,7,0,0,1,0,1,0,0,0,"793607,2912","5829133,36","13,3295","52,53299"
9286,198589,11,7,7030303,Grazer Platz,2019,8,7,3,3,6,4,0,1,0,1,0,0,0,0,"795890,0336","5820828,643","13,35568","52,45731"
9287,198590,11,4,4030726,Droysenstraße,2019,8,8,3,3,3,6,0,1,0,0,0,0,1,0,"792135,541","5825303,805","13,30451","52,49945"
9288,198591,11,8,8041037,Alt-Rudow,2019,8,7,3,3,5,2,0,1,0,0,0,0,1,0,"805395,3381","5817297,758","13,49192","52,42044"
9289,198592,11,3,3030406,Alt-Karow,2019,8,7,3,3,5,2,0,1,0,0,0,0,0,0,"803626,0358","5838990,042","13,48578","52,61584"
9290,198593,11,1,1011306,Heine-Viertel Ost,2019,8,7,3,3,5,5,0,1,1,0,0,0,0,0,"799862,7028","5826725,432","13,41928","52,508"
9291,198594,11,1,3071537,Kollwitzplatz,2019,8,6,3,3,3,6,0,0,1,0,1,0,0,0,"799500,6008","5828868,913","13,41589","52,52741"
9292,198595,11,11,11030721,Rüdigerstraße,2019,8,16,3,2,0,3,0,1,0,0,0,0,0,0,"804769,7815","5827953,595","13,49248","52,51629"
9293,198596,11,10,10010102,Havemannstraße,2019,8,6,3,3,5,2,1,1,0,0,0,0,1,0,"809357,6489","5834278,683","13,56577","52,57039"
9294,198597,11,12,12304313,Borsigwalde,2019,8,13,3,2,8,6,0,0,1,0,0,0,0,0,"791404,6232","5834248,616","13,30161","52,58003"
9295,198598,11,9,9010401,Johannisthal West,2019,8,9,3,2,1,5,0,1,0,0,0,0,1,0,"805750,4818","5821343,165","13,50083","52,45649"
9296,198599,11,2,2030301,Oranienplatz,2019,8,9,3,3,1,5,0,1,1,0,0,0,1,0,"800078,7317","5825915,568","13,42172","52,50062"
9297,198600,11,7,7030303,Grazer Platz,2019,8,10,3,3,2,6,0,0,1,0,0,0,0,0,"794605,1715","5821838,041","13,33772","52,46705"
9298,198601,11,12,12103117,Letteplatz,2019,8,15,2,3,6,4,0,0,0,1,1,0,0,0,"795902,0471","5832722,152","13,36643","52,56392"
9299,198602,11,6,6040804,Krumme Lanke,2019,8,18,2,3,6,7,0,1,0,1,0,0,0,0,"787950,9967","5818881,167","13,23749","52,44409"
9300,198603,11,6,6030504,Teltower Damm,2019,8,18,2,3,2,6,0,1,1,0,0,0,0,0,"789778,9538","5815904,519","13,26173","52,41644"
9301,198604,11,12,12103219,Schäfersee,2019,8,17,2,3,5,2,0,1,0,0,0,0,1,0,"795649,9105","5833011,387","13,36298","52,56665"
9302,198605,11,2,2030301,Oranienplatz,2019,8,17,2,3,5,3,0,1,1,0,0,0,0,0,"800066,633","5825920,046","13,42155","52,50067"
9303,198606,11,3,3061441,Eldenaer Straße,2019,8,17,2,3,2,7,0,0,1,0,0,0,0,0,"802330,5613","5828713,97","13,45734","52,52446"
9304,198607,11,6,6030504,Teltower Damm,2019,8,16,2,3,2,6,0,1,1,0,0,0,0,0,"788970,5622","5816397,228","13,2503","52,42128"
9305,198608,11,7,7030301,Friedenau,2019,8,16,2,3,0,7,0,1,0,0,0,0,0,0,"793916,2284","5822504,204","13,32819","52,4734"
9306,198609,11,1,1022102,Beusselkiez,2019,8,16,2,3,5,3,0,1,0,0,0,0,0,0,"793300,5265","5828392,318","13,32434","52,52651"
9307,198610,11,4,4041136,Hagenplatz,2019,8,16,2,3,1,5,0,0,1,0,0,0,0,0,"790673,2405","5822906,085","13,28093","52,47873"
9308,198611,11,11,11041128,Sewanstraße,2019,8,10,2,3,0,7,0,1,0,0,0,0,0,0,"805549,0526","5825408,884","13,5016","52,49305"
9309,198612,11,1,1044201,Reinickendorfer Straße,2019,9,12,2,3,0,4,0,0,0,1,0,0,1,0,"796436,7502","5831957,511","13,37361","52,55677"
9310,198613,11,1,1033102,Gesundbrunnen,2019,8,20,2,3,5,3,2,1,1,0,0,0,0,0,"797140,9446","5831804,109","13,38383","52,55501"
9311,198614,11,9,9010402,Johannisthal Ost,2019,9,15,2,3,5,3,0,1,1,0,0,0,0,0,"807012,5646","5820000,545","13,51811","52,44375"
9312,198615,11,11,11030721,Rüdigerstraße,2019,9,7,2,3,3,2,0,1,1,0,0,0,0,0,"804303,0644","5828174,553","13,48583","52,51853"
9313,198616,11,11,11010310,Mühlengrund,2019,8,16,2,3,2,6,0,0,1,0,0,0,1,0,"805511,2631","5833361,652","13,50835","52,56434"
9314,198617,11,2,2050801,Traveplatz,2019,8,15,2,3,5,2,0,1,0,0,1,0,0,0,"803466,787","5827006,257","13,47248","52,50852"
9315,198618,11,4,4051445,Eisenzahnstraße,2019,9,11,2,3,2,2,0,0,1,0,0,1,0,0,"792490,9426","5824356,459","13,30889","52,49077"
9316,198619,11,6,6040808,Hüttenweg,2019,9,11,2,3,2,6,0,0,1,0,1,0,0,0,"790054,6454","5819391,936","13,2688","52,44756"
9317,198620,11,10,10020517,Adele-Sandrock-Straße,2019,8,15,2,3,2,6,0,0,1,0,0,0,0,0,"813230,6983","5830142,03","13,61883","52,53111"
9318,198621,11,6,6020301,Alt-Lankwitz,2019,9,10,2,2,2,6,0,0,1,0,0,0,0,0,"796742,4901","5818424,507","13,36606","52,4353"
9319,198622,11,9,9020802,Köllnische Vorstadt,2019,8,15,2,3,0,3,0,1,1,0,0,0,0,0,"810488,3211","5820100,09","13,56918","52,44268"
9320,198623,11,1,1033202,Humboldthain Süd,2019,9,11,2,3,2,2,0,0,1,0,0,0,0,0,"797772,4613","5829743,966","13,39127","52,5362"
9321,198624,11,1,1033102,Gesundbrunnen,2019,8,15,2,3,2,6,0,0,1,0,0,0,1,0,"797165,0892","5831383,595","13,38381","52,55123"
9322,198625,11,8,8041036,Zittauer Straße,2019,9,11,2,3,5,3,0,0,1,0,0,0,0,0,"805268,6566","5817249,913","13,49002","52,42008"
9323,198626,11,5,5010101,Hakenfelde Nord,2019,8,15,2,3,5,3,0,1,1,0,0,0,0,0,"785421,3354","5833134,883","13,21259","52,57321"
9324,198627,11,12,12214424,Scharnweberstraße,2019,9,11,2,3,3,6,0,0,1,0,0,0,0,0,"793403,2709","5832502,841","13,32948","52,5633"
9325,198628,11,7,7010104,Dennewitzplatz,2019,9,7,2,3,2,7,0,0,0,0,1,0,1,0,"796407,4256","5824314,507","13,36637","52,48828"
9326,198629,11,6,6030608,Schweizer Viertel,2019,8,14,2,3,0,1,0,1,0,0,0,0,0,0,"791400,7932","5817792,549","13,28715","52,4325"
9327,198630,11,4,4030621,Spreestadt,2019,8,12,2,3,5,3,0,1,1,0,0,0,0,0,"793598,7198","5827934,896","13,32832","52,52225"
9328,198631,11,9,9051901,Dammvorstadt,2019,9,10,2,3,0,1,0,1,0,0,0,0,0,0,"810822,0614","5820754,912","13,57468","52,44836"
9329,198632,11,1,1011203,Unter den Linden Süd,2019,8,11,2,3,2,6,0,1,1,0,0,0,0,0,"797818,9095","5827085,093","13,38958","52,51234"
9330,198633,11,1,1011203,Unter den Linden Süd,2019,9,7,2,3,1,5,0,1,1,0,0,0,0,0,"797614,4145","5827324,514","13,38679","52,5146"
9331,198634,11,2,2050602,Samariterviertel,2019,8,13,2,3,5,3,0,1,1,0,0,0,0,0,"802416,3728","5828159,991","13,45809","52,51945"
9332,198635,11,9,9010401,Johannisthal West,2019,9,14,2,3,5,3,0,1,1,0,0,0,0,0,"806231,885","5820330,035","13,50696","52,44714"
9333,198636,11,6,6040807,Zehlendorf Eiche,2019,8,11,2,2,5,2,0,1,1,0,0,0,0,0,"790266,0254","5818425,522","13,27106","52,43878"
9334,198637,11,1,1011401,Invalidenstraße,2019,9,10,2,3,0,1,0,1,1,0,0,0,0,0,"797923,3745","5829296,063","13,39309","52,53211"
9335,198638,11,11,11030619,Fennpfuhl Ost,2019,8,10,2,3,0,6,0,0,1,0,1,0,0,0,"803642,637","5829518,394","13,47735","52,53094"
9336,198639,11,10,10040933,Mahlsdorf Süd,2019,9,10,2,3,2,6,0,0,0,0,1,1,0,0,"812374,4361","5824004,558","13,60049","52,4766"
9337,198640,11,1,1011102,Großer Tiergarten,2019,9,14,2,3,5,3,0,0,1,0,1,0,0,0,"795049,7504","5827190,349","13,34898","52,51479"
9338,198641,11,2,2050801,Traveplatz,2019,8,10,2,3,5,5,0,1,0,0,0,0,1,0,"803578,7314","5827251,324","13,47434","52,51066"
9339,198642,11,2,2010104,Wassertorplatz,2019,9,10,2,3,5,3,0,0,1,0,0,0,1,0,"799332,8143","5825643,201","13,41052","52,49859"
9340,198643,11,8,8041035,Blumenviertel,2019,8,9,2,3,5,3,0,0,1,0,0,0,0,0,"804756,5053","5818460,742","13,48361","52,43121"
9341,198644,11,10,10030727,Biesdorf Süd,2019,9,9,2,3,2,6,0,1,1,0,0,0,0,0,"809581,4019","5824963,399","13,56039","52,48678"
9342,198645,11,1,1022204,Thomasiusstraße,2019,9,9,2,2,5,2,0,0,1,0,1,0,0,0,"795118,309","5828260,673","13,35094","52,52435"
9343,198646,11,4,4030623,Ernst-Reuter-Platz,2019,8,9,2,3,0,1,0,1,0,0,0,0,0,0,"793790,1327","5826938,358","13,33025","52,51321"
9344,198647,11,4,4020311,Reichsstraße,2019,9,9,2,2,6,7,0,0,0,1,0,0,1,0,"789630,8045","5826519,391","13,26877","52,51168"
9345,198648,11,12,12214422,Klixstraße,2019,8,8,2,3,1,1,0,0,1,0,0,0,0,0,"792267,4101","5833460,096","13,31362","52,5725"
9346,198649,11,4,4051653,Prager Platz,2019,9,8,2,3,2,6,0,0,1,0,1,0,0,0,"793993,3384","5824432,048","13,33102","52,49064"
9347,198650,11,2,2010104,Wassertorplatz,2019,8,8,2,3,2,6,0,0,1,0,0,0,0,0,"799111,5059","5825616,935","13,40725","52,49848"
9348,198651,11,9,9041501,Altstadt Kietz,2019,9,8,2,2,2,6,0,0,1,0,0,0,0,0,"811044,5871","5820290,889","13,57751","52,44408"
9349,198652,11,4,4051446,Preußenpark,2019,8,7,2,3,5,2,0,1,1,0,0,0,0,0,"792924,6834","5824369,308","13,31528","52,49065"
9350,198653,11,4,4030417,Schloßstraße,2019,9,8,2,3,5,2,0,1,1,0,0,0,0,0,"790879,5383","5826740,671","13,28731","52,513"
9351,198654,11,7,7030303,Grazer Platz,2019,9,10,2,2,9,7,0,0,1,0,0,0,0,0,"795814,9036","5820978,976","13,35471","52,4587"
9352,198655,11,6,6020410,Oberhofer Platz,2019,8,7,2,3,5,2,0,1,1,0,0,0,0,0,"794097,1478","5817420,813","13,32637","52,42773"
9353,198656,11,2,2040701,Andreasviertel,2019,8,5,2,3,5,2,1,0,1,0,1,0,0,0,"800631,4386","5827304,017","13,43109","52,51276"
9354,198657,11,2,2020204,Urbanstraße,2019,9,13,1,3,6,7,0,0,0,1,0,0,1,0,"798919,3445","5825281,61","13,40412","52,49558"
9355,198658,11,2,2050802,Boxhagener Platz,2019,8,0,2,3,0,1,2,0,0,0,1,0,0,0,"802369,5116","5827303,205","13,45663","52,5118"
9356,198659,11,3,3071537,Kollwitzplatz,2019,9,0,1,3,5,3,2,0,1,0,0,0,1,0,"799320,8484","5829403,95","13,41373","52,53231"
9357,198660,11,3,3040614,Pankow Zentrum,2019,8,23,2,3,0,1,2,1,0,0,0,0,0,1,"799601,3908","5834026,02","13,42202","52,57358"
9358,198661,11,6,6030607,Goerzwerke,2019,9,17,1,2,6,4,0,0,1,1,0,0,0,0,"792302,1299","5816419,824","13,29917","52,41972"
9359,198662,11,1,1044203,Leopoldplatz,2019,8,21,2,3,5,3,2,1,1,0,0,0,0,1,"795897,2719","5831931,011","13,36566","52,55683"
9360,198663,11,1,1044202,Sparrplatz,2019,9,20,1,3,6,4,2,1,0,1,0,0,0,0,"795353,9902","5830247,489","13,35617","52,54203"
9361,198664,11,4,4020313,Königin-Elisabeth-Straße,2019,9,18,1,3,5,2,0,1,1,0,0,0,0,0,"790741,6248","5826718,392","13,28526","52,51287"
9362,198665,11,11,11041023,Gensinger Straße,2019,8,20,2,3,0,7,1,1,1,0,0,0,0,1,"806756,234","5827745,499","13,52147","52,51331"
9363,198666,11,8,8010303,Donaustraße,2019,9,18,1,3,0,6,0,0,1,0,0,0,1,0,"801432,4054","5823871,04","13,43975","52,48155"
9364,198667,11,6,6010205,Südende,2019,8,19,2,3,1,5,2,1,0,0,0,0,1,1,"794836,8638","5820045,157","13,33954","52,45085"
9365,198668,11,10,10010102,Havemannstraße,2019,9,17,1,3,5,2,0,0,1,0,0,0,0,0,"809347,3839","5834283,582","13,56562","52,57044"
9366,198669,11,5,5030730,Zitadellenweg,2019,8,18,2,3,3,2,0,0,1,0,0,1,0,0,"786537,8568","5831590,981","13,22769","52,55879"
9367,198670,11,10,10010311,Landsberger Tor,2019,9,16,1,3,6,6,0,1,0,1,0,0,0,0,"810268,173","5830966,691","13,57607","52,54019"
9368,198671,11,12,12103116,Hausotterplatz,2019,8,22,2,2,5,3,2,0,1,0,0,0,1,1,"796289,479","5833226,757","13,37258","52,56823"
9369,198672,11,11,11041128,Sewanstraße,2019,9,11,1,3,5,3,0,1,1,0,0,0,0,0,"806999,5058","5825987,426","13,52343","52,49742"
9370,198673,11,2,2010102,Mehringplatz,2019,9,11,1,3,5,3,0,1,1,0,0,0,0,0,"798186,1162","5826507,477","13,39445","52,50697"