,id,city,district,lor,street,year,month,hour,weekday,category,collision,movement,light_conditions,bicycle,car,pedestrian,motorbike,truck,other_vehicle,road_conditions,LINREFX,LINREFY,XGCSWGS84,YGCSWGS84
10079,199382,11,3,3061228,Erich-Weinert-Straße,2019,9,16,3,2,2,6,0,0,1,0,0,0,0,1,"800346,491","5830853,643","13,43011","52,54474"
10080,199383,11,9,9051901,Dammvorstadt,2019,9,17,3,3,2,6,0,0,1,0,0,0,0,1,"810755,1729","5821229,502","13,57414","52,45265"
10081,199384,11,10,10010102,Havemannstraße,2019,9,17,3,3,5,3,1,0,1,0,1,0,0,1,"809448,8063","5834612,584","13,56742","52,57333"
10082,199385,11,9,9051901,Dammvorstadt,2019,9,17,3,3,2,6,0,0,1,0,0,0,0,1,"809661,5489","5821478,686","13,55833","52,45551"
10083,199386,11,2,2030302,Lausitzer Platz,2019,9,14,3,3,2,6,0,0,1,0,1,0,0,1,"800380,1051","5825798,611","13,42604","52,49941"
10084,199387,11,5,5030730,Zitadellenweg,2019,9,14,3,3,2,6,0,0,1,0,0,0,0,1,"786008,5689","5829183,617","13,21783","52,53748"
10085,199388,11,4,4030621,Spreestadt,2019,9,12,3,3,6,4,0,0,0,1,1,0,0,1,"793070,2898","5827668,669","13,32032","52,52015"
10086,199389,11,11,11040926,Weitlingstraße,2019,9,12,3,2,5,2,0,1,1,0,0,0,0,1,"806698,6441","5826916,611","13,51986","52,50591"
10087,199390,11,2,2020203,Viktoriapark,2019,9,11,3,3,3,6,0,0,1,0,0,0,0,0,"797814,5167","5824907,091","13,38756","52,49282"
10088,199391,11,10,10010308,Marzahner Chaussee,2019,9,11,3,3,5,2,0,0,1,0,0,0,0,0,"806313,2421","5830191,255","13,51722","52,53548"
10089,199392,11,3,3050925,Komponistenviertel Weißensee,2019,9,11,3,2,5,2,0,0,1,0,0,0,1,0,"802691,1312","5831796,914","13,46544","52,55189"
10090,199393,11,7,7010101,Wittenbergplatz/Viktoria-Luise-Platz,2019,9,10,3,3,5,7,0,0,0,0,1,0,1,0,"794647,1034","5825224,383","13,34133","52,49739"
10091,199394,11,2,2010103,Moritzplatz,2019,9,12,4,3,2,6,0,0,1,0,0,1,0,1,"799825,5527","5825742,91","13,41785","52,49921"
10092,199395,11,3,3061228,Erich-Weinert-Straße,2019,9,10,3,3,5,3,0,0,1,0,1,0,0,0,"800804,3517","5830903,534","13,43689","52,54493"
10093,199396,11,11,11030619,Fennpfuhl Ost,2019,9,5,3,3,7,7,1,1,0,0,0,0,0,0,"803613,9352","5829766,808","13,47716","52,53318"
10094,199397,11,4,4051446,Preußenpark,2019,9,10,3,3,5,2,0,1,1,0,0,0,0,0,"792316,9356","5825233,37","13,30711","52,49872"
10095,199398,11,4,4030623,Ernst-Reuter-Platz,2019,9,23,3,3,2,1,2,0,1,0,1,0,0,0,"793214,5067","5826767,955","13,32164","52,512"
10096,199399,11,8,8010211,Flughafenstraße,2019,9,9,3,3,2,6,0,0,1,0,0,0,0,0,"800356,0574","5824303,57","13,42434","52,48602"
10097,199400,11,3,3020307,Buchholz,2019,9,9,3,3,5,2,0,1,1,0,0,0,0,0,"799262,1692","5837648,99","13,42031","52,60624"
10098,199401,11,12,12301203,Wittenau Süd,2019,9,23,3,3,5,3,2,1,1,0,0,0,0,0,"793352,2399","5836046,457","13,33187","52,5951"
10099,199402,11,6,6030504,Teltower Damm,2019,9,15,3,3,5,3,0,1,0,0,0,0,0,0,"789633,3304","5817029,24","13,26057","52,4266"
10100,199403,11,2,2020203,Viktoriapark,2019,9,9,3,3,2,2,0,1,1,0,0,0,0,0,"797179,4874","5824753,782","13,3781","52,49179"
10101,199404,11,6,6020302,Komponistenviertel Lankwitz,2019,9,8,3,2,1,5,0,1,1,0,0,0,0,0,"794457,6023","5818806,492","13,33288","52,43996"
10102,199405,11,5,5020626,Adamstraße,2019,9,21,3,3,5,3,2,1,1,0,0,0,0,0,"784232,3396","5827368,095","13,19016","52,52213"
10103,199406,11,5,5020419,Magistratsweg,2019,9,8,3,3,0,2,0,1,0,0,0,0,1,0,"780875,8989","5828336,119","13,14164","52,53255"
10104,199407,11,3,3040818,Pankow Süd,2019,9,8,3,3,6,7,0,1,0,1,0,0,0,0,"799783,7546","5832261,794","13,42311","52,55767"
10105,199408,11,11,11010204,Falkenberg Ost,2019,9,6,3,3,5,2,0,1,1,0,0,0,0,0,"807351,4629","5833148,318","13,53521","52,56139"
10106,199409,11,1,1044101,Rehberge,2019,9,16,3,3,1,1,0,0,1,0,0,0,0,1,"794227,2029","5829976,776","13,33936","52,54022"
10107,199410,11,9,9052001,Köpenick Nord,2019,9,16,3,2,5,7,0,0,1,0,0,0,1,0,"811356,0472","5822551,204","13,58419","52,46416"
10108,199411,11,2,2010103,Moritzplatz,2019,9,17,3,2,6,4,0,0,0,1,1,0,0,0,"799426,758","5826150,45","13,41236","52,50309"
10109,199412,11,6,6010207,Mittelstraße,2019,9,16,3,3,5,3,0,1,0,0,0,0,1,1,"793746,8588","5819871,128","13,32339","52,44988"
10110,199413,11,2,2010103,Moritzplatz,2019,9,16,3,3,5,3,0,0,1,0,0,0,0,0,"799027,0443","5826061,9","13,40641","52,50251"
10111,199414,11,3,3040818,Pankow Süd,2019,9,16,3,3,5,3,0,1,1,0,0,0,0,1,"799979,5224","5833095,534","13,42675","52,56503"
10112,199415,11,2,2010103,Moritzplatz,2019,9,16,3,3,5,3,0,1,1,0,0,0,0,1,"798997,7806","5825707,03","13,40566","52,49935"
10113,199416,11,10,10040931,Mahlsdorf Nord,2019,9,16,3,2,2,6,0,0,1,0,0,0,0,0,"813479,6152","5829462,134","13,62184","52,52487"
10114,199417,11,2,2020204,Urbanstraße,2019,9,16,3,3,5,7,0,1,1,0,0,0,0,1,"798003,5985","5825270,555","13,39067","52,49598"
10115,199418,11,11,11020515,Landsberger Allee,2019,9,15,3,3,0,3,0,0,1,0,0,0,1,0,"803561,5561","5830184,887","13,47677","52,53696"
10116,199419,11,11,11030619,Fennpfuhl Ost,2019,9,6,3,3,6,4,0,0,0,1,1,0,0,0,"803997,3331","5829072,752","13,48216","52,52675"
10117,199420,11,4,4030931,Breitscheidplatz,2019,9,15,3,2,3,6,0,0,1,0,1,0,0,0,"793877,2989","5826059,281","13,33076","52,50529"
10118,199421,11,11,11020411,Malchower Weg,2019,9,16,3,2,5,3,0,0,1,0,1,0,0,1,"805975,021","5832534,176","13,51441","52,55667"
10119,199422,11,1,1044103,Westliche Müllerstraße,2019,9,16,3,3,5,3,0,0,1,0,0,0,0,1,"794649,2725","5830520,463","13,34605","52,54486"
10120,199423,11,5,5020625,Borkumer Straße,2019,9,15,3,3,5,7,0,1,1,0,0,0,0,0,"784272,4762","5828074,443","13,19135","52,52844"
10121,199424,11,12,12103115,Breitkopfbecken,2019,9,15,3,3,6,4,0,0,1,1,0,0,0,0,"795648,3706","5833552,446","13,36344","52,5715"
10122,199425,11,2,2040502,Friedenstraße,2019,9,15,3,3,2,7,0,0,1,0,0,0,0,1,"800964,159","5828226,247","13,43682","52,52085"
10123,199426,11,2,2010103,Moritzplatz,2019,9,15,3,3,5,3,0,1,1,0,0,0,0,1,"799598,0653","5825841,476","13,4146","52,50022"
10124,199427,11,8,8041036,Zittauer Straße,2019,9,14,3,3,5,3,0,1,1,0,0,0,0,0,"805149,3517","5817087,648","13,48812","52,41869"
10125,199428,11,11,11020514,Große-Leege-Straße,2019,9,15,3,2,0,3,0,1,1,0,0,0,0,1,"804729,0296","5831191,408","13,49485","52,54533"
10126,199429,11,1,1022201,Stephankiez,2019,9,13,3,3,5,2,0,0,1,0,0,0,0,0,"795476,3651","5829575,127","13,35737","52,53594"
10127,199430,11,11,11030721,Rüdigerstraße,2019,9,15,3,3,0,1,0,0,0,0,1,0,0,1,"803917,7583","5828019,656","13,48003","52,51736"
10128,199431,11,1,1011103,Lützowstraße,2019,9,13,3,3,5,2,0,0,1,0,0,0,0,0,"795183,8663","5825907,426","13,34982","52,50322"
10129,199432,11,11,11030720,Herzbergstraße,2019,9,14,3,2,2,6,0,0,1,0,0,1,1,1,"805399,1942","5830019,29","13,50363","52,53445"
10130,199433,11,1,1033101,Soldiner Straße,2019,9,10,3,3,5,2,0,0,1,0,1,0,0,0,"797424,5413","5832537,194","13,38866","52,56143"
10131,199434,11,2,2010104,Wassertorplatz,2019,9,14,3,3,2,6,0,0,1,0,1,0,0,1,"799650,4775","5825661,599","13,4152","52,49858"
10132,199435,11,1,1011301,Charitéviertel,2019,9,13,3,3,0,1,0,0,0,0,1,0,0,1,"797004,3761","5828945,6","13,37927","52,52947"
10133,199436,11,3,3071638,Winsstraße,2019,9,10,3,3,2,5,0,0,1,0,0,0,0,0,"799815,9264","5829030,512","13,42067","52,52869"
10134,199437,11,1,1011204,Leipziger Straße,2019,9,8,3,3,5,2,0,1,1,0,0,0,0,0,"798899,2338","5827347,78","13,40568","52,51411"
10135,199438,11,7,7010102,Nollendorfplatz,2019,9,17,3,3,5,3,0,1,1,0,0,0,0,0,"795704,3949","5825458,968","13,35706","52,49892"
10136,199439,11,1,1044201,Reinickendorfer Straße,2019,9,8,3,3,5,2,0,1,1,0,0,0,0,0,"796705,2717","5831623,605","13,37727","52,55363"
10137,199440,11,7,7040402,Lindenhofsiedlung,2019,9,17,2,3,0,7,0,0,0,0,1,0,1,1,"796714,4424","5821152,197","13,36807","52,45976"
10138,199441,11,2,2030401,Reichenberger Straße,2019,9,8,3,3,0,2,0,1,0,0,1,0,0,0,"800695,5395","5825390,879","13,43031","52,49558"
10139,199442,11,8,8010405,Hertzbergplatz,2019,9,13,2,3,2,7,0,0,1,0,0,0,1,0,"802499,6369","5823346,993","13,45495","52,47626"
10140,199443,11,3,3050924,Behaimstraße,2019,9,8,3,3,2,6,0,1,1,0,0,0,0,0,"801666,8832","5831709,965","13,4503","52,55168"
10141,199444,11,1,1044202,Sparrplatz,2019,9,7,2,3,5,2,0,0,1,0,0,1,0,0,"794898,5117","5830250,079","13,34947","52,5423"
10142,199445,11,2,2010102,Mehringplatz,2019,9,7,3,3,2,6,1,0,1,0,0,1,0,0,"798438,7048","5826520,417","13,39818","52,50694"
10143,199446,11,4,4030827,Karl-August-Platz,2019,9,12,2,3,6,4,0,0,1,1,0,0,0,0,"791902,7984","5826445,92","13,30209","52,50981"
10144,199447,11,6,6010204,Munsterdamm,2019,9,22,2,3,1,5,2,0,1,0,0,0,0,0,"795533,1159","5820013,394","13,34972","52,45019"
10145,199448,11,1,1011302,Oranienburger Straße,2019,9,7,3,3,3,6,0,1,1,0,0,0,0,0,"798951,2733","5828436,422","13,40743","52,52384"
10146,199449,11,1,1022103,Westhafen,2019,9,18,2,3,5,2,0,0,1,0,1,0,0,0,"793693,7939","5829198,269","13,33083","52,53352"
10147,199450,11,12,12231102,Frohnau,2019,9,7,3,3,2,7,0,0,1,0,0,0,0,0,"790371,8356","5839362,474","13,2909","52,62642"
10148,199451,11,12,12301206,Lübars,2019,9,18,2,3,2,6,0,0,1,0,0,0,0,0,"795023,6499","5838070,328","13,35827","52,61234"
10149,199452,11,1,1022101,Huttenkiez,2019,9,17,2,3,5,2,0,1,1,0,0,0,0,0,"793286,0525","5829033,163","13,32469","52,53226"
10150,199453,11,4,4020313,Königin-Elisabeth-Straße,2019,9,7,3,3,2,2,1,0,1,0,0,0,0,0,"790537,1252","5826371,54","13,28196","52,50987"
10151,199454,11,3,3040614,Pankow Zentrum,2019,9,17,2,3,4,6,0,1,1,0,0,0,0,0,"798153,8869","5833694,472","13,40043","52,5714"
10152,199455,11,4,4030519,Kaiserin-Augusta-Allee,2019,9,5,3,3,6,4,2,0,0,1,1,0,0,0,"792059,9925","5828666,278","13,30635","52,52963"
10153,199456,11,4,4010101,Jungfernheide,2019,9,17,2,3,3,6,0,0,1,0,0,0,0,0,"791267,5951","5830709,721","13,29649","52,54838"
10154,199457,11,10,10020413,Gut Hellersdorf,2019,9,0,3,3,9,1,2,0,1,0,0,0,0,0,"810937,6757","5831628,482","13,58653","52,54574"
10155,199458,11,7,7040402,Lindenhofsiedlung,2019,9,17,2,3,0,7,0,0,0,0,1,0,0,1,"796700,6153","5821137,649","13,36785","52,45964"
10156,199459,11,2,2010102,Mehringplatz,2019,9,22,3,2,5,3,2,1,1,1,0,0,0,0,"798346,979","5825559,333","13,39597","52,49838"
10157,199460,11,7,7040402,Lindenhofsiedlung,2019,9,17,2,3,0,7,0,0,0,0,1,0,1,1,"796616,5921","5821140,171","13,36662","52,45971"
10158,199461,11,8,8030831,Gropiusstadt Ost,2019,9,16,2,2,5,2,0,1,0,0,0,0,1,0,"804697,2274","5817818,177","13,48216","52,42549"
10159,199462,11,8,8010214,Glasower Straße,2019,9,9,2,3,0,3,0,1,0,0,0,1,0,0,"801859,5144","5822386,125","13,44468","52,46801"
10160,199463,11,9,9020701,Adlershof West,2019,9,14,2,3,5,2,0,1,1,0,0,0,0,0,"807722,7203","5818115,205","13,52679","52,42646"
10161,199464,11,7,7070702,Alt-Lichtenrade/Töpchiner Weg,2019,9,16,2,2,5,3,0,0,1,0,0,0,0,0,"799962,7645","5815428,304","13,4106","52,40668"
10162,199465,11,3,3040818,Pankow Süd,2019,9,20,2,3,0,6,2,1,1,0,0,0,0,0,"799477,8476","5832755,627","13,41906","52,56226"
10163,199466,11,8,8010213,Körnerpark,2019,9,16,2,3,6,7,0,0,0,1,0,0,1,0,"801613,1822","5822562,652","13,44123","52,46972"
10164,199467,11,4,4041238,Kissinger Straße,2019,9,16,2,3,5,3,0,1,1,0,0,0,0,0,"791670,024","5823246,435","13,29587","52,48125"
10165,199468,11,9,9010202,Köpenicker Landstraße,2019,9,16,2,3,1,7,0,0,1,0,0,0,0,0,"803945,2714","5823118,582","13,47596","52,47341"
10166,199469,11,11,11010205,Falkenberg West,2019,9,14,2,3,2,6,0,0,1,0,0,0,0,0,"806324,199","5833857,704","13,52076","52,56833"
10167,199470,11,2,2050802,Boxhagener Platz,2019,9,15,2,3,1,5,0,1,1,0,0,0,0,0,"802179,7778","5827134,503","13,45369","52,51039"
10168,199471,11,12,12214125,Waldidyll/Flughafensee,2019,9,15,2,3,2,6,0,0,1,0,0,0,0,0,"788046,8261","5831003,044","13,24938","52,55272"
10169,199472,11,1,1011102,Großer Tiergarten,2019,9,9,2,3,2,2,0,0,1,0,0,1,0,0,"795052,64","5827184,91","13,34902","52,51474"
10170,199473,11,1,1044203,Leopoldplatz,2019,9,14,2,2,5,2,0,0,1,0,0,0,0,0,"795884,1997","5831962,438","13,36549","52,55712"
10171,199474,11,9,9031001,Bohnsdorf,2019,9,8,2,3,5,3,0,1,1,0,0,0,0,0,"810847,7825","5815493,752","13,57017","52,4012"
10172,199475,11,8,8010211,Flughafenstraße,2019,9,14,2,3,6,7,0,1,0,1,0,0,0,0,"800356,7239","5824213,683","13,42427","52,48521"
10173,199476,11,5,5030731,Gartenfelder Straße,2019,9,8,2,3,2,6,0,0,1,0,0,0,0,0,"788000,774","5829367,383","13,24728","52,53808"
10174,199477,11,12,12214424,Scharnweberstraße,2019,9,11,2,2,5,3,0,0,0,0,1,0,1,0,"793298,0941","5832574,536","13,328","52,564"
10175,199478,11,10,10010308,Marzahner Chaussee,2019,9,8,2,3,5,2,0,1,1,0,0,0,0,0,"807200,008","5829145,792","13,52929","52,52561"
10176,199479,11,6,6020305,Gemeindepark Lankwitz,2019,9,14,2,3,2,7,0,0,1,0,1,0,0,0,"795623,3379","5817010,639","13,34839","52,42323"
10177,199480,11,11,11041128,Sewanstraße,2019,9,10,2,3,6,4,0,0,1,1,0,0,0,0,"806018,2982","5826452,286","13,50944","52,50213"
10178,199481,11,4,4051447,Ludwigkirchplatz,2019,9,8,2,3,5,2,0,1,1,0,0,0,0,0,"793156,8504","5824516,691","13,31881","52,49184"
10179,199482,11,1,1011203,Unter den Linden Süd,2019,9,9,2,3,5,2,0,1,1,0,0,0,0,0,"798201,916","5827421,858","13,39551","52,51515"
10180,199483,11,7,7050501,Rathausstraße,2019,9,7,2,3,2,2,0,0,1,0,0,1,0,0,"797740,6491","5819114,539","13,38131","52,44094"
10181,199484,11,1,1011302,Oranienburger Straße,2019,9,10,2,3,6,7,0,0,1,1,0,0,0,0,"797759,3471","5828330,057","13,38982","52,52354"
10182,199485,11,1,1044203,Leopoldplatz,2019,9,21,2,2,6,4,2,0,1,1,0,0,0,0,"796011,652","5831416,212","13,36688","52,55215"
10183,199486,11,5,5010313,Ackerstraße,2019,9,14,2,3,2,6,0,0,1,0,0,0,1,0,"784651,6952","5829727,756","13,19835","52,54307"
10184,199487,11,12,12214422,Klixstraße,2019,9,19,2,3,3,6,2,0,1,0,1,0,0,0,"792234,6732","5833258,689","13,31296","52,57071"
10185,199488,11,2,2020204,Urbanstraße,2019,9,9,2,3,5,2,0,1,1,0,0,0,0,1,"798791,8838","5824920,462","13,40193","52,49241"
10186,199489,11,6,6030502,Zehlendorf Süd,2019,9,9,2,3,5,3,0,1,1,0,0,0,0,1,"789079,7188","5815764,743","13,25135","52,41555"
10187,199490,11,9,9051801,Rahnsdorf/Hessenwinkel,2019,9,20,2,2,2,7,2,0,1,0,0,0,0,0,"819378,4385","5819906,724","13,69935","52,43583"
10188,199491,11,1,1044203,Leopoldplatz,2019,9,20,2,3,2,6,2,0,1,0,0,0,0,0,"795864,5195",5831925,"13,36517","52,55679"
10189,199492,11,4,4030931,Breitscheidplatz,2019,9,9,2,3,6,2,0,0,1,1,0,0,0,0,"793940,0975","5826080,968","13,3317","52,50545"
10190,199493,11,1,1011305,Heine-Viertel West,2019,9,9,2,3,3,6,0,1,1,0,0,0,0,0,"799660,6163","5827084,328","13,41663","52,51133"
10191,199494,11,9,9041501,Altstadt Kietz,2019,9,16,2,3,2,6,0,0,1,0,0,0,0,0,"811363,3291","5820111,286","13,58202","52,44229"
10192,199495,11,4,4030931,Breitscheidplatz,2019,9,8,2,3,2,6,0,1,1,0,0,0,0,1,"794562,5859","5826001,987","13,34077","52,5044"
10193,199496,11,7,7040405,Rathaus Tempelhof,2019,9,9,2,2,5,3,0,1,0,0,0,0,0,0,"797942,1079","5822041,348","13,38688","52,46707"
10194,199497,11,1,1011301,Charitéviertel,2019,9,8,2,3,5,2,0,1,1,0,0,0,0,0,"796969,4202","5828808,357","13,37863","52,52825"
10195,199498,11,3,3061227,Humannplatz,2019,9,8,2,3,0,2,0,1,1,0,0,0,0,0,"800159,9217","5831670,374","13,42811","52,55216"
10196,199499,11,3,3010104,Lietzengraben,2019,9,15,2,3,5,3,0,0,1,0,0,0,0,0,"800111,5445","5840245,22","13,43517","52,62904"
10197,199500,11,6,6020410,Oberhofer Platz,2019,9,7,2,2,5,3,0,1,1,0,0,0,0,0,"794445,1153","5817316,057","13,33138","52,4266"
10198,199501,11,12,12224230,Heiligensee,2019,9,13,2,3,0,7,0,0,1,0,0,0,0,0,"786485,8507","5837722,426","13,23223","52,61378"
10199,199502,11,7,7020202,Volkspark (Rudolf-Wilde-Park),2019,9,14,2,3,5,3,0,1,1,0,0,0,0,0,"794892,0102","5823919,138","13,34377","52,48555"
10200,199503,11,4,4030930,George-Grosz-Platz,2019,9,11,2,3,5,7,0,0,1,0,0,0,1,0,"792840,1671","5825515,527","13,31504","52,50097"
10201,199504,11,1,1011302,Oranienburger Straße,2019,9,19,2,3,0,4,2,1,0,1,0,0,0,0,"798601,6565","5828879,274","13,40269","52,528"
10202,199505,11,8,8010211,Flughafenstraße,2019,9,11,2,3,5,3,0,0,1,0,0,0,0,0,"800428,241","5823849,24","13,42499","52,48191"
10203,199506,11,8,8010117,Schillerpromenade,2019,9,7,2,3,2,7,0,0,1,0,0,0,0,0,"800497,4097","5822869,293","13,42513","52,47309"
10204,199507,11,4,4010103,Paul-Hertz-Siedlung,2019,9,13,2,3,6,4,0,0,1,1,0,0,0,0,"791317,9052","5829728,403","13,29637","52,53955"
10205,199508,11,1,1033102,Gesundbrunnen,2019,9,15,1,3,1,5,0,1,1,0,0,0,0,0,"797277,2076","5831910,735","13,38593","52,5559"
10206,199509,11,5,5020521,Döberitzer Weg,2019,9,17,2,3,0,3,0,1,1,0,0,0,0,0,"780686,0779","5827868,001","13,13845","52,52845"
10207,199510,11,11,11051229,Rummelsburg,2019,9,8,1,3,6,4,0,0,1,1,0,0,0,0,"804103,3481","5825989,753","13,4809","52,49906"
10208,199511,11,1,1011302,Oranienburger Straße,2019,9,13,2,3,0,1,0,1,0,0,0,0,0,0,"797875,4282","5828531,457","13,3917","52,52528"
10209,199512,11,4,4030931,Breitscheidplatz,2019,9,16,1,3,5,2,0,1,1,0,0,0,0,0,"793986,6853","5826152,492","13,33245","52,50606"
10210,199513,11,4,4030725,Amtsgerichtsplatz,2019,9,18,1,3,0,7,0,0,0,0,1,0,0,1,"791727,1721","5826104,293","13,29921","52,50684"
10211,199514,11,8,8010301,Reuterkiez,2019,9,9,2,3,5,2,0,1,1,0,0,0,0,0,"801102,7883","5824358,22","13,43536","52,4861"
10212,199515,11,3,3050924,Behaimstraße,2019,9,18,2,3,4,1,1,1,0,0,0,0,1,0,"801608,3575","5831413,342","13,44917","52,54906"
10213,199516,11,8,8010118,Silbersteinstraße,2019,9,16,1,3,0,7,0,0,0,1,0,0,1,0,"800914,8116","5822308,25","13,43075","52,46783"
10214,199517,11,1,1011102,Großer Tiergarten,2019,9,16,1,3,0,1,0,0,0,0,0,0,1,0,"795183,4983","5826878,868","13,35067","52,51193"
10215,199518,11,1,1033203,Humboldthain Nordwest,2019,9,12,2,3,5,3,0,0,1,0,0,0,0,0,"796683,7488","5830124,311","13,37561","52,54021"
10216,199519,11,9,9010101,Elsenstraße,2019,9,16,1,3,2,6,0,1,1,0,0,0,0,0,"802250,8945","5824849,782","13,45266","52,48987"
10217,199520,11,9,9041601,Müggelheim,2019,9,12,2,3,5,3,0,1,1,0,0,0,0,0,"816641,6225","5817425,396","13,65687","52,41519"
10218,199521,11,4,4051551,Brabanter Platz,2019,9,15,1,3,1,5,0,1,1,0,0,0,0,0,"792937,6429","5823317,294","13,31454","52,48121"
10219,199522,11,4,4030620,Alt-Lietzow,2019,9,14,1,3,2,3,0,1,1,0,0,0,0,0,"791793,2005","5827491,668","13,30139","52,51925"
10220,199523,11,3,3071537,Kollwitzplatz,2019,9,18,2,3,2,6,2,0,1,0,0,0,0,0,"799573,724","5828977,162","13,41706","52,52834"
10221,199524,11,4,4010101,Jungfernheide,2019,9,13,1,3,5,2,0,0,0,0,1,0,0,0,"791208,5889","5829731,013","13,29476","52,53963"
10222,199525,11,4,4010103,Paul-Hertz-Siedlung,2019,9,20,1,3,3,2,2,0,1,0,0,0,0,0,"791127,6552","5829152,348","13,29307","52,53449"
10223,199526,11,4,4051445,Eisenzahnstraße,2019,9,17,2,3,5,2,0,0,1,0,0,0,0,0,"792441,1503","5824104,158","13,30794","52,48853"
10224,199527,11,1,1044102,Schillerpark,2019,9,18,1,2,5,3,0,1,1,0,0,0,0,0,"795277,2446","5831732,913","13,35636","52,55539"
10225,199528,11,1,1022207,Hansaviertel,2019,9,17,2,3,6,7,0,0,1,1,0,0,0,0,"794746,3495","5827405,639","13,34472","52,51689"
10226,199529,11,9,9020701,Adlershof West,2019,9,18,1,3,5,2,0,0,1,0,0,0,0,0,"808329,4667","5818868,776","13,53638","52,43287"
10227,199530,11,7,7040403,Manteuffelstraße,2019,9,17,1,3,5,2,0,1,1,0,0,0,0,0,"797850,4669","5821927,573","13,38543","52,4661"
10228,199531,11,9,9041501,Altstadt Kietz,2019,9,14,2,3,1,1,0,1,1,0,0,0,0,0,"810855,6004","5820529,909","13,57496","52,44633"
10229,199532,11,1,1033201,Brunnenstraße,2019,9,17,2,3,1,5,0,1,1,0,0,0,0,0,"797843,0024","5830434,097","13,39293","52,54235"
10230,199533,11,1,1011102,Großer Tiergarten,2019,9,7,1,3,0,1,0,0,0,0,1,0,0,0,"796569,7577","5827815,267","13,37187","52,51957"
10231,199534,11,2,2030302,Lausitzer Platz,2019,9,0,1,3,0,7,2,1,0,0,0,0,0,0,"801645,5922","5826072,385","13,44488","52,50116"
10232,199535,11,4,4030931,Breitscheidplatz,2019,9,17,2,3,6,7,0,0,0,1,0,0,1,0,"793661,0971","5825794,62","13,32735","52,50303"
10233,199536,11,9,9010101,Elsenstraße,2019,9,6,1,3,5,3,0,1,1,0,0,0,0,0,"802319,3244","5825532,826","13,45428","52,49596"
10234,199537,11,8,8010510,Gewerbegebiet Köllnische Heide,2019,9,11,2,3,2,2,0,0,1,0,0,0,0,0,"802132,294","5822014,777","13,44835","52,46453"
10235,199538,11,8,8010213,Körnerpark,2019,9,10,2,3,1,5,0,0,1,0,0,0,1,0,"801297,5221","5822646,375","13,43667","52,47065"
10236,199539,11,4,4010102,Plötzensee,2019,9,6,1,3,2,6,1,0,1,0,1,0,0,0,"793337,984","5829739,853","13,32608","52,53857"
10237,199540,11,4,4030931,Breitscheidplatz,2019,9,4,1,3,5,2,2,0,1,0,0,0,0,0,"793981,0724","5826175,468","13,33238","52,50627"
10238,199541,11,5,5010339,Freiheit,2019,9,10,2,2,1,5,0,0,1,0,0,0,0,0,"785717,5635","5828348,616","13,21283","52,53015"
10239,199542,11,5,5010339,Freiheit,2019,9,1,1,3,1,1,2,0,1,0,0,0,0,0,"787964,8143","5828204,338","13,24575","52,52767"
10240,199543,11,7,7070706,Horstwalder Straße/Paplitzer Straße,2019,9,10,2,3,5,3,0,0,1,0,0,0,0,0,"799827,5644","5812671,292","13,40615","52,38204"
10241,199544,11,9,9030901,Dorf Altglienicke,2019,9,4,7,3,5,3,2,0,1,0,0,0,0,0,"808098,2776","5816928,925","13,5312","52,41561"
10242,199545,11,8,8020727,Buckow Mitte,2019,9,17,2,3,5,7,0,1,1,0,0,0,0,0,"801558,1274","5817506,874","13,43585","52,42444"
10243,199546,11,7,7050503,Eisenacher Straße,2019,9,14,7,3,2,6,0,0,1,0,0,0,0,0,"799026,0647","5819683,048","13,40067","52,44533"
10244,199547,11,3,3040818,Pankow Süd,2019,9,16,2,3,5,2,0,1,1,0,0,0,0,0,"799649,0299","5831843,833","13,42075","52,554"
10245,199548,11,12,12214421,Reinickes Hof,2019,9,14,7,3,6,4,0,0,1,1,0,0,0,0,"793448,4685","5833529,341","13,33105","52,57248"
10246,199549,11,1,1044101,Rehberge,2019,9,10,2,3,5,3,0,0,1,0,0,0,0,0,"794245,8394","5831424,382","13,34092","52,55318"
10247,199550,11,12,12301205,Waidmannslust,2019,9,14,7,2,0,1,0,1,0,0,0,0,0,0,"792312,0308","5837794,064","13,3181","52,61132"
10248,199551,11,9,9052001,Köpenick Nord,2019,9,10,2,3,2,7,0,0,1,0,1,0,0,0,"810618,403","5822959,066","13,57374","52,46823"
10249,199552,11,7,7010104,Dennewitzplatz,2019,9,14,7,2,5,2,0,1,1,0,0,0,0,0,"795998,7577","5824957,224","13,36094","52,49426"
10250,199553,11,4,4030623,Ernst-Reuter-Platz,2019,9,13,2,3,0,2,0,0,0,0,0,0,1,0,"793680,8253","5826359,548","13,32814","52,50808"
10251,199554,11,3,3050923,Weißenseer Spitze,2019,9,13,7,3,5,3,0,0,1,0,0,0,0,0,"801062,8035","5831425,44","13,44116","52,54947"
10252,199555,11,9,9020802,Köllnische Vorstadt,2019,9,13,7,3,5,3,0,1,1,0,0,0,0,0,"810487,611","5820100,325","13,56917","52,44269"
10253,199556,11,1,1044101,Rehberge,2019,9,20,1,3,5,3,2,1,1,0,0,0,0,0,"794033,4905","5830175,902","13,33669","52,5421"