,id,city,district,lor,street,year,month,hour,weekday,category,collision,movement,light_conditions,bicycle,car,pedestrian,motorbike,truck,other_vehicle,road_conditions,LINREFX,LINREFY,XGCSWGS84,YGCSWGS84
10254,199557,11,9,9051701,Hirschgarten,2019,9,21,7,3,3,6,2,0,1,0,1,0,0,0,"812474,7137","5821292,557","13,59942","52,45224"
10255,199558,11,11,11040926,Weitlingstraße,2019,9,23,1,3,5,3,2,0,1,0,0,0,0,0,"806139,2486","5826839,37","13,51158","52,50554"
10256,199559,11,4,4051655,Babelsberger Straße,2019,9,21,7,3,0,1,2,0,0,0,0,0,1,0,"793936,5838","5823415,268","13,32929","52,48155"
10257,199560,11,6,6010205,Südende,2019,9,23,7,3,6,4,2,0,1,1,0,0,0,0,"796311,292","5819684,085","13,36085","52,44682"
10258,199561,11,2,2020203,Viktoriapark,2019,9,20,1,3,5,2,2,1,1,0,0,0,0,0,"797753,44","5824294,292","13,38612","52,48736"
10259,199562,11,1,1044201,Reinickendorfer Straße,2019,9,22,7,2,6,4,1,0,1,1,0,0,0,0,"796848,177","5831560,682","13,37931","52,55299"
10260,199563,11,3,3061228,Erich-Weinert-Straße,2019,9,21,1,2,5,2,2,1,1,0,0,0,0,0,"800169,7637","5830964,025","13,42762","52,54582"
10261,199564,11,4,4020311,Reichsstraße,2019,9,21,7,3,5,2,2,0,1,0,0,0,0,0,"789633,33","5826235,657","13,26856","52,50914"
10262,199565,11,1,1033102,Gesundbrunnen,2019,9,21,1,3,3,6,2,0,1,0,0,0,0,0,"797260,8384","5831299,634","13,38515","52,55043"
10263,199566,11,11,11041022,Rosenfelder Ring,2019,9,21,7,3,6,4,2,0,1,1,0,0,0,0,"806600,1979","5827774,59","13,51921","52,51366"
10264,199567,11,9,9051901,Dammvorstadt,2019,9,20,1,3,0,7,2,0,0,0,1,0,0,1,"809662,0848","5821476,299","13,55833","52,45549"
10265,199568,11,1,1011402,Arkonaplatz,2019,9,13,7,3,0,7,0,1,0,0,0,0,0,0,"798627,8435","5829362,22","13,40351","52,53231"
10266,199569,11,7,7040404,Marienhöhe,2019,9,21,7,3,0,1,2,0,0,0,1,0,0,0,"797426,9099","5820387,104","13,37784","52,45252"
10267,199570,11,7,7010102,Nollendorfplatz,2019,9,19,1,3,5,3,2,1,1,0,0,0,0,0,"795914,3453","5825161,279","13,35988","52,49613"
10268,199571,11,4,4030518,Tegeler Weg,2019,9,19,1,3,5,2,2,0,1,0,0,0,1,0,"791388,5681","5828584,858","13,29641","52,52926"
10269,199572,11,6,6010102,Schloßstraße,2019,9,13,7,3,5,2,0,0,1,0,1,0,0,0,"793290,8859","5821108,013","13,31779","52,46121"
10270,199573,11,12,12103116,Hausotterplatz,2019,9,15,1,3,4,6,0,0,1,0,0,0,0,0,"796119,755","5833428,732","13,37027","52,57013"
10271,199574,11,2,2020203,Viktoriapark,2019,9,20,7,3,1,5,2,1,1,0,0,0,0,0,"797514,0364","5824836,529","13,38309","52,49235"
10272,199575,11,4,4030930,George-Grosz-Platz,2019,9,14,1,2,3,6,0,1,0,0,0,0,1,0,"793499,9205","5825729,522","13,32492","52,50253"
10273,199576,11,6,6010205,Südende,2019,9,12,7,3,5,5,0,0,1,0,0,0,0,0,"795203,5158","5819997,06","13,34487","52,45023"
10274,199577,11,12,12214527,Alt-Tegel,2019,9,11,7,3,5,2,0,0,1,0,0,0,0,0,"790363,2449","5834875,251","13,28684","52,5862"
10275,199578,11,6,6030606,Hindenburgdamm,2019,9,14,1,3,1,5,0,0,1,0,1,0,0,0,"793188,1534","5818207,465","13,31373","52,43527"
10276,199579,11,2,2010101,Askanischer Platz,2019,9,13,1,3,5,7,0,0,1,0,0,0,1,0,"797274,725","5826294,892","13,38088","52,50556"
10277,199580,11,6,6030610,Lichterfelde West,2019,9,19,7,2,0,1,1,0,0,0,1,0,0,0,"792007,7453","5818968,346","13,29708","52,44272"
10278,199581,11,6,6020303,Lankwitz Kirche,2019,9,18,7,2,2,6,0,0,1,0,0,0,0,0,"795638,7746","5818259,439","13,34972","52,43441"
10279,199582,11,10,10010102,Havemannstraße,2019,9,13,1,3,5,7,0,0,1,0,1,0,0,0,"809345,5685","5834284,429","13,5656","52,57045"
10280,199583,11,6,6020410,Oberhofer Platz,2019,9,10,7,3,0,6,0,0,1,0,1,0,0,0,"794262,5498","5817558,012","13,32892","52,42887"
10281,199584,11,3,3061332,Helmholtzplatz,2019,9,13,1,2,5,7,0,1,1,0,0,0,0,0,"799871,1501","5830870,556","13,42314","52,54515"
10282,199585,11,9,9010401,Johannisthal West,2019,9,9,7,3,3,6,0,1,0,0,0,0,0,0,"805580,5324","5821600,976","13,49857","52,4589"
10283,199586,11,3,3061126,Arnimplatz,2019,9,9,7,3,2,6,0,0,1,0,0,0,0,0,"799244,4862","5831804,448","13,41477","52,55387"
10284,199587,11,12,12214421,Reinickes Hof,2019,9,12,1,3,5,3,0,0,1,0,1,0,0,0,"793401,9442","5833178,733","13,33006","52,56936"
10285,199588,11,9,9020802,Köllnische Vorstadt,2019,9,9,7,2,6,4,0,0,1,1,0,0,0,0,"810694,6384","5819566,36","13,57171","52,43778"
10286,199589,11,9,9041301,Kietzer Feld/Nachtheide,2019,9,12,1,2,5,3,0,0,1,0,1,0,0,0,"812104,3657","5819738,934","13,59254","52,43853"
10287,199590,11,6,6040804,Krumme Lanke,2019,9,9,7,3,6,4,0,1,0,1,0,0,0,0,"787652,6747","5818154,254","13,23249","52,43773"
10288,199591,11,6,6030610,Lichterfelde West,2019,9,19,1,2,2,2,1,1,1,0,0,0,0,0,"791980,3456","5818992,746","13,2967","52,44295"
10289,199592,11,3,3030716,Märchenland,2019,9,8,7,3,6,4,0,1,0,1,0,0,0,0,"802507,434","5833837,412","13,4646","52,57028"
10290,199593,11,11,11030619,Fennpfuhl Ost,2019,9,11,7,3,5,2,0,1,1,0,0,0,0,0,"803548,4357","5829724,318","13,47616","52,53284"
10291,199594,11,1,1011202,Unter den Linden Nord,2019,9,16,7,3,1,6,0,1,1,0,0,0,0,0,"797673,8233","5827980,122","13,38825","52,52045"
10292,199595,11,12,12301204,Wittenau Nord,2019,9,16,7,3,0,1,0,0,0,0,1,0,0,0,"792719,5791","5835819,578","13,32235","52,5934"
10293,199596,11,11,11030618,Fennpfuhl West,2019,9,20,7,3,1,5,2,0,1,0,0,0,1,0,"802506,0377","5828941,563","13,46012","52,5264"
10294,199597,11,1,1011105,Nördlicher Landwehrkanal,2019,9,19,7,3,5,3,2,0,1,0,0,0,0,0,"796583,3666","5826869,169","13,37123","52,51108"
10295,199598,11,7,7040404,Marienhöhe,2019,9,15,7,3,3,6,0,1,1,0,0,0,0,0,"796575,7306","5820074,555","13,36507","52,45018"
10296,199599,11,9,9010402,Johannisthal Ost,2019,9,14,7,3,5,2,0,0,1,0,0,0,1,0,"805887,8584","5818966,153","13,50067","52,43511"
10297,199600,11,3,3061227,Humannplatz,2019,9,18,7,3,1,5,1,0,1,0,0,0,1,0,"800100,9269","5831154,624","13,42678","52,54757"
10298,199601,11,12,12302110,Dannenwalder Weg,2019,9,2,7,3,1,5,2,0,1,0,0,0,0,0,"794808,4633","5836295,863","13,35352","52,59655"
10299,199602,11,3,3030405,Karow Nord,2019,9,17,7,3,5,3,0,1,1,0,0,0,0,0,"804155,5217","5838842,838","13,49344","52,61423"
10300,199603,11,7,7030303,Grazer Platz,2019,9,0,7,3,1,3,2,1,1,0,0,0,0,0,"794864,192","5821591,994","13,3413","52,46471"
10301,199604,11,9,9020701,Adlershof West,2019,9,16,7,2,5,2,0,0,1,0,0,0,0,0,"807711,3","5818115,267","13,52662","52,42646"
10302,199605,11,7,7070706,Horstwalder Straße/Paplitzer Straße,2019,9,13,6,3,1,5,0,1,1,0,0,0,0,0,"800027,19","5813186,206","13,40954","52,38655"
10303,199606,11,10,10020414,Helle Mitte,2019,9,13,7,3,1,5,0,1,1,0,0,0,0,0,"812055,2316","5830892,74","13,60226","52,53851"
10304,199607,11,4,4051448,Schaperstraße,2019,9,10,6,3,0,7,0,1,0,0,0,0,0,0,"793996,6695","5825513,957","13,33203","52,50033"
10305,199608,11,1,1022202,Heidestraße,2019,9,10,7,3,5,2,0,0,1,0,0,0,0,0,"795667,3825","5829740,731","13,36033","52,53732"
10306,199609,11,12,12214424,Scharnweberstraße,2019,9,14,6,3,5,7,0,0,1,0,0,0,0,0,"793104,596","5832646,916","13,32521","52,56476"
10307,199610,11,10,10040932,Alt-Mahlsdorf,2019,9,7,7,2,6,4,0,0,0,1,0,0,1,0,"812925,0706","5827945,782","13,61227","52,5116"
10308,199611,11,7,7040403,Manteuffelstraße,2019,9,14,6,3,2,6,0,0,1,0,0,0,0,0,"797344,1268","5821896,547","13,37797","52,46609"
10309,199612,11,5,5020626,Adamstraße,2019,9,13,6,3,2,6,0,0,1,0,0,0,0,0,"784540,111","5827996,487","13,19522","52,5276"
10310,199613,11,12,12214424,Scharnweberstraße,2019,9,15,7,3,1,5,0,1,1,0,0,0,1,0,"792308,3314","5832913,652","13,31374","52,56758"
10311,199614,11,1,1011304,Karl-Marx-Allee,2019,9,13,6,3,3,6,0,1,0,0,0,0,0,0,"799739,9663","5827544,148","13,41821","52,51541"
10312,199615,11,12,12304313,Borsigwalde,2019,9,15,7,3,2,7,0,0,1,0,0,0,0,0,"792589,9968","5835158,451","13,31986","52,58755"
10313,199616,11,5,5030730,Zitadellenweg,2019,9,13,6,3,5,2,0,1,0,0,0,0,1,1,"785746,668","5829267,844","13,21405","52,53837"
10314,199617,11,8,8010301,Reuterkiez,2019,9,14,7,3,3,6,0,1,1,0,0,0,0,0,"801367,4561","5823942,513","13,43887","52,48223"
10315,199618,11,7,7030301,Friedenau,2019,9,12,6,3,0,7,0,1,1,0,0,0,0,0,"793940,0134","5822531,83","13,32857","52,47363"
10316,199619,11,7,7030301,Friedenau,2019,9,3,7,2,9,1,2,0,0,0,1,0,0,0,"793922,2957","5822824,375","13,32856","52,47626"
10317,199620,11,7,7020203,Kaiser-Wilhelm-Platz,2019,9,12,6,3,0,7,0,1,1,0,0,0,0,0,"795651,0521","5824126,32","13,3551","52,487"
10318,199621,11,5,5030730,Zitadellenweg,2019,9,11,6,3,2,6,0,0,1,0,0,0,0,0,"786418,2031","5831091,441","13,2255","52,55437"
10319,199622,11,1,1011201,Wilhelmstraße,2019,9,14,7,3,2,2,0,0,1,0,0,0,0,0,"796967,6826","5827051,795","13,37704","52,51251"
10320,199623,11,3,3061430,Volkspark Prenzlauer Berg,2019,9,14,7,3,0,1,0,0,0,0,1,0,0,0,"802441,2053","5829411,586","13,4596","52,53065"
10321,199624,11,5,5010101,Hakenfelde Nord,2019,9,11,6,3,0,7,0,0,1,0,0,0,1,0,"785932,6107","5831624,467","13,21882","52,5594"
10322,199625,11,9,9051901,Dammvorstadt,2019,9,10,6,3,1,5,0,0,1,0,0,0,0,0,"811666,116","5821148,098","13,58743","52,45141"
10323,199626,11,9,9051702,Bölschestraße,2019,9,1,7,3,2,2,2,0,1,0,0,0,0,0,"814466,9649","5820801,501","13,62818","52,4467"
10324,199627,11,9,9010101,Elsenstraße,2019,9,10,6,3,5,2,0,1,1,0,0,0,0,0,"802330,1912","5825303,626","13,45423","52,49389"
10325,199628,11,8,8041035,Blumenviertel,2019,9,13,7,3,5,3,0,0,1,0,0,0,0,0,"804354,5329","5818318,002","13,47759","52,43016"
10326,199629,11,4,4030929,Hindemithplatz,2019,9,9,6,3,6,7,0,0,1,1,0,0,0,0,"792711,1192","5825613,55","13,31323","52,50192"
10327,199630,11,12,12214424,Scharnweberstraße,2019,9,21,6,3,4,6,2,1,1,0,0,0,0,0,"793026,7109","5832767,263","13,32418","52,56588"
10328,199631,11,10,10020412,Alte Hellersdorfer Straße,2019,9,13,7,3,5,3,0,1,1,0,0,0,0,0,"811347,3244","5831933,489","13,59283","52,54824"
10329,199632,11,4,4041133,Güterbahnhof Grunewald,2019,9,9,6,2,0,1,0,0,0,0,1,0,0,0,"790521,3892","5825163,137","13,28067","52,49905"
10330,199633,11,2,2040502,Friedenstraße,2019,9,7,6,3,5,2,0,0,1,0,0,0,0,0,"800474,5294","5828468,142","13,42984","52,52328"
10331,199634,11,2,2030302,Lausitzer Platz,2019,9,12,7,3,0,3,0,0,1,0,1,0,0,0,"800847,5588","5826461,813","13,43351","52,5051"
10332,199635,11,8,8010213,Körnerpark,2019,9,17,6,3,2,2,0,0,1,0,0,0,0,0,"801642,2779","5822559,931","13,44165","52,46968"
10333,199636,11,12,12103117,Letteplatz,2019,9,3,6,3,0,1,2,0,0,0,1,0,0,0,"795782,1413","5832578,007","13,36454","52,56269"
10334,199637,11,6,6010208,Bergstraße,2019,9,12,7,3,2,6,0,0,1,0,0,0,0,0,"794733,21","5820088,049","13,33805","52,4513"
10335,199638,11,8,8041036,Zittauer Straße,2019,9,20,6,3,5,3,2,0,1,0,0,0,0,0,"804925,4067","5817687,262","13,48539","52,42419"
10336,199639,11,4,4010102,Plötzensee,2019,9,11,7,3,0,1,0,0,1,0,1,0,0,0,"793184,1137","5830143,075","13,32417","52,54227"
10337,199640,11,12,12302108,Märkisches Zentrum,2019,9,18,6,3,2,6,0,0,1,0,0,0,0,0,"795453,3241","5837428,416","13,36403","52,60635"
10338,199641,11,6,6040805,Fischerhüttenstraße,2019,9,11,7,3,5,3,0,0,1,0,0,0,0,0,"789423,9495","5818031,508","13,25836","52,43569"
10339,199642,11,1,1011301,Charitéviertel,2019,9,18,6,3,6,4,0,0,1,1,0,0,0,0,"797522,0886","5828765,463","13,38672","52,52757"
10340,199643,11,10,10010204,Wuhletalstraße,2019,9,11,7,3,0,1,0,0,0,0,1,0,0,0,"808704,8425","5832826,231","13,55482","52,55774"
10341,199644,11,5,5010205,An der Tränke,2019,9,17,6,2,5,3,0,0,1,0,1,0,0,0,"780459,2242","5830047,252","13,13696","52,54811"
10342,199645,11,9,9051901,Dammvorstadt,2019,9,18,6,3,5,2,0,1,1,0,0,0,0,0,"809933,9053","5821623,534","13,56246","52,45665"
10343,199646,11,5,5020417,Staakener Straße,2019,9,10,7,3,5,2,0,1,1,0,0,0,0,0,"783585,3891","5828663,303","13,18176","52,53408"
10344,199647,11,2,2010104,Wassertorplatz,2019,9,10,7,3,5,7,0,1,1,0,0,0,0,0,"799333,5702","5825627,564","13,41052","52,49845"
10345,199648,11,3,3040818,Pankow Süd,2019,9,17,6,3,5,3,0,1,1,0,0,0,0,0,"799657,302","5832810,173","13,42175","52,56265"
10346,199649,11,8,8010211,Flughafenstraße,2019,9,17,6,3,2,6,0,0,1,0,0,0,0,0,"800557,9533","5823760,505","13,42682","52,48104"
10347,199650,11,9,9051901,Dammvorstadt,2019,9,10,7,3,5,7,0,0,1,0,0,0,1,0,"810716,601","5820939,985","13,57331","52,45008"
10348,199651,11,4,4030623,Ernst-Reuter-Platz,2019,9,16,6,3,5,3,0,1,1,0,0,0,0,0,"792922,73","5826761,875","13,31735","52,5121"
10349,199652,11,1,1011102,Großer Tiergarten,2019,9,12,7,3,1,5,0,1,1,0,0,0,0,0,"796536,571","5827613,376","13,37121","52,51778"
10350,199653,11,1,1033201,Brunnenstraße,2019,9,16,6,3,4,6,0,1,0,0,0,0,1,0,"797700,2577","5830671,323","13,39104","52,54455"
10351,199654,11,1,1044201,Reinickendorfer Straße,2019,9,23,6,3,2,6,2,0,1,0,0,0,0,0,"796479,5476","5831966,369","13,37425","52,55683"
10352,199655,11,1,1044101,Rehberge,2019,9,16,6,2,5,3,0,0,1,0,0,0,1,0,"794647,6042","5831460,483","13,34686","52,55329"
10353,199656,11,4,4030623,Ernst-Reuter-Platz,2019,9,18,6,3,1,5,0,1,1,0,0,0,0,0,"793797,4518","5826075,197","13,3296","52,50547"
10354,199657,11,10,10010310,Alt-Marzahn,2019,9,16,6,3,2,6,0,0,1,0,0,0,1,0,"808895,4115","5830178,447","13,55516","52,53391"
10355,199658,11,7,7040401,Neu-Tempelhof,2019,9,14,2,3,5,3,0,0,1,0,0,0,1,0,"797468,7575","5822615,28","13,38044","52,47247"
10356,199659,11,9,9010202,Köpenicker Landstraße,2019,9,16,2,3,2,6,0,0,1,0,0,0,0,1,"803816,9037","5823314,356","13,47425","52,47524"
10357,199660,11,1,1044103,Westliche Müllerstraße,2019,9,15,2,3,2,6,0,0,1,0,0,0,0,1,"794855,3308","5830989,059","13,3495","52,54895"
10358,199661,11,12,12214527,Alt-Tegel,2019,9,16,2,2,6,4,0,0,1,1,0,0,0,0,"790301,9368","5834978,205","13,28602","52,58716"
10359,199662,11,12,12214125,Waldidyll/Flughafensee,2019,9,16,2,3,0,4,0,0,1,1,0,0,0,0,"789846,1391","5833340,274","13,27788","52,57272"
10360,199663,11,1,1011303,Alexanderplatzviertel,2019,9,16,2,2,5,3,0,0,0,0,1,0,1,1,"799498,019","5828344,449","13,41538","52,52271"
10361,199664,11,2,2050601,Hausburgviertel,2019,9,16,2,3,5,3,0,0,1,0,0,0,0,1,"801763,6755","5828661,466","13,44896","52,5243"
10362,199665,11,5,5020626,Adamstraße,2019,9,16,2,3,1,5,0,1,1,0,0,0,0,1,"784595,639","5827950,281","13,196","52,52716"
10363,199666,11,9,9020701,Adlershof West,2019,9,16,2,3,5,3,0,0,1,0,0,0,1,0,"808108,893","5818397,877","13,53271","52,42877"
10364,199667,11,1,1033102,Gesundbrunnen,2019,9,6,2,3,5,2,0,1,1,0,0,0,0,0,"797156,6552","5831919,568","13,38417","52,55604"
10365,199668,11,6,6010206,Stadtpark,2019,9,12,2,3,3,6,0,0,1,0,0,0,1,1,"794771,4262","5819856,533","13,33841","52,4492"
10366,199669,11,6,6020301,Alt-Lankwitz,2019,9,12,2,2,6,2,0,0,1,1,0,0,0,1,"796476,3607","5818331,854","13,36207","52,43461"
10367,199670,11,4,4030931,Breitscheidplatz,2019,9,12,2,2,2,7,0,0,1,0,0,0,0,1,"794058,881","5825944,668","13,33332","52,50416"
10368,199671,11,6,6030503,Zehlendorf Mitte,2019,9,9,2,3,6,4,0,0,1,1,0,0,0,1,"789523,0995","5817482,271","13,25934","52,43072"
10369,199672,11,5,5010103,Amorbacher Weg,2019,9,9,2,3,2,2,0,0,1,0,0,0,0,1,"784756,7722","5831112,541","13,20108","52,55543"
10370,199673,11,8,8010405,Hertzbergplatz,2019,9,11,2,3,5,3,0,0,1,0,1,0,0,1,"802265,3909","5823531,337","13,45168","52,47805"
10371,199674,11,3,3061131,Falkplatz,2019,9,10,2,3,2,6,0,0,1,0,0,0,0,1,"799154,44","5830837,209","13,41257","52,54524"
10372,199675,11,4,4051551,Brabanter Platz,2019,9,9,2,3,5,2,0,0,1,0,0,0,0,1,"792894,6517","5823290,128","13,31389","52,48099"
10373,199676,11,4,4030622,Richard-Wagner-Straße,2019,9,8,2,3,5,2,0,1,1,0,0,0,0,1,"792748,5023","5826737,825","13,31477","52,51198"
10374,199677,11,2,2030302,Lausitzer Platz,2019,9,8,2,3,0,5,0,1,1,0,0,0,0,1,"801548,1655","5826038,169","13,44342","52,50091"
10375,199678,11,4,4010101,Jungfernheide,2019,9,7,2,3,5,2,0,1,1,0,0,0,0,1,"790421,1521","5829043,117","13,28259","52,53389"
10376,199679,11,4,4020314,Messegelände,2019,9,7,2,3,2,6,0,0,1,0,0,0,0,1,"790048,7144","5825251,599","13,2738","52,50009"
10377,199680,11,1,1033201,Brunnenstraße,2019,9,6,2,3,6,2,2,0,1,1,0,0,0,1,"797906,9299","5830316,355","13,39376","52,54126"
10378,199681,11,7,7050501,Rathausstraße,2019,9,6,2,2,6,2,2,0,1,1,0,0,0,1,"798001,3187","5819645,445","13,38561","52,44556"
10379,199682,11,8,8020727,Buckow Mitte,2019,9,6,2,3,6,4,2,0,1,1,0,0,0,1,"801754,541","5816744,65","13,43805","52,4175"
10380,199683,11,2,2050801,Traveplatz,2019,9,6,2,3,2,6,2,0,1,0,0,1,0,1,"803348,6358","5826721,293","13,47048","52,50604"
10381,199684,11,6,6020305,Gemeindepark Lankwitz,2019,9,5,2,3,5,2,2,1,1,0,0,0,0,1,"796064,614","5817534,143","13,35533","52,42768"
10382,199685,11,1,1033102,Gesundbrunnen,2019,9,18,2,3,5,2,0,1,1,0,0,0,0,0,"797161,1645","5831877,887","13,3842","52,55566"
10383,199686,11,8,8030831,Gropiusstadt Ost,2019,9,18,1,3,2,7,2,0,1,0,1,0,1,1,"803533,739","5817798,818","13,46508","52,42596"
10384,199687,11,1,1011101,Stülerstraße,2019,9,17,1,3,0,4,0,0,0,1,1,0,0,1,"794573,1492","5826095,612","13,34101","52,50524"
10385,199688,11,1,1011402,Arkonaplatz,2019,9,16,1,3,2,6,0,0,1,0,0,0,0,1,"798307,2058","5829397,76","13,39882","52,53281"
10386,199689,11,4,4030827,Karl-August-Platz,2019,9,16,1,2,5,3,0,0,1,0,0,0,0,1,"792714,9118","5826095,23","13,31371","52,50623"
10387,199690,11,5,5020419,Magistratsweg,2019,9,15,1,2,5,2,1,0,1,0,0,0,0,1,"780865,0524","5828328,486","13,14147","52,53249"
10388,199691,11,1,1011301,Charitéviertel,2019,9,14,1,3,0,1,0,0,0,0,0,0,1,1,"797571,3937","5828629,265","13,38732","52,52632"
10389,199692,11,10,10020415,Hellersdorfer Promenade,2019,9,14,1,3,5,3,0,0,1,0,0,0,1,1,"812678,7223","5831108,167","13,61163","52,54008"
10390,199693,11,8,8020726,Buckow West,2019,9,13,1,3,2,6,0,0,1,0,0,0,0,1,"799395,4504","5816313,579","13,40308","52,41493"
10391,199694,11,7,7030301,Friedenau,2019,9,13,1,3,3,6,0,1,1,0,0,0,0,1,"794795,1817","5822894,912","13,34144","52,47642"
10392,199695,11,4,4020313,Königin-Elisabeth-Straße,2019,9,12,1,3,3,6,0,0,1,0,0,0,0,1,"790472,1479","5826019,601","13,28069","52,50675"
10393,199696,11,2,2030301,Oranienplatz,2019,9,12,1,2,4,7,0,1,0,0,0,0,1,1,"800277,3969","5826074,643","13,42478","52,50194"
10394,199697,11,5,5030730,Zitadellenweg,2019,9,8,1,3,1,5,0,0,1,0,0,0,0,0,"786976,1343","5829856,048","13,23264","52,543"
10395,199698,11,3,3061430,Volkspark Prenzlauer Berg,2019,9,19,1,3,0,6,2,0,1,0,0,0,0,1,"802438,6867","5829268,854","13,45943","52,52937"
10396,199699,11,2,2020204,Urbanstraße,2019,9,8,1,3,5,3,0,1,1,0,0,0,0,1,"798292,6721","5824821,381","13,39451","52,49179"
10397,199700,11,1,1044101,Rehberge,2019,9,19,1,3,5,2,1,0,1,0,0,0,0,1,"793796,3796","5832177,287","13,33498","52,56017"
10398,199701,11,6,6020303,Lankwitz Kirche,2019,9,18,1,3,5,7,1,0,1,0,1,0,0,1,"795312,7142","5818518,894","13,34517","52,43692"
10399,199702,11,8,8010301,Reuterkiez,2019,9,17,1,3,5,2,0,1,0,0,0,0,1,1,"801412,7018","5824134,458","13,4397","52,48392"
10400,199703,11,4,4041136,Hagenplatz,2019,9,21,7,3,1,1,2,0,1,0,0,0,0,1,"789509,5326","5823525,717","13,26438","52,48491"
10401,199704,11,7,7040401,Neu-Tempelhof,2019,10,17,3,3,2,6,1,0,1,0,1,0,0,1,"798721,5199","5823949,03","13,40002","52,48374"
10402,199705,11,1,1011102,Großer Tiergarten,2019,9,13,7,2,2,6,0,1,0,0,0,0,1,0,"795155,563","5827075,522","13,35044","52,51371"
10403,199706,11,1,1011306,Heine-Viertel Ost,2019,10,17,3,3,1,5,0,1,1,0,0,0,0,1,"800125,4294","5826577,673","13,42301","52,50653"
10404,199707,11,7,7040406,Germaniagarten,2019,9,15,7,3,1,5,1,0,1,0,0,0,0,1,"800160,1835","5821496,765","13,41894","52,46097"
10405,199708,11,6,6020306,Lankwitz Süd,2019,10,17,3,3,5,3,0,0,1,0,0,0,0,1,"796228,7557","5817019,635","13,35728","52,42298"
10406,199709,11,4,4030931,Breitscheidplatz,2019,9,22,7,3,0,2,2,0,0,1,0,0,1,0,"793993,1674","5826148,137","13,33254","52,50602"
10407,199710,11,6,6010205,Südende,2019,10,16,3,3,2,6,0,0,1,0,0,0,0,1,"796149,0946","5819832,869","13,3586","52,44824"
10408,199711,11,7,7050505,Hundsteinweg,2019,10,16,3,3,2,2,0,0,1,0,0,0,1,1,"798941,8003","5817278,527","13,39729","52,42383"
10409,199712,11,1,1011301,Charitéviertel,2019,9,23,7,3,5,2,2,1,1,0,0,0,0,0,"797013,799","5828942,3","13,37941","52,52943"
10410,199713,11,7,7010104,Dennewitzplatz,2019,10,16,3,3,2,6,0,0,1,0,1,0,0,1,"796177,7135","5825310,447","13,36388","52,49733"
10411,199714,11,4,4041136,Hagenplatz,2019,9,21,7,3,8,1,2,0,1,0,0,0,0,1,"790691,3273","5822709,206","13,28103","52,47696"
10412,199715,11,4,4020313,Königin-Elisabeth-Straße,2019,10,16,3,3,2,6,0,0,1,0,0,0,0,1,"790341,2915","5826678,652","13,27935","52,51273"
10413,199716,11,8,8020621,Mohriner Allee Nord,2019,10,15,3,3,5,3,0,0,1,0,0,0,0,1,"800481,453","5819301,646","13,42168","52,44112"
10414,199717,11,4,4041136,Hagenplatz,2019,9,19,7,2,5,2,2,0,1,0,1,0,0,1,"789617,6374","5823364,563","13,26583","52,4834"
10415,199718,11,11,11010310,Mühlengrund,2019,10,15,3,3,6,4,0,0,1,1,0,0,0,1,"805271,4291","5833253,957","13,50472","52,56351"
10416,199719,11,5,5010311,Eiswerder,2019,9,18,7,3,0,1,0,1,1,0,0,0,0,1,"785941,153","5830341,528","13,21784","52,5479"
10417,199720,11,8,8010213,Körnerpark,2019,10,15,3,3,2,2,0,0,1,0,0,0,0,1,"801361,5832","5822504,441","13,43748","52,46934"
10418,199721,11,8,8010301,Reuterkiez,2019,9,18,7,3,0,5,0,1,1,0,0,0,0,1,"800501,8014","5824472,817","13,42663","52,48746"
10419,199722,11,1,1033102,Gesundbrunnen,2019,10,14,3,3,5,2,0,1,1,0,0,0,0,1,"797330,942","5831873,573","13,38669","52,55553"
10420,199723,11,9,9052001,Köpenick Nord,2019,9,15,7,3,0,1,0,0,0,0,1,0,0,1,"811165,4511","5822101,611","13,58097","52,46024"
10421,199724,11,12,12214424,Scharnweberstraße,2019,10,10,3,3,0,5,0,0,1,0,0,0,1,1,"793346,2079","5832817,875","13,32892","52,56616"
10422,199725,11,11,11020515,Landsberger Allee,2019,10,9,3,3,2,7,0,0,0,0,0,1,1,1,"805030,3309","5830404,747","13,49856","52,53811"
10423,199726,11,1,1011305,Heine-Viertel West,2019,9,17,7,3,2,7,0,0,1,0,0,0,0,1,"799061,852","5826880,233","13,40765","52,50983"
10424,199727,11,12,12214125,Waldidyll/Flughafensee,2019,9,15,7,3,0,6,0,0,1,0,1,0,0,1,"791177,4253","5830882,63","13,29532","52,54997"
10425,199728,11,9,9031202,Schmöckwitz/Rauchfangswerder,2019,10,9,3,3,5,2,0,0,1,0,0,0,1,1,"819378,0584","5812745,61","13,69251","52,37167"
10426,199729,11,10,10010311,Landsberger Tor,2019,9,16,7,3,0,5,0,0,1,0,0,0,0,0,"810235,5729","5831099,41","13,57571","52,5414"
10427,199730,11,2,2030301,Oranienplatz,2019,10,14,3,3,5,3,0,1,1,0,0,0,0,1,"800107,2649","5825740,862","13,42198","52,49904"
10428,199731,11,11,11020412,Hauptstraße,2019,9,15,7,3,2,6,0,0,1,0,0,0,0,1,"805634,4408","5831787,975","13,50871","52,55017"