,id,city,district,lor,street,year,month,hour,weekday,category,collision,movement,light_conditions,bicycle,car,pedestrian,motorbike,truck,other_vehicle,road_conditions,LINREFX,LINREFY,XGCSWGS84,YGCSWGS84
10429,199732,11,1,1011202,Unter den Linden Nord,2019,10,2,3,3,0,7,2,0,0,0,0,0,1,0,"797680,5401","5827937,483","13,38831","52,52006"
10430,199733,11,7,7050503,Eisenacher Straße,2019,10,13,3,3,5,2,0,0,1,0,0,0,0,1,"799474,3042","5820508,998","13,40799","52,45249"
10431,199734,11,7,7050501,Rathausstraße,2019,9,16,7,2,5,2,0,0,1,0,1,0,0,1,"797219,0693","5819544,188","13,37404","52,44507"
10432,199735,11,1,1011204,Leipziger Straße,2019,9,14,7,3,2,6,0,0,1,0,0,0,0,1,"798572,527","5826859,019","13,40045","52,50991"
10433,199736,11,2,2020203,Viktoriapark,2019,10,12,3,3,2,2,0,0,1,0,0,0,1,1,"797091,2081","5824704,82","13,37676","52,4914"
10434,199737,11,12,12304314,Ziekowstraße/Freie Scholle,2019,10,11,3,3,5,2,0,0,1,0,0,0,1,1,"790700,8519","5835384,324","13,29225","52,59059"
10435,199738,11,6,6020411,Schütte-Lanz-Straße,2019,9,14,7,3,5,2,0,1,1,0,0,0,0,1,"795220,1495","5816173,353","13,34174","52,41594"
10436,199739,11,5,5040935,Groß-Glienicker Weg,2019,10,10,3,2,5,3,0,0,1,0,0,1,0,1,"782469,9125","5820629,239","13,15854","52,46262"
10437,199740,11,2,2020204,Urbanstraße,2019,9,12,7,3,3,6,0,1,0,0,0,0,1,1,"798404,9154","5824782,567","13,39612","52,49138"
10438,199741,11,1,1033102,Gesundbrunnen,2019,10,20,2,3,5,2,0,0,1,0,0,0,1,0,"797163,233","5831921,313","13,38427","52,55605"
10439,199742,11,11,11010205,Falkenberg West,2019,10,14,2,3,2,2,0,0,1,0,0,0,0,0,"806893,8215","5832610,735","13,52799","52,55684"
10440,199743,11,4,4030931,Breitscheidplatz,2019,9,12,7,3,0,4,0,0,0,1,1,0,0,1,"794077,9284","5825724,626","13,33341","52,50218"
10441,199744,11,3,3071537,Kollwitzplatz,2019,10,17,2,3,5,3,0,0,0,0,1,0,1,0,"799455,8625","5829339,558","13,41566","52,53166"
10442,199745,11,5,5020629,Börnicker Straße,2019,9,9,7,3,0,1,0,0,0,0,1,0,0,1,"785031,2113","5826304,242","13,20099","52,51218"
10443,199746,11,2,2030301,Oranienplatz,2019,10,20,2,2,5,2,2,0,1,0,1,0,0,0,"799908,0468","5825978,769","13,41927","52,50128"
10444,199747,11,8,8010301,Reuterkiez,2019,9,9,7,3,0,1,0,0,0,0,1,0,0,1,"800657,7312","5824517,154","13,42896","52,48777"
10445,199748,11,4,4030519,Kaiserin-Augusta-Allee,2019,10,20,2,3,5,2,2,0,1,0,0,0,0,0,"792084,9465","5827960,648","13,30609","52,52329"
10446,199749,11,5,5030730,Zitadellenweg,2019,9,12,7,2,0,6,0,0,0,0,1,0,0,1,"785486,914","5829263,084","13,21023","52,53847"
10447,199750,11,2,2010104,Wassertorplatz,2019,10,19,2,3,5,7,2,0,1,0,1,0,0,0,"799339,6612","5825628,45","13,41061","52,49845"
10448,199751,11,4,4030827,Karl-August-Platz,2019,10,19,2,3,2,7,2,0,1,0,0,0,0,0,"791926,8849","5826448,976","13,30244","52,50983"
10449,199752,11,8,8010117,Schillerpromenade,2019,9,11,7,3,6,4,0,0,1,1,0,0,0,0,"800623,1038","5823113,661","13,42719","52,47521"
10450,199753,11,6,6030503,Zehlendorf Mitte,2019,9,11,7,3,0,1,0,1,0,0,0,0,0,1,"789387,8071","5817890,596","13,25771","52,43445"
10451,199754,11,1,1011304,Karl-Marx-Allee,2019,10,16,2,3,4,2,0,1,0,0,0,0,0,0,"799672,061","5827595,643","13,41726","52,5159"
10452,199755,11,2,2010101,Askanischer Platz,2019,10,18,2,3,2,6,2,0,1,0,0,0,1,0,"797865,4224","5825570,448","13,3889","52,49874"
10453,199756,11,5,5010207,Darbystraße,2019,9,10,7,2,5,2,0,1,1,0,0,0,0,1,"783702,499","5830168,375","13,18476","52,54751"
10454,199757,11,8,8041036,Zittauer Straße,2019,10,16,2,3,5,3,0,1,1,0,0,0,0,0,"805254,5841","5817233,126","13,4898","52,41993"
10455,199758,11,4,4051654,Wilhelmsaue,2019,9,10,7,3,6,7,0,0,1,1,0,0,0,0,"793390,1399","5823677,332","13,3215","52,48419"
10456,199759,11,9,9051701,Hirschgarten,2019,10,18,2,3,1,5,2,1,1,0,0,0,0,0,"813049,5549","5821635,995","13,60818","52,45499"
10457,199760,11,1,1011302,Oranienburger Straße,2019,10,15,2,2,4,6,0,1,0,0,0,0,1,0,"798145,1458","5828887,621","13,39598","52,52832"
10458,199761,11,1,1022104,Emdener Straße,2019,9,10,7,3,2,6,0,0,1,0,0,0,0,1,"794568,742","5828788,997","13,34333","52,52938"
10459,199762,11,9,9010402,Johannisthal Ost,2019,10,15,2,3,5,3,0,1,0,0,1,0,0,0,"807116,76","5819898,907","13,51954","52,44278"
10460,199763,11,7,7040401,Neu-Tempelhof,2019,9,1,7,3,5,3,2,0,1,0,0,0,0,0,"797309,166","5823515,459","13,3789","52,48062"
10461,199764,11,10,10020412,Alte Hellersdorfer Straße,2019,10,15,2,3,2,6,0,0,1,0,0,0,0,0,"811804,8639","5831858,736","13,59949","52,54731"
10462,199765,11,2,2010101,Askanischer Platz,2019,9,15,7,3,5,2,0,0,1,0,0,0,0,1,"797028,4322","5825874,38","13,37688","52,50192"
10463,199766,11,8,8010212,Rollberg,2019,10,15,2,3,6,4,0,0,1,1,0,0,0,0,"800677,0839","5823165,176","13,42803","52,47564"
10464,199767,11,1,1022204,Thomasiusstraße,2019,10,8,2,3,2,2,0,0,1,0,0,0,1,0,"795118,5713","5828261,845","13,35094","52,52436"
10465,199768,11,2,2010103,Moritzplatz,2019,9,11,7,3,5,3,0,0,1,0,0,0,0,0,"799034,9268","5826066,535","13,40653","52,50255"
10466,199769,11,2,2030402,Wrangelkiez,2019,10,9,2,3,2,6,0,0,1,0,0,0,0,0,"801783,2483","5825790,539","13,44664","52,49856"
10467,199770,11,12,12231101,Hermsdorf,2019,9,16,6,3,5,2,0,1,1,0,0,0,0,1,"792221,676","5838181,846","13,31711","52,61485"
10468,199771,11,6,6010103,Markelstraße,2019,10,14,2,3,0,1,0,0,0,0,1,0,0,0,"793049,1311","5821525,689","13,3146","52,46509"
10469,199772,11,4,4051653,Prager Platz,2019,9,21,6,3,5,2,2,1,1,0,0,0,0,1,"793948,4352","5824710,565","13,33061","52,49316"
10470,199773,11,10,10010310,Alt-Marzahn,2019,10,14,2,3,2,2,0,0,1,0,0,0,0,0,"809340,6986","5830332,067","13,56184","52,53503"
10471,199774,11,9,9020502,Oberschöneweide Ost,2019,9,17,6,3,0,1,1,0,0,0,1,0,0,1,"809044,1455","5821573,473","13,54936","52,45671"
10472,199775,11,7,7030303,Grazer Platz,2019,10,13,2,3,5,2,0,1,0,0,0,0,1,0,"796191,7462","5822784,814","13,36185","52,47468"
10473,199776,11,1,1033102,Gesundbrunnen,2019,10,13,2,3,5,3,0,1,0,0,0,0,1,0,"797713,1022","5831818,383","13,39226","52,55483"
10474,199777,11,7,7050501,Rathausstraße,2019,9,15,6,3,4,6,0,0,1,0,1,0,0,1,"796989,5174","5819474,605","13,37061","52,44458"
10475,199778,11,7,7040405,Rathaus Tempelhof,2019,9,12,6,3,0,1,0,0,1,0,1,0,0,1,"799497,9122","5821799,635","13,40949","52,46405"
10476,199779,11,2,2010101,Askanischer Platz,2019,10,10,2,3,1,7,0,1,1,0,0,0,0,0,"797695,9955","5825807,211","13,38663","52,50096"
10477,199780,11,1,1022204,Thomasiusstraße,2019,10,13,2,3,6,4,0,0,1,1,0,0,0,0,"794763,1096","5828314,352","13,34577","52,52502"
10478,199781,11,12,12214424,Scharnweberstraße,2019,9,7,6,3,3,2,0,0,1,0,0,0,0,1,"793208,2913","5832403,428","13,32652","52,56252"
10479,199782,11,12,12214424,Scharnweberstraße,2019,10,13,2,2,5,3,0,0,1,0,0,0,0,0,"792816,4614","5833029,358","13,32131","52,56834"
10480,199783,11,9,9041501,Altstadt Kietz,2019,9,13,6,3,5,2,0,1,0,0,0,0,1,1,"811341,8913","5819932,436","13,58154","52,4407"
10481,199784,11,11,11040926,Weitlingstraße,2019,10,10,2,3,6,2,0,0,1,1,0,0,0,0,"806697,8786","5826920,362","13,51986","52,50595"
10482,199785,11,1,1022103,Westhafen,2019,10,10,2,3,5,2,0,1,0,0,0,1,0,0,"794578,1584","5829789,565","13,34436","52,53835"
10483,199786,11,5,5010209,An der Kappe,2019,9,19,6,3,2,2,0,0,1,0,0,0,0,0,"780940,0104","5829866,636","13,14388","52,54624"
10484,199787,11,6,6040807,Zehlendorf Eiche,2019,10,12,2,3,5,3,0,1,1,0,0,0,0,0,"789858,3026","5818760,161","13,26537","52,442"
10485,199788,11,12,12103218,Teichstraße,2019,10,10,2,3,5,2,0,0,1,0,0,0,1,0,"795051,3853","5834850,711","13,35581","52,58346"
10486,199789,11,7,7060604,Marienfelde Süd,2019,9,9,6,3,0,7,0,0,0,0,1,0,1,1,"797736,3069","5815392,978","13,37793","52,40758"
10487,199790,11,1,1011204,Leipziger Straße,2019,10,9,2,3,0,7,0,1,0,0,0,0,0,0,"798157,733","5826644,946","13,39416","52,50821"
10488,199791,11,2,2050803,Stralauer Kiez,2019,9,14,6,3,0,6,0,0,1,0,0,0,1,0,"803212,578","5826326,551","13,46812","52,50257"
10489,199792,11,8,8010301,Reuterkiez,2019,10,9,2,3,3,6,0,1,0,0,0,0,1,0,"800817,6791","5825029,745","13,43178","52,49228"
10490,199793,11,2,2020204,Urbanstraße,2019,10,9,2,3,2,6,0,0,1,0,0,0,0,0,"798440,4023","5824773,142","13,39664","52,49128"
10491,199794,11,12,12214424,Scharnweberstraße,2019,9,13,6,3,5,3,0,0,1,0,0,0,0,1,"793474,3208","5832414,889","13,33045","52,56248"
10492,199795,11,4,4010102,Plötzensee,2019,9,12,6,3,5,3,0,1,1,0,0,0,0,1,"793356,0868","5829669,931","13,32628","52,53793"
10493,199796,11,3,3061228,Erich-Weinert-Straße,2019,10,9,2,3,5,3,0,1,1,0,0,0,0,0,"801154,7558","5831132,778","13,44225","52,54679"
10494,199797,11,11,11030721,Rüdigerstraße,2019,9,14,6,3,3,6,0,0,1,0,0,0,0,1,"804609,6043","5827526,329","13,48974","52,51255"
10495,199798,11,7,7040401,Neu-Tempelhof,2019,10,8,2,3,1,5,0,1,1,0,0,0,0,0,"797411,8021","5823671,301","13,38055","52,48196"
10496,199799,11,2,2020202,Rathaus Yorckstraße,2019,10,7,2,3,5,3,0,1,1,0,0,0,0,0,"797273,2895","5825511,353","13,38015","52,49853"
10497,199800,11,5,5020627,Tiefwerder,2019,9,15,6,3,2,6,0,0,1,0,0,0,0,0,"785323,8647","5828214,222","13,20693","52,52915"
10498,199801,11,1,1033203,Humboldthain Nordwest,2019,9,14,6,3,2,6,0,0,1,0,0,0,0,1,"796762,7776","5830511,262","13,37712","52,54363"
10499,199802,11,9,9052001,Köpenick Nord,2019,10,12,2,3,5,3,0,1,1,0,0,0,0,0,"810988,2838","5821976,045","13,57825","52,45921"
10500,199803,11,1,1044201,Reinickendorfer Straße,2019,10,12,2,3,5,2,0,0,1,0,0,0,0,0,"796476,8364","5831928,484","13,37418","52,55649"
10501,199804,11,10,10020413,Gut Hellersdorf,2019,9,14,6,3,6,4,0,0,1,1,0,0,0,1,"811134,5788","5831268,593","13,58908","52,5424"
10502,199805,11,5,5010313,Ackerstraße,2019,10,8,2,3,2,2,0,0,1,0,0,0,0,0,"784754,3385","5829936,026","13,20003","52,54488"
10503,199806,11,1,1044103,Westliche Müllerstraße,2019,9,14,6,3,5,3,0,1,1,0,0,0,0,1,"794956,5584","5830810,876","13,35083","52,5473"
10504,199807,11,4,4030726,Droysenstraße,2019,10,8,2,3,5,7,0,0,1,0,0,0,0,0,"792098,0072","5825757,396","13,30435","52,50353"
10505,199808,11,9,9051901,Dammvorstadt,2019,9,14,6,3,5,2,0,1,1,0,0,0,0,1,"811587,3328","5821155,046","13,58628","52,45151"
10506,199809,11,12,12103117,Letteplatz,2019,10,7,2,3,5,2,0,1,1,0,0,0,0,0,"795774,41","5832708,541","13,36454","52,56387"
10507,199810,11,5,5010313,Ackerstraße,2019,9,14,6,3,5,3,0,0,1,0,0,0,0,1,"784406,357","5829916,536","13,1949","52,54489"
10508,199811,11,7,7070706,Horstwalder Straße/Paplitzer Straße,2019,10,12,2,3,6,2,0,0,1,1,0,0,0,0,"800036,2547","5813257,524","13,40973","52,38718"
10509,199812,11,12,12103115,Breitkopfbecken,2019,10,1,2,2,1,7,2,0,1,0,0,0,0,0,"795655,4926","5833549,202","13,36354","52,57147"
10510,199813,11,6,6030607,Goerzwerke,2019,9,14,6,3,5,3,0,0,1,0,1,0,0,1,"792318,3301","5816606,45","13,29957","52,42138"
10511,199814,11,4,4051448,Schaperstraße,2019,9,13,6,3,5,2,0,1,1,0,0,0,0,1,"793459,8653","5824721,958","13,32345","52,49352"
10512,199815,11,5,5010313,Ackerstraße,2019,10,11,2,3,1,7,0,0,1,0,0,0,0,0,"784860,3605","5830102,776","13,20174","52,54632"
10513,199816,11,3,3061430,Volkspark Prenzlauer Berg,2019,10,11,2,2,6,4,0,0,1,1,0,0,0,0,"802308,3869","5829187,285","13,45744","52,52872"
10514,199817,11,4,4051445,Eisenzahnstraße,2019,9,13,6,3,2,2,0,0,1,0,0,0,1,1,"792439,8159","5824107,832","13,30792","52,48856"
10515,199818,11,1,1011306,Heine-Viertel Ost,2019,10,11,2,3,5,2,0,0,1,0,1,0,0,0,"800254,7937","5826822,949","13,42513","52,50866"
10516,199819,11,2,2020204,Urbanstraße,2019,9,12,6,3,2,6,0,0,1,0,0,0,1,1,"798289,3766","5825474,968","13,39505","52,49765"
10517,199820,11,9,9020501,Oberschöneweide West,2019,10,10,2,2,5,3,0,1,1,0,0,0,0,0,"806211,3864","5822174,162","13,50835","52,46368"
10518,199821,11,2,2050803,Stralauer Kiez,2019,10,5,1,3,1,5,2,1,1,0,0,0,1,1,"803110,0241","5826296,668","13,46659","52,50236"
10519,199822,11,7,7070703,John-Locke-Straße,2019,9,13,6,3,1,6,0,1,1,0,0,0,0,1,"798900,5026","5814354,293","13,39407","52,39764"
10520,199823,11,10,10010206,Ringkolonnaden,2019,10,14,1,3,5,3,0,1,1,0,0,0,0,0,"809981,5728","5832050,792","13,57286","52,55007"
10521,199824,11,8,8010301,Reuterkiez,2019,9,12,6,3,1,5,0,1,1,0,0,0,0,1,"801096,92","5824135,331","13,43507","52,4841"
10522,199825,11,1,1033102,Gesundbrunnen,2019,10,19,1,3,5,2,2,0,1,0,0,0,0,0,"797363,25","5831193,189","13,38656","52,54942"
10523,199826,11,1,1011204,Leipziger Straße,2019,9,12,6,3,5,2,0,1,1,0,0,0,0,1,"798860,024","5826767,224","13,40459","52,50892"
10524,199827,11,7,7060604,Marienfelde Süd,2019,9,12,6,2,6,4,0,0,1,1,0,0,0,1,"798079,1177","5814407,312","13,38208","52,39856"
10525,199828,11,1,1022104,Emdener Straße,2019,10,18,1,2,6,4,1,0,1,1,0,0,0,0,"794447,1613","5829094,053","13,34181","52,53218"
10526,199829,11,5,5010311,Eiswerder,2019,10,18,1,3,2,6,1,0,1,0,0,0,0,0,"785409,1719","5830362,934","13,21003","52,54837"
10527,199830,11,1,1044102,Schillerpark,2019,9,11,6,3,5,2,0,1,1,0,0,0,0,1,"794700,6914","5831783,392","13,34793","52,55615"
10528,199831,11,11,11051229,Rummelsburg,2019,10,21,1,3,2,2,2,0,1,0,1,0,0,0,"804789,0093","5825408,278","13,49044","52,49347"
10529,199832,11,1,1011201,Wilhelmstraße,2019,9,21,6,2,6,4,2,0,1,1,0,0,0,0,"797472,9618","5826794,341","13,38423","52,50993"
10530,199833,11,1,1044201,Reinickendorfer Straße,2019,10,16,1,3,2,6,0,0,1,0,0,0,0,0,"797047,6671","5831926,997","13,38257","52,55617"
10531,199834,11,7,7010102,Nollendorfplatz,2019,9,18,6,3,5,3,1,1,1,0,0,0,0,1,"795182,5715","5825494,419","13,34943","52,49952"
10532,199835,11,8,8020727,Buckow Mitte,2019,10,14,1,3,2,6,0,0,1,0,0,0,0,0,"801600,2987","5817447,348","13,43642","52,42388"
10533,199836,11,9,9010302,Späthsfelde,2019,9,18,6,3,8,1,1,0,1,0,0,0,0,1,"803207,8644","5820967,3","13,46318","52,45454"
10534,199837,11,12,12231102,Frohnau,2019,10,14,1,3,2,2,0,1,1,0,0,0,0,0,"789922,9949","5840474,14","13,28526","52,63663"
10535,199838,11,7,7040401,Neu-Tempelhof,2019,10,14,1,3,2,6,0,0,1,0,0,0,0,0,"797750,2572","5823954,092","13,38577","52,48432"
10536,199839,11,1,1011202,Unter den Linden Nord,2019,9,19,6,3,0,1,2,0,0,0,0,0,1,1,"797737,7201","5827795,168","13,38902","52,51875"
10537,199840,11,11,11030721,Rüdigerstraße,2019,9,18,6,3,5,3,1,0,1,0,0,0,0,1,"804833,5019","5827749,191","13,49323","52,51442"
10538,199841,11,8,8010405,Hertzbergplatz,2019,10,14,1,3,5,3,0,1,1,0,0,0,0,0,"801650,6878","5823968,661","13,44305","52,48231"
10539,199842,11,4,4020310,Park Ruhwald,2019,9,18,6,3,8,1,1,0,1,0,0,0,0,1,"790174,1079","5828196,549","13,27821","52,52643"
10540,199843,11,1,1044201,Reinickendorfer Straße,2019,10,13,1,3,6,4,0,0,1,1,0,0,0,0,"796417,3844","5831970,492","13,37334","52,5569"
10541,199844,11,1,1022102,Beusselkiez,2019,9,17,6,3,1,5,0,1,1,0,0,0,0,1,"793548,2113","5828510,926","13,32808","52,52744"
10542,199845,11,2,2040703,Wriezener Bahnhof/Entwicklungsgebiet,2019,10,13,1,3,2,2,0,1,1,0,0,0,0,0,"801351,2615","5826457,932","13,4409","52,50478"
10543,199846,11,7,7070701,Kettinger Straße/Schillerstraße,2019,9,16,6,3,5,3,0,0,1,0,0,0,0,1,"799049,3754","5814291,799","13,3962","52,39699"
10544,199847,11,12,12214422,Klixstraße,2019,10,13,1,3,5,2,0,0,1,0,0,0,0,0,"792275,216","5833930,104","13,31414","52,57671"
10545,199848,11,6,6040804,Krumme Lanke,2019,10,13,1,3,5,3,0,1,1,0,0,0,0,0,"787244,3364","5818354,348","13,22667","52,43974"
10546,199849,11,4,4030725,Amtsgerichtsplatz,2019,9,17,6,3,4,6,0,0,1,0,1,0,0,1,"791149,1775","5825642,578","13,29031","52,50301"
10547,199850,11,5,5010206,Gütersloher Weg,2019,10,12,1,3,5,2,0,1,1,0,0,0,0,0,"782158,6651","5829951,975","13,16187","52,54638"
10548,199851,11,7,7070702,Alt-Lichtenrade/Töpchiner Weg,2019,9,16,6,3,2,6,0,0,1,0,1,0,0,1,"799975,3231","5814566,264","13,41001","52,39895"
10549,199852,11,7,7010102,Nollendorfplatz,2019,10,11,1,3,6,4,0,0,0,1,0,0,1,0,"795081,0019","5825808,364","13,34822","52,50239"
10550,199853,11,11,11051332,Karlshorst Süd,2019,9,16,6,3,6,4,0,0,1,1,0,0,0,1,"807223,9849","5824073,328","13,52496","52,48014"
10551,199854,11,2,2040701,Andreasviertel,2019,10,9,1,3,5,3,0,1,1,0,0,0,0,0,"800619,97","5827307,604","13,43093","52,5128"
10552,199855,11,1,1033201,Brunnenstraße,2019,9,16,6,3,2,6,0,0,1,0,0,0,0,1,"797931,3789","5830272,042","13,39408","52,54085"
10553,199856,11,8,8020622,Parchimer Allee,2019,10,1,1,2,1,5,2,0,1,0,0,0,1,0,"802183,2113","5819314,259","13,44665","52,44029"
10554,199857,11,8,8020620,Tempelhofer Weg,2019,9,16,6,3,3,6,0,0,1,0,1,0,0,1,"800326,684","5820524,654","13,42051","52,45216"
10555,199858,11,4,4041136,Hagenplatz,2019,9,15,6,3,5,3,0,0,1,0,0,0,1,1,"790536,3349","5822781,49","13,27881","52,47769"
10556,199859,11,12,12304314,Ziekowstraße/Freie Scholle,2019,10,0,1,2,5,2,2,0,1,0,1,0,0,1,"790684,1255","5835382,557","13,292","52,59058"
10557,199860,11,4,4030519,Kaiserin-Augusta-Allee,2019,9,15,6,3,6,4,0,0,1,1,0,0,0,1,"792069,0936","5828336,516","13,30619","52,52667"
10558,199861,11,12,12214424,Scharnweberstraße,2019,10,13,7,3,2,6,0,0,1,0,0,0,0,0,"792206,5758","5832945,537","13,31227","52,56792"
10559,199862,11,12,12302211,Lübarser Straße,2019,10,16,7,3,8,1,0,0,1,0,0,0,0,0,"793489,9217","5836973,652","13,33471","52,60334"
10560,199863,11,3,3050923,Weißenseer Spitze,2019,9,11,6,3,0,1,0,1,1,1,0,0,0,1,"800831,403","5832047,48","13,43833","52,55517"
10561,199864,11,10,10040932,Alt-Mahlsdorf,2019,9,9,6,3,5,2,0,1,1,0,0,0,0,1,"812977,451","5827501,006","13,61262","52,50759"
10562,199865,11,2,2010103,Moritzplatz,2019,10,16,7,3,5,3,0,1,1,0,0,0,0,0,"799343,5968","5826192,208","13,41117","52,50351"
10563,199866,11,5,5010208,Germersheimer Platz,2019,9,10,6,3,2,6,0,0,1,0,0,0,1,1,"783717,2281","5830172,427","13,18498","52,54754"
10564,199867,11,1,1011202,Unter den Linden Nord,2019,10,14,7,3,0,1,0,1,0,0,0,0,0,0,"797207,6581","5827497,332","13,38096","52,51637"
10565,199868,11,9,9020702,Adlershof Ost,2019,9,10,6,3,5,3,0,1,1,0,0,0,0,1,"809228,6699","5819314,425","13,54998","52,43636"
10566,199869,11,7,7010101,Wittenbergplatz/Viktoria-Luise-Platz,2019,10,20,7,3,6,7,2,1,0,1,0,0,0,1,"794600,477","5825793,879","13,34115","52,50252"
10567,199870,11,1,1011103,Lützowstraße,2019,9,10,6,3,5,2,0,1,1,0,0,0,0,1,"795271,403","5826033,423","13,35121","52,5043"
10568,199871,11,7,7050502,Fritz-Werner-Straße,2019,10,19,7,3,5,2,2,0,1,0,0,0,0,0,"798379,08","5818418,792","13,39005","52,43435"
10569,199872,11,4,4030519,Kaiserin-Augusta-Allee,2019,10,18,7,3,2,6,1,0,1,0,0,0,0,1,"792071,0406","5827980,803","13,30591","52,52348"
10570,199873,11,9,9051901,Dammvorstadt,2019,10,18,7,3,9,1,0,0,0,0,1,0,0,0,"810239,2496","5821476,326","13,5668","52,45516"
10571,199874,11,4,4051445,Eisenzahnstraße,2019,9,10,6,3,6,4,0,0,1,1,0,0,0,1,"791968,3501","5824737,979","13,30155","52,49447"
10572,199875,11,3,3050924,Behaimstraße,2019,10,17,7,3,0,7,0,0,1,0,0,0,1,0,"801483,3152","5831869,833","13,44775","52,55322"
10573,199876,11,4,4020313,Königin-Elisabeth-Straße,2019,9,9,6,2,5,3,0,0,1,0,0,0,0,1,"790493,9477","5826546,12","13,28147","52,51146"
10574,199877,11,4,4030931,Breitscheidplatz,2019,10,14,7,3,6,2,0,0,1,1,0,0,0,0,"794352,4437","5825900,19","13,3376","52,5036"
10575,199878,11,12,12103115,Breitkopfbecken,2019,9,9,6,3,5,3,0,1,1,0,0,0,0,1,"795346,3893","5833841,178","13,35926","52,57425"
10576,199879,11,4,4030827,Karl-August-Platz,2019,10,12,7,3,3,6,0,0,1,0,1,0,0,0,"792269,9256","5826111,912","13,30719","52,50662"
10577,199880,11,5,5030731,Gartenfelder Straße,2019,10,12,7,3,6,4,0,0,1,1,0,0,0,0,"786591,1336","5830252,549","13,22732","52,54676"
10578,199881,11,9,9020701,Adlershof West,2019,9,9,6,2,5,2,0,0,1,0,0,0,0,1,"809327,1704","5818503,022","13,55067","52,42903"
10579,199882,11,3,3061332,Helmholtzplatz,2019,9,9,6,3,0,5,0,1,0,0,0,1,0,1,"799602,8038","5831130,138","13,41943","52,54762"
10580,199883,11,7,7060604,Marienfelde Süd,2019,10,11,7,3,2,2,0,0,1,0,0,0,0,0,"796572,6117","5815881,443","13,36131","52,41259"
10581,199884,11,3,3050920,Weißer See,2019,10,11,7,3,5,3,0,0,1,0,0,0,0,1,"802250,4489","5831589,31","13,45878","52,55028"
10582,199885,11,1,1011103,Lützowstraße,2019,9,9,6,3,3,6,0,0,1,0,0,0,0,1,"795262,1542","5826012,986","13,35106","52,50412"
10583,199886,11,6,6010209,Feuerbachstraße,2019,10,7,7,3,5,2,1,0,1,0,0,0,0,1,"794023,046","5821044,072","13,32847","52,46025"
10584,199887,11,5,5010102,Goltzstraße,2019,9,8,6,3,5,2,0,1,1,0,0,0,0,1,"785209,2192","5831876,388","13,20839","52,56204"
10585,199888,11,6,6040810,Dahlem,2019,10,6,7,3,5,3,2,0,1,0,0,0,0,1,"790158,8296","5819788,732","13,27067","52,45106"
10586,199889,11,4,4051550,Leon-Jessel-Platz,2019,10,5,7,3,2,6,2,0,1,0,0,0,0,1,"792952,9445","5824226,925","13,31557","52,48936"
10587,199890,11,1,1011304,Karl-Marx-Allee,2019,10,4,7,3,5,2,2,0,1,0,0,0,0,1,"799731,5123","5827551,813","13,4181","52,51548"
10588,199891,11,9,9020701,Adlershof West,2019,9,8,6,3,2,6,0,0,1,0,0,0,0,1,"809062,8844","5818756,621","13,54703","52,43145"
10589,199892,11,4,4030827,Karl-August-Platz,2019,10,19,7,3,1,5,2,1,1,0,0,0,0,1,"792731,0996","5826215,094","13,31405","52,5073"
10590,199893,11,8,8010404,Rixdorf,2019,9,8,6,3,5,2,0,1,1,0,0,0,0,1,"802576,2757","5823077,955","13,45583","52,47381"
10591,199894,11,10,10010207,Marzahner Promenade,2019,10,10,6,3,6,4,0,0,1,1,0,0,0,0,"808411,64","5831212,291","13,54901","52,54345"
10592,199895,11,11,11040926,Weitlingstraße,2019,10,19,6,3,6,2,2,0,1,1,0,0,0,1,"805195,4806","5827245,563","13,49809","52,5097"
10593,199896,11,9,9020802,Köllnische Vorstadt,2019,9,8,6,3,2,6,0,0,1,0,0,1,0,1,"810040,6069","5819479,777","13,56203","52,43738"
10594,199897,11,1,1033102,Gesundbrunnen,2019,10,22,6,3,5,2,2,0,1,0,0,0,0,1,"797157,0054","5831904,692","13,38416","52,55591"
10595,199898,11,1,1011201,Wilhelmstraße,2019,9,9,6,3,2,6,0,1,0,0,0,0,0,1,"797206,5308","5827476,955","13,38093","52,51619"
10596,199899,11,6,6030606,Hindenburgdamm,2019,10,21,6,3,6,2,2,0,1,1,0,0,0,1,"793178,277","5818211,484","13,31359","52,43531"
10597,199900,11,1,1022201,Stephankiez,2019,9,7,6,3,5,7,0,0,1,0,1,0,0,1,"795005,3163","5829134,167","13,35005","52,53224"
10598,199901,11,5,5010314,Carl-Schurz-Straße,2019,10,21,6,3,2,6,2,0,1,0,0,0,0,1,"785322,1191","5829293,631","13,20783","52,53883"
10599,199902,11,6,6040806,Fischtal,2019,10,10,6,3,2,7,0,0,1,0,1,0,0,0,"788886,6612","5819465,557","13,25172","52,44884"
10600,199903,11,1,1033203,Humboldthain Nordwest,2019,9,0,6,3,1,5,2,0,1,0,0,0,0,0,"796960,3279","5830795,942","13,38028","52,54608"
10601,199904,11,4,4010101,Jungfernheide,2019,9,8,6,2,0,7,0,0,1,0,0,1,0,1,"790900,2346","5830673,187","13,29106","52,54824"
10602,199905,11,5,5010312,Kurstraße,2019,10,20,6,3,6,7,2,0,1,1,0,0,0,1,"785405,8426","5830432,374","13,21004","52,54899"