,id,city,district,lor,street,year,month,hour,weekday,category,collision,movement,light_conditions,bicycle,car,pedestrian,motorbike,truck,other_vehicle,road_conditions,LINREFX,LINREFY,XGCSWGS84,YGCSWGS84
10953,200256,11,4,4010102,Plötzensee,2019,10,6,1,3,5,7,2,0,1,0,0,0,0,0,"792499,8375","5830685,669","13,31459","52,5475"
10954,200257,11,1,1011306,Heine-Viertel Ost,2019,10,22,1,3,5,3,2,0,1,0,0,0,0,1,"799767,4694","5826564,54","13,41774","52,50661"
10955,200258,11,3,3040614,Pankow Zentrum,2019,10,22,1,2,3,6,2,1,0,0,0,0,1,0,"798727,584","5833123,736","13,40836","52,56597"
10956,200259,11,2,2030302,Lausitzer Platz,2019,10,20,1,3,5,3,2,0,1,0,1,0,0,1,"800969,0399","5826064,615","13,43493","52,50147"
10957,200260,11,4,4030620,Alt-Lietzow,2019,10,20,1,3,0,1,2,1,0,0,0,0,0,0,"792637,25","5827412,208","13,31373","52,51808"
10958,200261,11,4,4031032,Halensee,2019,10,16,4,3,5,2,0,0,1,0,1,0,0,1,"791871,996","5824727,729","13,30013","52,49442"
10959,200262,11,1,1011301,Charitéviertel,2019,10,17,3,3,0,1,1,0,1,0,0,0,1,1,"797454,2812","5828850,246","13,3858","52,52837"
10960,200263,11,4,4041344,Rüdesheimer Platz,2019,10,19,1,3,0,1,2,0,0,0,1,0,0,1,"793388,9873","5821926,968","13,31995","52,4685"
10961,200264,11,11,2050801,Traveplatz,2019,10,19,1,3,0,1,2,0,0,0,1,0,0,1,"803664,4455","5827433,484","13,47577","52,51224"
10962,200265,11,2,2010104,Wassertorplatz,2019,10,18,1,3,0,2,2,1,1,0,0,0,0,1,"799452,7651","5825659,489","13,4123","52,49867"
10963,200266,11,4,4030930,George-Grosz-Platz,2019,10,18,1,3,0,1,1,0,0,0,1,0,0,0,"793118,1093","5825589,628","13,31919","52,50148"
10964,200267,11,7,7050501,Rathausstraße,2019,10,13,7,3,2,2,0,0,1,0,0,0,0,0,"797464,8657","5820309,025","13,37833","52,4518"
10965,200268,11,6,6040810,Dahlem,2019,10,13,7,3,2,2,0,0,1,0,0,0,0,0,"790399,4568","5820898,996","13,27517","52,46089"
10966,200269,11,1,1022103,Westhafen,2019,10,18,7,3,0,5,1,0,1,0,1,0,0,0,"794869,7904","5829770,779","13,34863","52,53802"
10967,200270,11,2,2050803,Stralauer Kiez,2019,10,15,4,2,6,4,0,0,1,1,0,0,0,1,"803260,8595","5826317,79","13,46882","52,50247"
10968,200271,11,6,6030610,Lichterfelde West,2019,10,23,7,2,0,1,2,1,0,0,0,0,0,0,"792231,6245","5818664,829","13,3001","52,43988"
10969,200272,11,3,3061430,Volkspark Prenzlauer Berg,2019,10,23,7,2,2,6,2,0,1,0,1,0,0,0,"801950,8495","5829754,33","13,4527","52,534"
10970,200273,11,1,1011302,Oranienburger Straße,2019,10,15,4,3,6,4,0,0,0,1,1,0,0,1,"798110,812","5828956,112","13,39554","52,52896"
10971,200274,11,1,1044101,Rehberge,2019,10,22,7,2,5,2,1,1,1,0,0,0,0,0,"794519,4647","5831564,763","13,34507","52,55429"
10972,200275,11,8,8010406,Treptower Straße Nord,2019,10,21,7,3,5,2,2,0,1,0,0,0,1,0,"802396,2353","5824048,106","13,45406","52,4826"
10973,200276,11,4,4010101,Jungfernheide,2019,10,22,7,3,5,2,2,0,1,0,0,0,1,0,"791253,327","5829731,046","13,29542","52,53961"
10974,200277,11,1,1011305,Heine-Viertel West,2019,10,22,7,3,6,2,2,0,1,1,0,0,0,0,"799212,8314","5826976,305","13,40996","52,51061"
10975,200278,11,8,8020619,Buschkrugallee Nord,2019,10,19,7,3,0,5,2,0,1,0,0,0,1,0,"801249,628","5821577,712","13,435","52,4611"
10976,200279,11,1,1044101,Rehberge,2019,10,18,7,3,1,5,2,0,1,0,0,0,1,0,"793695,2693","5832104,063","13,33342","52,55957"
10977,200280,11,12,12214125,Waldidyll/Flughafensee,2019,10,18,7,3,6,2,2,0,0,1,0,0,1,0,"790705,3386","5834318,303","13,29138","52,58103"
10978,200281,11,12,12301205,Waidmannslust,2019,10,16,7,2,5,3,0,1,1,0,0,0,0,0,"792374,8311","5837801,268","13,31903","52,61136"
10979,200282,11,8,8030830,Gropiusstadt Süd,2019,10,15,7,3,5,3,0,0,1,0,0,0,0,0,"802494,6983","5817963,473","13,45","52,42801"
10980,200283,11,5,5020625,Borkumer Straße,2019,10,15,7,2,0,6,0,0,1,0,0,0,1,0,"784561,9674","5828221,894","13,19574","52,52961"
10981,200284,11,7,7060604,Marienfelde Süd,2019,10,14,7,3,5,2,0,1,1,0,0,0,0,0,"797595,9221","5815555,83","13,37602","52,40912"
10982,200285,11,7,7010102,Nollendorfplatz,2019,10,14,7,3,5,7,0,0,1,0,1,0,0,0,"794953,8235","5825404,052","13,34599","52,49883"
10983,200286,11,10,10010207,Marzahner Promenade,2019,10,13,7,3,0,6,0,0,1,0,0,0,1,0,"808006,3209","5831072,675","13,54292","52,54242"
10984,200287,11,4,4030827,Karl-August-Platz,2019,10,12,7,3,5,3,0,1,0,0,1,0,0,0,"792731,2633","5826591,302","13,31439","52,51067"
10985,200288,11,10,10020620,Kaulsdorf Nord II,2019,10,12,7,3,5,2,0,0,0,0,0,0,1,0,"811315,9233","5829840,502","13,59041","52,5295"
10986,200289,11,9,9020701,Adlershof West,2019,10,12,7,3,5,3,0,1,1,0,0,0,0,0,"807643,3487","5819360,774","13,52677","52,43767"
10987,200290,11,6,6010102,Schloßstraße,2019,10,12,7,3,5,3,0,0,1,0,0,0,0,0,"793420,2249","5820913,372","13,31951","52,4594"
10988,200291,11,11,11041128,Sewanstraße,2019,10,11,7,3,5,3,0,1,1,0,0,0,0,0,"806845,3531","5826253,121","13,52141","52,49988"
10989,200292,11,11,11030720,Herzbergstraße,2019,10,11,7,3,3,6,0,1,0,0,0,0,1,0,"805194,9492","5829081,116","13,49976","52,52616"
10990,200293,11,11,11030721,Rüdigerstraße,2019,10,10,7,3,3,6,0,1,1,0,0,0,0,0,"804223,9317","5828690,198","13,48514","52,5232"
10991,200294,11,3,3030715,Heinersdorf,2019,10,10,7,3,5,3,0,0,1,0,0,0,0,0,"801082,3124","5833978,25","13,44377","52,57234"
10992,200295,11,11,11010206,Wartenberg Süd,2019,10,10,7,3,0,3,0,0,1,0,1,0,0,0,"806287,3277","5834076,302","13,52042","52,57031"
10993,200296,11,4,4030519,Kaiserin-Augusta-Allee,2019,10,9,7,3,5,7,0,0,1,0,1,0,0,0,"792077,9356","5828393,753","13,30637","52,52718"
10994,200297,11,8,8010301,Reuterkiez,2019,10,1,7,3,5,3,2,0,1,0,1,0,0,0,"800733,3393","5825055,919","13,43056","52,49256"
10995,200298,11,5,5010314,Carl-Schurz-Straße,2019,10,0,7,3,6,4,2,0,1,1,0,0,0,0,"784897,416","5828752,34","13,20112","52,5342"
10996,200299,11,2,2040502,Friedenstraße,2019,10,19,6,3,0,6,2,0,1,0,1,0,0,0,"800872,5704","5828502,726","13,43572","52,52337"
10997,200300,11,1,1011202,Unter den Linden Nord,2019,10,10,6,2,6,4,0,1,0,1,0,0,0,1,"797363,8398","5827731,613","13,38347","52,51839"
10998,200301,11,11,11051229,Rummelsburg,2019,10,20,6,3,6,4,2,0,1,1,0,0,0,1,"805608,7531","5824270,522","13,50143","52,48281"
10999,200302,11,1,1011306,Heine-Viertel Ost,2019,10,14,6,3,5,7,0,1,0,0,0,0,1,0,"800348,9418","5826766,45","13,42646","52,5081"
11000,200303,11,5,5020626,Adamstraße,2019,10,13,6,3,5,2,0,0,1,0,0,0,0,0,"784146,5098","5827321,068","13,18886","52,52175"
11001,200304,11,8,8010214,Glasower Straße,2019,10,13,6,3,2,6,0,0,1,0,0,0,0,0,"801810,3461","5821959,1","13,44357","52,4642"
11002,200305,11,11,11030618,Fennpfuhl West,2019,10,19,6,2,5,3,2,0,1,0,0,0,1,1,"803258,7649","5829611,208","13,4718","52,53199"
11003,200306,11,1,1022201,Stephankiez,2019,10,10,6,3,0,6,0,1,1,0,0,0,0,0,"795434,827","5829536,095","13,35673","52,53561"
11004,200307,11,6,6020301,Alt-Lankwitz,2019,10,19,6,3,5,3,2,0,1,0,0,0,0,1,"796556,9487","5818899,652","13,36376","52,43966"
11005,200308,11,3,3071537,Kollwitzplatz,2019,10,19,6,3,1,5,2,1,1,0,0,0,0,1,"799316,1322","5830073,473","13,41426","52,53831"
11006,200309,11,2,2030302,Lausitzer Platz,2019,10,17,6,3,5,2,1,1,1,0,0,0,0,1,"801453,5564","5826033,276","13,44202","52,50092"
11007,200310,11,4,4020310,Park Ruhwald,2019,10,19,6,3,5,2,2,1,1,0,0,0,0,1,"790330,8425","5827537,8","13,27994","52,52044"
11008,200311,11,12,12224230,Heiligensee,2019,10,6,6,3,2,6,1,0,1,0,0,0,0,0,"786047,1777","5839154,672","13,227","52,62686"
11009,200312,11,2,2050802,Boxhagener Platz,2019,10,12,4,3,0,3,0,1,1,0,0,0,0,1,"802065,394","5827160,95","13,45203","52,51069"
11010,200313,11,6,6040809,Thielallee,2019,10,18,6,3,5,3,2,0,1,0,0,0,0,1,"791203,7668","5819702,399","13,28593","52,44973"
11011,200314,11,5,5030833,Motardstraße,2019,10,5,6,3,6,4,2,0,0,1,1,0,0,0,"790045,767","5829151,173","13,27716","52,53506"
11012,200315,11,2,2010104,Wassertorplatz,2019,10,17,6,3,5,3,1,1,1,0,0,0,0,1,"799442,5149","5825663,703","13,41215","52,49871"
11013,200316,11,1,1033102,Gesundbrunnen,2019,10,17,6,3,5,7,1,0,1,0,1,0,0,0,"797141,6088","5831391,189","13,38347","52,55131"
11014,200317,11,7,7060601,Marienfelder Allee Nordwest,2019,10,16,6,3,2,6,0,0,1,0,0,0,0,1,"796603,3296","5816059,796","13,36192","52,41417"
11015,200318,11,6,6030504,Teltower Damm,2019,10,16,6,2,5,5,0,0,1,0,0,0,0,1,"790080,0272","5815803,585","13,26605","52,41537"
11016,200319,11,7,7070703,John-Locke-Straße,2019,10,15,6,3,5,2,0,0,1,0,1,0,0,0,"799535,7778","5813171,155","13,40232","52,38668"
11017,200320,11,11,11020514,Große-Leege-Straße,2019,10,14,6,3,2,6,0,0,1,0,0,0,0,0,"804293,9031","5830770,807","13,48807","52,5418"
11018,200321,11,1,1022102,Beusselkiez,2019,10,14,6,3,0,5,0,0,0,1,0,0,1,0,"793572,2454","5828715,819","13,32862","52,52926"
11019,200322,11,4,4030726,Droysenstraße,2019,10,20,6,3,5,7,2,0,1,0,0,0,0,1,"791654,3203","5825546,924","13,29765","52,50189"
11020,200323,11,8,8020620,Tempelhofer Weg,2019,10,14,4,3,3,6,0,0,1,0,0,0,1,1,"800910,4181","5820896,2","13,42941","52,45517"
11021,200324,11,4,4010101,Jungfernheide,2019,10,15,6,3,2,6,0,0,1,0,0,0,1,0,"790432,583","5829041,632","13,28275","52,53387"
11022,200325,11,2,2010102,Mehringplatz,2019,10,16,5,3,6,6,0,0,0,1,0,0,1,1,"798688,3871","5826444,053","13,40178","52,50612"
11023,200326,11,1,1011204,Leipziger Straße,2019,10,19,5,3,5,3,2,1,0,0,0,0,0,0,"798154,6201","5826611,238","13,39408","52,50791"
11024,200327,11,8,8010117,Schillerpromenade,2019,10,23,5,3,2,6,2,0,1,0,0,0,0,1,"800558,6087","5823304,929","13,42642","52,47696"
11025,200328,11,1,1044102,Schillerpark,2019,10,22,5,3,2,6,2,0,1,0,0,0,0,1,"794997,0931","5832147,306","13,35261","52,55926"
11026,200329,11,3,3010102,Buch,2019,10,20,5,3,6,4,2,1,0,1,0,0,0,1,"804207,86","5841108,333","13,4963","52,6345"
11027,200330,11,7,7030301,Friedenau,2019,10,20,5,3,6,4,2,0,1,1,0,0,0,1,"794000,2934","5821595,306","13,32863","52,4652"
11028,200331,11,10,10020415,Hellersdorfer Promenade,2019,10,19,5,2,3,6,2,1,1,0,0,0,0,1,"812123,3615","5831381,379","13,60372","52,54285"
11029,200332,11,5,5010314,Carl-Schurz-Straße,2019,10,19,5,2,6,4,2,0,1,1,0,0,0,0,"784745,7169","5828819,495","13,19895","52,53488"
11030,200333,11,1,1011204,Leipziger Straße,2019,10,17,5,3,5,2,0,0,1,0,0,0,0,1,"798698,7888","5827084,172","13,4025","52,51185"
11031,200334,11,7,7040403,Manteuffelstraße,2019,10,13,4,3,6,7,0,0,0,1,0,1,0,1,"797024,7131","5820931,394","13,37242","52,45761"
11032,200335,11,8,8010117,Schillerpromenade,2019,10,17,5,3,0,3,0,0,1,0,1,0,0,1,"800379,6815","5823330,192","13,42381","52,47728"
11033,200336,11,11,11051330,Karlshorst West,2019,10,14,4,3,3,6,0,1,1,0,0,0,0,1,"806471,0537","5824864,903","13,51463","52,48765"
11034,200337,11,1,1011402,Arkonaplatz,2019,10,9,5,3,0,1,0,1,0,0,0,0,0,1,"798639,8797","5829385,556","13,4037","52,53252"
11035,200338,11,6,6030503,Zehlendorf Mitte,2019,10,9,5,3,3,6,0,1,1,0,0,0,0,0,"789508,1295","5817489,554","13,25913","52,43079"
11036,200339,11,7,7040404,Marienhöhe,2019,10,8,5,3,2,6,0,0,1,0,0,0,0,1,"796682,0862","5820010,687","13,36658","52,44955"
11037,200340,11,2,2040701,Andreasviertel,2019,10,6,5,2,5,3,1,0,1,0,0,0,0,1,"800274,3438","5827632,348","13,42614","52,5159"
11038,200341,11,3,3040512,Wilhelmsruh,2019,10,6,5,3,6,2,2,0,1,1,0,0,0,1,"794929,8112","5835422,445","13,35453","52,58865"
11039,200342,11,3,3051022,Hansastraße,2019,10,13,4,3,5,2,0,1,1,0,0,0,0,1,"803664,2351","5832011,892","13,47995","52,55328"
11040,200343,11,1,1011305,Heine-Viertel West,2019,10,4,5,3,0,1,2,0,0,0,0,0,1,1,"799270,0162","5826523,627","13,41039","52,50652"
11041,200344,11,7,7060603,Marienfelde Nordost,2019,10,16,5,3,5,2,0,1,1,0,0,0,0,0,"798669,6373","5816135,923","13,39228","52,41373"
11042,200345,11,2,2040502,Friedenstraße,2019,10,15,5,3,5,2,0,0,0,0,0,0,1,0,"800473,1867","5828448,628","13,4298","52,52311"
11043,200346,11,2,2050602,Samariterviertel,2019,10,15,5,3,1,5,0,1,0,0,0,0,1,0,"803109,7577","5828297,384","13,46841","52,52029"
11044,200347,11,1,1033101,Soldiner Straße,2019,10,14,5,3,5,2,0,0,1,0,0,0,0,1,"796158,338","5832268,331","13,3698","52,55971"
11045,200348,11,1,1011202,Unter den Linden Nord,2019,10,12,5,3,5,3,0,0,1,0,1,0,0,0,"798555,4334","5827795,676","13,40103","52,51831"
11046,200349,11,2,2020203,Viktoriapark,2019,10,10,5,3,5,7,0,0,1,0,1,0,0,1,"797637,5755","5824022,329","13,38418","52,48499"
11047,200350,11,5,5010314,Carl-Schurz-Straße,2019,10,21,4,2,9,1,2,0,1,0,0,0,0,0,"784831,2864","5829234,485","13,20056","52,53855"
11048,200351,11,11,11010310,Mühlengrund,2019,10,10,5,3,6,6,0,1,0,1,0,0,0,0,"805280,6314","5833242,424","13,50485","52,5634"
11049,200352,11,5,5010339,Freiheit,2019,10,6,5,3,2,6,1,0,0,0,1,0,1,1,"787969,6426","5827900,288","13,24555","52,52494"
11050,200353,11,1,1011201,Wilhelmstraße,2019,10,23,4,3,5,2,2,0,1,0,0,0,0,1,"796960,1811","5826708,465","13,37662","52,50944"
11051,200354,11,1,1011304,Karl-Marx-Allee,2019,10,23,4,3,0,1,2,1,0,0,0,0,0,1,"799868,5754","5827486,026","13,42005","52,51481"
11052,200355,11,3,3040614,Pankow Zentrum,2019,10,18,4,2,5,2,0,0,1,0,0,0,1,0,"800018,7303","5835492,56","13,42949","52,5865"
11053,200356,11,10,10010205,Marzahn Ost,2019,10,18,4,2,6,4,2,0,1,1,0,0,0,1,"810352,6413","5832178,925","13,57844","52,55101"
11054,200357,11,9,9041401,Allende I,2019,10,17,4,3,5,2,0,0,1,0,0,0,0,0,"811860,0133","5820572,884","13,58973","52,44614"
11055,200358,11,1,1044103,Westliche Müllerstraße,2019,10,16,4,3,1,5,0,1,1,0,0,0,0,0,"795002,4866","5830872,717","13,35156","52,54783"
11056,200359,11,7,7010102,Nollendorfplatz,2019,10,16,4,2,6,4,0,0,1,1,0,0,0,0,"795040,4296","5825627,048","13,34746","52,50078"
11057,200360,11,1,1011302,Oranienburger Straße,2019,10,21,4,3,0,3,2,0,1,0,0,0,1,1,"798530,4876","5828982,306","13,40173","52,52896"
11058,200361,11,4,4030929,Hindemithplatz,2019,10,17,4,3,2,6,0,0,1,0,1,0,0,0,"792683,5326","5825410,219","13,31265","52,50011"
11059,200362,11,11,11010102,Dorf Wartenberg,2019,10,15,4,3,0,6,0,0,1,0,0,0,1,0,"806162,3505","5834548,528","13,51902","52,57461"
11060,200363,11,11,11040926,Weitlingstraße,2019,10,15,4,3,6,4,0,0,0,1,0,0,1,0,"805237,1286","5827312,232","13,49876","52,51028"
11061,200364,11,4,4010102,Plötzensee,2019,10,12,4,3,2,6,0,0,1,0,0,0,0,1,"793258,9701","5830063,567","13,3252","52,54151"
11062,200365,11,2,2030301,Oranienplatz,2019,10,21,4,3,0,4,2,1,0,1,0,0,0,1,"800010,1585","5825476,881","13,42032","52,49673"
11063,200366,11,4,4030931,Breitscheidplatz,2019,10,15,4,3,0,3,0,1,0,0,1,0,0,0,"793936,0516","5825810,985","13,3314","52,50303"
11064,200367,11,11,11030617,Hohenschönhausener Straße,2019,10,12,4,3,6,4,0,1,0,1,0,0,0,1,"802954,6319","5829811,631","13,46751","52,53395"
11065,200368,11,1,1011302,Oranienburger Straße,2019,10,9,4,3,1,1,0,1,1,0,0,0,0,0,"798292,4346","5828387,174","13,3977","52,52376"
11066,200369,11,3,3040614,Pankow Zentrum,2019,10,21,4,3,5,3,2,1,0,0,1,0,0,1,"798646,044","5833926,375","13,40788","52,57321"
11067,200370,11,6,6030502,Zehlendorf Süd,2019,10,20,4,3,0,2,2,0,1,0,1,0,0,1,"789934,616","5815344,595","13,26353","52,41133"
11068,200371,11,12,12214527,Alt-Tegel,2019,10,8,4,3,1,5,0,1,1,0,0,0,0,1,"790160,8782","5835199,566","13,28414","52,58922"
11069,200372,11,11,11020412,Hauptstraße,2019,10,7,4,3,1,7,0,0,1,0,0,0,0,1,"805319,5502","5831625,059","13,50393","52,54889"
11070,200373,11,12,12214424,Scharnweberstraße,2019,10,14,4,3,2,6,0,0,1,0,0,0,0,1,"792872,0647","5832144,876","13,32135","52,56038"
11071,200374,11,11,11040925,Victoriastadt,2019,10,12,4,3,2,6,0,0,1,0,0,0,0,1,"803435,705","5826639,058","13,47168","52,50525"
11072,200375,11,3,3061227,Humannplatz,2019,10,7,4,2,5,2,0,0,1,0,0,0,1,0,"799492,9757","5831755,59","13,41838","52,55329"
11073,200376,11,10,10010102,Havemannstraße,2019,10,20,4,3,0,7,2,0,1,0,1,0,0,1,"809484,8353","5834644,1","13,56798","52,57359"
11074,200377,11,8,8020620,Tempelhofer Weg,2019,10,14,4,3,2,6,0,0,1,0,0,0,0,1,"801044,5271","5820603,122","13,43111","52,45247"
11075,200378,11,3,3061126,Arnimplatz,2019,10,14,4,3,5,2,0,0,1,0,0,0,0,0,"798412,419","5831802,063","13,40253","52,5543"
11076,200379,11,9,9041601,Müggelheim,2019,10,13,4,3,0,6,0,0,1,0,0,0,1,0,"817504,649","5816679,308","13,66881","52,408"
11077,200380,11,7,7030301,Friedenau,2019,10,12,4,3,1,5,0,1,1,0,0,0,0,1,"794762,7418","5822889,721","13,34096","52,47639"
11078,200381,11,1,4030931,Breitscheidplatz,2019,10,19,4,3,0,7,2,0,0,0,0,0,1,1,"794424,4449","5826092,597","13,33882","52,50529"
11079,200382,11,7,7010102,Nollendorfplatz,2019,10,19,4,3,5,2,2,1,1,0,0,0,0,0,"795544,5928","5825255,692","13,35454","52,49718"
11080,200383,11,8,8010301,Reuterkiez,2019,10,5,4,3,0,3,2,1,1,0,0,0,0,1,"800573,4921","5824574,974","13,42778","52,48833"
11081,200384,11,2,2030301,Oranienplatz,2019,10,19,4,3,3,6,2,0,1,0,0,1,0,1,"800113,389","5825902,74","13,42222","52,50049"
11082,200385,11,6,6040810,Dahlem,2019,10,11,4,2,5,2,0,1,1,0,0,0,0,0,"791848,1002","5821374,381","13,29684","52,46438"
11083,200386,11,3,3040818,Pankow Süd,2019,10,10,4,3,2,6,0,1,1,0,0,0,0,0,"799082,5543","5833200,495","13,41365","52,56647"
11084,200387,11,2,2020204,Urbanstraße,2019,10,22,4,3,5,3,2,0,1,0,0,0,1,1,"798852,1896","5825103,702","13,40298","52,49402"
11085,200388,11,12,12214424,Scharnweberstraße,2019,10,7,4,3,2,6,0,0,1,0,0,0,0,0,"793177,4684","5832618,173","13,32626","52,56446"
11086,200389,11,5,5010312,Kurstraße,2019,10,10,4,3,6,7,0,0,1,1,0,0,0,0,"785278,7242","5830283,814","13,20804","52,54773"
11087,200390,11,1,1011401,Invalidenstraße,2019,10,14,4,3,0,1,0,0,0,0,1,0,0,1,"797365,1073","5829142,319","13,38475","52,53103"
11088,200391,11,3,3020210,Herthaplatz,2019,10,6,4,3,5,3,0,1,0,0,0,0,1,1,"798374,0568","5835330,255","13,40514","52,58595"
11089,200392,11,1,1011306,Heine-Viertel Ost,2019,10,18,4,3,2,6,2,0,1,0,0,0,0,0,"800460,4859","5826698,016","13,42804","52,50743"
11090,200393,11,9,9051702,Bölschestraße,2019,10,6,4,2,5,3,2,1,1,0,0,0,0,1,"813663,5187","5821700,741","13,61724","52,45522"
11091,200394,11,4,4020310,Park Ruhwald,2019,10,18,4,3,2,6,2,0,1,0,0,0,0,0,"789346,0959","5827519,142","13,26545","52,5208"
11092,200395,11,1,1033101,Soldiner Straße,2019,10,6,4,3,6,4,2,1,0,1,0,0,0,1,"797517,1016","5832691,415","13,39016","52,56276"
11093,200396,11,12,12301203,Wittenau Süd,2019,10,6,4,3,5,2,1,0,1,0,0,0,0,1,"792889,9567","5835223,939","13,32433","52,58797"
11094,200397,11,1,1022106,Elberfelder Straße,2019,10,10,3,3,5,2,0,1,1,0,0,0,0,1,"794042,045","5828244,089","13,33511","52,52478"
11095,200398,11,9,9010301,Baumschulenstraße,2019,10,21,3,3,5,2,2,0,1,0,0,0,0,1,"805016,2416","5822702,897","13,4913","52,46909"
11096,200399,11,2,2020203,Viktoriapark,2019,10,19,4,3,2,6,2,0,1,0,1,0,0,1,"797452,9376","5824549,6","13,38193","52,48982"
11097,200400,11,1,1011302,Oranienburger Straße,2019,10,20,3,3,1,5,2,1,0,0,0,0,1,1,"798576,8684","5828987,425","13,40242","52,52898"
11098,200401,11,3,3071536,Teutoburger Platz,2019,10,18,3,3,2,6,0,0,1,0,1,0,0,1,"799248,495","5829411,039","13,41267","52,53241"
11099,200402,11,2,2040503,Richard-Sorge-Viertel,2019,10,17,3,3,6,7,0,0,1,1,0,0,0,1,"801667,7068","5828000,622","13,44695","52,51843"
11100,200403,11,4,4041344,Rüdesheimer Platz,2019,10,18,3,2,0,1,2,1,0,0,0,0,0,1,"793050,3485","5822018,814","13,31505","52,46951"
11101,200404,11,12,12103117,Letteplatz,2019,10,19,4,2,6,4,2,0,0,1,1,0,0,1,"796351,3921","5832526,088","13,37287","52,56192"
11102,200405,11,1,1033101,Soldiner Straße,2019,10,20,3,3,6,4,2,0,1,1,0,0,0,1,"797694,3263","5832872,96","13,39293","52,56429"
11103,200406,11,10,10030724,Oberfeldstraße,2019,10,7,5,3,0,3,0,0,0,0,1,0,1,1,"809092,1386","5829467,773","13,55739","52,52743"
11104,200407,11,1,1011303,Alexanderplatzviertel,2019,10,13,5,3,2,2,0,1,1,0,0,0,0,0,"799112,1114","5828970,207","13,41027","52,52853"
11105,200408,11,12,12103218,Teichstraße,2019,10,5,5,3,5,7,2,0,1,0,0,0,1,1,"794544,4686","5832971,912","13,34668","52,56689"
11106,200409,11,5,5030731,Gartenfelder Straße,2019,10,6,5,3,2,2,1,0,1,0,0,0,0,1,"786951,6118","5829438,433","13,23192","52,53927"
11107,200410,11,7,7040406,Germaniagarten,2019,10,13,5,3,1,5,0,0,0,0,0,1,1,0,"800049,4022","5821401,548","13,41723","52,46018"
11108,200411,11,8,8010118,Silbersteinstraße,2019,10,6,5,3,2,2,2,0,1,0,1,0,0,1,"800823,0816","5822597,453","13,42966","52,47047"
11109,200412,11,5,5030833,Motardstraße,2019,10,12,5,3,2,7,0,0,1,0,0,0,0,1,"788922,8469","5829321,099","13,2608","52,53718"
11110,200413,11,7,7060603,Marienfelde Nordost,2019,10,12,5,3,0,1,0,1,0,0,0,0,0,1,"798076,2146","5815816,234","13,38329","52,41119"
11111,200414,11,1,1033101,Soldiner Straße,2019,10,6,5,3,0,1,2,0,0,0,1,0,0,1,"797318,9129","5832315,815","13,38691","52,5595"
11112,200415,11,1,1033102,Gesundbrunnen,2019,10,9,5,3,2,2,0,0,1,0,0,0,0,1,"797151,59","5831402,986","13,38363","52,55141"
11113,200416,11,1,1033202,Humboldthain Süd,2019,10,6,5,3,2,6,2,0,1,0,0,1,0,1,"797776,586","5829748,833","13,39134","52,53624"
11114,200417,11,1,1011102,Großer Tiergarten,2019,10,8,5,2,1,5,0,1,0,0,0,0,1,1,"796675,5996","5827888,541","13,37349","52,52017"
11115,200418,11,7,7060603,Marienfelde Nordost,2019,10,10,5,3,2,6,0,0,1,0,0,0,0,1,"798663,8953","5816235,109","13,39228","52,41462"
11116,200419,11,7,7040404,Marienhöhe,2019,10,8,5,3,5,2,0,1,1,0,0,0,0,1,"796636,3451","5819967,861","13,36587","52,44919"
11117,200420,11,1,1033101,Soldiner Straße,2019,10,9,5,3,1,5,0,1,1,0,0,0,0,0,"796658,047","5832068,865","13,37697","52,55765"
11118,200421,11,3,3030716,Märchenland,2019,10,8,5,3,2,6,0,0,1,0,0,0,0,1,"803404,8593","5833517,819","13,47751","52,56692"
11119,200422,11,12,12103219,Schäfersee,2019,10,8,5,3,2,6,0,0,1,0,0,0,0,1,"793811,7502","5832725,583","13,33569","52,56508"
11120,200423,11,1,1011301,Charitéviertel,2019,10,8,5,3,5,2,0,1,1,0,0,0,0,1,"797069,7332","5829297,978","13,38055","52,53259"
11121,200424,11,4,4020310,Park Ruhwald,2019,10,8,5,2,0,7,0,1,0,0,0,0,0,1,"790452,154","5827317,797","13,28153","52,5184"
11122,200425,11,6,6030609,Augustaplatz,2019,10,12,4,3,5,3,0,1,1,0,0,0,0,0,"792584,6327","5818923,088","13,30551","52,44201"
11123,200426,11,5,5020626,Adamstraße,2019,10,18,4,3,5,3,2,0,1,0,1,0,0,0,"784593,0631","5827958,062","13,19597","52,52723"
11124,200427,11,3,3071536,Teutoburger Platz,2019,10,9,4,3,5,2,0,1,0,0,0,0,1,0,"799153,4738","5829211,586","13,4111","52,53067"
11125,200428,11,4,4030931,Breitscheidplatz,2019,10,18,4,3,5,3,2,1,1,0,0,0,0,0,"793522,3399","5825730,336","13,32525","52,50253"
11126,200429,11,7,7070703,John-Locke-Straße,2019,10,20,4,3,5,2,2,0,1,0,0,0,0,0,"799789,777","5813976,96","13,40676","52,39377"
11127,200430,11,4,4030620,Alt-Lietzow,2019,10,10,5,3,5,3,0,1,1,0,0,0,0,0,"792650,4718","5827115,402","13,31366","52,51541"