,id,city,district,lor,street,year,month,hour,weekday,category,collision,movement,light_conditions,bicycle,car,pedestrian,motorbike,truck,other_vehicle,road_conditions,LINREFX,LINREFY,XGCSWGS84,YGCSWGS84
11128,200431,11,3,3051021,Buschallee,2019,10,20,4,3,5,3,2,1,1,0,0,0,0,0,"802858,7853","5832380,872","13,46844","52,55703"
11129,200432,11,3,3071537,Kollwitzplatz,2019,10,19,4,3,5,3,2,1,1,0,0,0,0,0,"799600,6658","5829902,821","13,41829","52,53662"
11130,200433,11,4,4010103,Paul-Hertz-Siedlung,2019,10,6,5,3,0,6,1,0,1,0,1,0,0,0,"791187,5649","5829062,964","13,29387","52,53366"
11131,200434,11,8,8030830,Gropiusstadt Süd,2019,10,14,5,3,5,7,0,0,1,0,0,0,0,0,"802498,4342","5817982,276","13,45007","52,42818"
11132,200435,11,6,6020411,Schütte-Lanz-Straße,2019,10,16,4,3,5,3,0,0,1,0,0,0,0,0,"794444,2774","5815557,707","13,32982","52,41084"
11133,200436,11,4,4020209,Eichkamp,2019,10,14,4,2,5,3,0,1,0,0,0,0,0,0,"789345,0694","5825247,166","13,26346","52,50043"
11134,200437,11,8,8041035,Blumenviertel,2019,10,14,4,3,5,3,0,1,1,0,0,0,0,0,"804241,6529","5818820,214","13,47639","52,43472"
11135,200438,11,1,1033102,Gesundbrunnen,2019,10,17,4,3,6,4,2,1,0,1,0,0,0,0,"797711,0604","5831788,025","13,3922","52,55456"
11136,200439,11,12,12301204,Wittenau Nord,2019,10,13,4,3,1,5,0,0,1,0,0,0,0,0,"792691,6059","5836009,289","13,32211","52,59512"
11137,200440,11,5,5030730,Zitadellenweg,2019,10,17,4,2,0,1,0,0,0,0,1,0,0,0,"785683,1713","5829288,713","13,21314","52,53859"
11138,200441,11,4,4020311,Reichsstraße,2019,10,13,4,3,6,4,0,0,1,1,0,0,0,0,"788786,072","5826984,37","13,25676","52,5163"
11139,200442,11,4,4020209,Eichkamp,2019,10,17,4,3,5,2,0,1,1,0,0,0,0,0,"789463,3794","5824385,387","13,26445","52,49264"
11140,200443,11,2,2050601,Hausburgviertel,2019,10,9,5,2,6,4,0,1,0,1,0,0,0,0,"801634,4609","5828883,747","13,44726","52,52637"
11141,200444,11,3,3040818,Pankow Süd,2019,10,17,4,3,1,5,1,1,1,0,0,0,1,1,"799132,9869","5832828,225","13,41405","52,5631"
11142,200445,11,6,6010206,Stadtpark,2019,10,7,5,2,0,4,0,1,0,1,0,0,0,0,"794523,1186","5820034,946","13,33492","52,45093"
11143,200446,11,2,2010102,Mehringplatz,2019,10,14,4,3,6,7,0,0,1,1,0,0,0,0,"798102,137","5825973,659","13,39274","52,50223"
11144,200447,11,2,2020203,Viktoriapark,2019,10,16,4,3,5,2,0,1,1,0,0,0,0,0,"797110,0616","5824260,426","13,37664","52,48741"
11145,200448,11,9,9010101,Elsenstraße,2019,10,7,4,3,5,2,0,1,0,0,0,0,1,0,"802352,5717","5824748,049","13,45406","52,4889"
11146,200449,11,1,1044101,Rehberge,2019,10,16,4,2,1,5,0,0,1,0,0,0,0,0,"794101,3824","5830105,792","13,33763","52,54144"
11147,200450,11,8,8041037,Alt-Rudow,2019,10,16,4,3,5,7,0,0,1,0,1,0,0,0,"805409,6822","5818354,482","13,4931","52,4299"
11148,200451,11,1,1022207,Hansaviertel,2019,10,16,4,3,3,6,0,1,0,0,0,1,0,0,"794253,3112","5827263,074","13,33734","52,51587"
11149,200452,11,8,8030829,Gropiusstadt Nord,2019,10,15,4,3,2,6,0,0,1,0,0,0,0,0,"803104,6648","5818515,151","13,45944","52,43262"
11150,200453,11,12,12231101,Hermsdorf,2019,10,15,4,3,3,6,0,0,1,0,1,0,0,0,"792742,3008","5839395,499","13,32585","52,62545"
11151,200454,11,6,6020409,Königsberger Straße,2019,10,15,4,3,5,2,0,1,1,0,0,0,0,0,"793122,8759","5817654,469","13,31229","52,43034"
11152,200455,11,11,11040926,Weitlingstraße,2019,10,15,4,3,5,3,0,1,1,0,0,0,0,0,"805123,427","5826543,654","13,49639","52,50345"
11153,200456,11,2,2020202,Rathaus Yorckstraße,2019,10,8,5,3,0,6,0,0,0,0,1,0,1,0,"797569,1047","5825209,037","13,38423","52,49566"
11154,200457,11,5,5020625,Borkumer Straße,2019,10,12,4,3,6,7,0,0,1,1,0,0,0,0,"784525,1555","5828659,99","13,19557","52,53356"
11155,200458,11,3,3020209,Niederschönhausen,2019,10,10,4,3,5,2,0,1,0,0,0,0,1,0,"798472,0474","5834861,24","13,40616","52,58169"
11156,200459,11,7,7040405,Rathaus Tempelhof,2019,10,7,5,3,2,6,0,0,1,0,0,0,1,1,"798191,5665","5820938,462","13,38955","52,45704"
11157,200460,11,1,1044103,Westliche Müllerstraße,2019,10,10,4,3,5,2,0,1,1,0,0,0,0,0,"795020,2991","5831150,044","13,35206","52,5503"
11158,200461,11,10,10030726,Alt-Biesdorf,2019,10,10,4,3,5,3,0,1,0,0,0,0,0,0,"808918,0234","5827024,4","13,55256","52,50563"
11159,200462,11,1,1011105,Nördlicher Landwehrkanal,2019,10,9,4,3,6,4,0,0,1,1,0,0,0,0,"796958,6342","5826531,491","13,37644","52,50785"
11160,200463,11,3,3040614,Pankow Zentrum,2019,10,8,4,3,5,3,0,1,0,0,0,0,1,0,"798213,8952","5833046,098","13,40073","52,56556"
11161,200464,11,7,7020204,Schöneberger Insel,2019,10,8,4,3,5,2,0,1,0,0,0,0,0,0,"796542,9105","5823745,717","13,36786","52,4831"
11162,200465,11,7,7010101,Wittenbergplatz/Viktoria-Luise-Platz,2019,10,8,4,3,2,6,0,0,1,0,0,0,0,0,"794501,98","5825462,438","13,33941","52,4996"
11163,200466,11,2,2030401,Reichenberger Straße,2019,10,13,4,3,1,7,0,1,1,0,0,0,0,0,"800930,6581","5825418,054","13,43379","52,49569"
11164,200467,11,10,10010310,Alt-Marzahn,2019,10,7,4,3,0,7,0,0,1,0,0,0,0,0,"809785,3275","5831545,28","13,56951","52,54565"
11165,200468,11,2,2010104,Wassertorplatz,2019,10,7,4,3,0,6,0,0,1,0,1,0,0,0,"798806,0785","5825578,863","13,40273","52,4983"
11166,200469,11,1,1033202,Humboldthain Süd,2019,10,7,4,3,5,7,0,1,1,0,0,0,0,0,"797408,0283","5830030,76","13,38617","52,53897"
11167,200470,11,7,7020202,Volkspark (Rudolf-Wilde-Park),2019,10,7,4,3,2,7,0,0,1,0,0,0,0,0,"794950,3886","5823925,5","13,34463","52,48558"
11168,200471,11,9,9052001,Köpenick Nord,2019,10,7,4,3,2,6,0,0,1,0,0,0,0,0,"809219,005","5823013,52","13,55326","52,46951"
11169,200472,11,5,5010206,Gütersloher Weg,2019,10,6,5,3,0,1,2,0,0,0,1,0,0,1,"782294,944","5830523,846","13,16436","52,55143"
11170,200473,11,8,8010508,Weiße Siedlung,2019,10,13,4,3,0,2,0,0,1,1,0,0,0,0,"802752,9315","5822954,654","13,45831","52,47261"
11171,200474,11,5,5040934,Alt-Gatow,2019,10,7,4,2,6,4,2,0,1,1,0,0,0,0,"783955,418","5823333,468","13,18265","52,4861"
11172,200475,11,12,12214527,Alt-Tegel,2019,10,13,4,3,5,2,0,1,1,0,0,0,0,0,"789955,265","5835567,446","13,28144","52,59263"
11173,200476,11,8,8010214,Glasower Straße,2019,10,12,4,3,5,7,0,1,1,0,0,0,0,0,"801643,7124","5821918,913","13,44109","52,46394"
11174,200477,11,9,9030901,Dorf Altglienicke,2019,10,6,4,3,1,5,2,1,1,0,0,0,0,0,"808367,9671","5817693,736","13,53586","52,42232"
11175,200478,11,12,12214423,Mellerbogen,2019,10,5,4,3,1,5,2,0,1,0,0,0,1,1,"792710,9143","5833872,378","13,3205","52,57595"
11176,200479,11,9,9020701,Adlershof West,2019,10,12,4,3,0,7,0,0,1,0,1,0,0,0,"807817,6294","5818415,802","13,52846","52,4291"
11177,200480,11,11,11030619,Fennpfuhl Ost,2019,10,12,4,3,5,2,0,0,1,0,0,0,1,0,"803536,1597","5829730,398","13,47598","52,5329"
11178,200481,11,5,5020626,Adamstraße,2019,10,11,4,3,1,5,0,1,0,0,0,0,1,0,"784745,877","5827428,849","13,19776","52,52241"
11179,200482,11,1,1044203,Leopoldplatz,2019,10,11,4,3,2,6,0,0,1,0,0,0,0,0,"795281,1495","5831447,563","13,35617","52,55283"
11180,200483,11,6,6040703,Nikolassee,2019,10,1,4,2,9,1,2,0,1,0,0,0,0,0,"785437,637","5818403,184","13,2002","52,44112"
11181,200484,11,4,4030623,Ernst-Reuter-Platz,2019,10,16,3,3,2,6,0,1,1,0,0,0,0,0,"793337,5981","5826652,048","13,32335","52,51089"
11182,200485,11,1,1011301,Charitéviertel,2019,10,8,5,3,5,2,0,1,1,0,0,0,0,0,"797130,7653","5828201,595","13,38046","52,52273"
11183,200486,11,3,3061429,Greifswalder Straße,2019,10,18,3,3,6,7,1,0,1,1,0,0,0,0,"801071,7651","5830454,087","13,44042","52,54075"
11184,200487,11,4,4051446,Preußenpark,2019,10,19,3,3,2,6,2,0,1,0,1,0,0,0,"792433,8997","5824907,049","13,30854","52,49573"
11185,200488,11,10,10010309,Springpfuhl,2019,10,19,3,3,5,3,2,0,1,0,0,0,0,0,"807836,996","5829075,917","13,53858","52,52462"
11186,200489,11,8,8020619,Buschkrugallee Nord,2019,10,19,3,3,5,7,2,0,1,0,1,0,0,0,"802269,9711","5820682,625","13,44916","52,45251"
11187,200490,11,2,2030402,Wrangelkiez,2019,10,19,3,3,1,5,2,1,0,0,0,0,1,0,"801808,5699","5825769,53","13,447","52,49836"
11188,200491,11,11,2050602,Samariterviertel,2019,10,19,3,3,2,6,2,0,1,0,0,0,0,0,"803766,7688","5827710,34","13,47753","52,51467"
11189,200492,11,5,5010209,An der Kappe,2019,10,19,3,2,6,4,2,0,1,1,0,0,0,0,"782473,4873","5829470,275","13,16609","52,54189"
11190,200493,11,11,11020412,Hauptstraße,2019,10,22,3,3,5,2,2,0,1,0,0,0,0,0,"805720,6448","5831369,468","13,50959","52,54637"
11191,200494,11,3,3020209,Niederschönhausen,2019,10,22,3,3,5,2,2,0,1,0,1,0,0,0,"798100,879","5834696,274","13,40055","52,58041"
11192,200495,11,4,4030623,Ernst-Reuter-Platz,2019,10,15,3,3,0,6,0,1,0,0,0,0,1,0,"793431,7299","5826578,303","13,32467","52,51018"
11193,200496,11,1,1033203,Humboldthain Nordwest,2019,10,13,3,3,2,2,0,1,1,0,0,0,0,0,"796301,7352","5830675,722","13,37049","52,54536"
11194,200497,11,9,9010202,Köpenicker Landstraße,2019,10,12,3,3,5,3,0,0,1,0,0,0,0,0,"804111,2517","5824359,419","13,47953","52,48444"
11195,200498,11,3,3061227,Humannplatz,2019,10,19,5,3,3,6,2,0,1,0,1,0,0,0,"799922,9171","5831120,586","13,42413","52,54736"
11196,200499,11,12,12214424,Scharnweberstraße,2019,10,12,3,3,6,4,0,0,0,1,0,0,1,0,"793306,8169","5832644,209","13,32819","52,56462"
11197,200500,11,5,5010314,Carl-Schurz-Straße,2019,10,10,3,3,0,2,0,0,1,0,0,0,1,0,"784832,8559","5829010,142","13,20039","52,53654"
11198,200501,11,9,9010301,Baumschulenstraße,2019,10,10,3,3,5,2,0,1,1,0,0,0,0,0,"804922,0362","5822558,474","13,48978","52,46785"
11199,200502,11,3,3040818,Pankow Süd,2019,10,22,5,3,1,5,2,0,1,0,0,0,0,0,"800066,1383","5832052,271","13,42708","52,55563"
11200,200503,11,6,6030609,Augustaplatz,2019,10,9,3,3,2,6,0,1,1,0,0,0,0,0,"793237,4258","5819389,367","13,31549","52,44584"
11201,200504,11,7,7060603,Marienfelde Nordost,2019,10,17,3,3,2,2,0,0,1,0,1,0,0,0,"798022,9492","5815799,186","13,3825","52,41107"
11202,200505,11,3,3040818,Pankow Süd,2019,10,17,3,3,6,4,0,0,1,1,0,0,0,0,"799007,4664","5832777,151","13,41216","52,56271"
11203,200506,11,8,8010404,Rixdorf,2019,10,17,3,3,0,7,0,1,0,0,0,0,0,0,"801429,7309","5823695,878","13,43956","52,47998"
11204,200507,11,9,9010202,Köpenicker Landstraße,2019,10,16,3,3,2,6,0,0,1,0,0,0,0,0,"804145,0496","5822930,821","13,47872","52,47162"
11205,200508,11,7,7060603,Marienfelde Nordost,2019,10,8,3,3,2,6,0,0,1,0,0,0,1,0,"797799,3162","5817210,65","13,38048","52,42384"
11206,200509,11,9,9020701,Adlershof West,2019,10,6,3,3,5,3,0,1,1,0,0,0,0,0,"808194,618","5819624,748","13,5351","52,43972"
11207,200510,11,12,12301203,Wittenau Süd,2019,10,1,3,2,9,1,2,0,1,0,0,0,0,0,"793956,8122","5835301,075","13,3401","52,58809"
11208,200511,11,7,7050502,Fritz-Werner-Straße,2019,10,7,5,3,0,1,0,1,0,0,0,0,0,1,"797337,7935","5818372,412","13,37474","52,43451"
11209,200512,11,5,5030731,Gartenfelder Straße,2019,10,7,3,3,5,3,0,0,1,0,1,0,0,0,"787694,9024","5829990,551","13,24332","52,54383"
11210,200513,11,12,12301206,Lübars,2019,10,16,3,3,1,5,0,0,1,0,1,0,0,0,"794077,362","5837496,509","13,34383","52,6077"
11211,200514,11,4,4031032,Halensee,2019,10,16,3,3,2,6,0,0,1,0,1,0,0,0,"791837,1501","5824686,225","13,29958","52,49407"
11212,200515,11,1,1022103,Westhafen,2019,10,15,3,3,5,2,0,1,0,0,0,1,0,0,"795268,2807","5829656,978","13,35438","52,53679"
11213,200516,11,2,2020203,Viktoriapark,2019,10,16,3,3,1,5,0,1,1,0,0,0,0,0,"797117,9436","5824087,878","13,3766","52,48586"
11214,200517,11,1,1022204,Thomasiusstraße,2019,10,7,3,3,6,2,1,0,1,1,0,0,0,0,"794814,0992","5828307,01","13,34651","52,52493"
11215,200518,11,5,5020627,Tiefwerder,2019,10,15,3,3,2,6,0,0,1,0,0,0,0,0,"785522,4677","5828078,065","13,20973","52,52782"
11216,200519,11,6,6020305,Gemeindepark Lankwitz,2019,10,15,3,3,6,2,0,0,1,1,0,0,0,0,"795869,4195","5818141,173","13,353","52,43323"
11217,200520,11,12,12214125,Waldidyll/Flughafensee,2019,10,7,3,3,2,6,0,0,1,0,0,0,0,0,"791306,1722","5834150,096","13,30008","52,5792"
11218,200521,11,6,6010207,Mittelstraße,2019,10,15,3,3,3,6,0,1,1,0,0,0,0,0,"793454,543","5820116,432","13,31932","52,45224"
11219,200522,11,4,4030725,Amtsgerichtsplatz,2019,10,15,3,3,6,4,0,0,0,1,1,0,0,0,"791561,435","5826495,988","13,29712","52,51044"
11220,200523,11,5,5030833,Motardstraße,2019,10,15,3,3,5,2,0,1,1,0,0,0,0,0,"788173,529","5829380,732","13,24983","52,53811"
11221,200524,11,6,6020305,Gemeindepark Lankwitz,2019,10,14,3,3,6,4,0,0,1,1,0,0,0,0,"795589,0263","5817107,837","13,34797","52,42412"
11222,200525,11,2,2040503,Richard-Sorge-Viertel,2019,10,6,3,3,5,3,0,0,1,0,1,0,0,0,"801430,3295","5827930,446","13,4434","52,51794"
11223,200526,11,8,8041036,Zittauer Straße,2019,10,7,3,3,0,3,2,1,1,0,0,0,0,1,"804550,5177","5817094,643","13,47935","52,41909"
11224,200527,11,1,1011105,Nördlicher Landwehrkanal,2019,10,17,2,3,5,3,1,1,1,0,0,0,0,0,"795756,3459","5826351,216","13,35862","52,50689"
11225,200528,11,5,5020627,Tiefwerder,2019,10,17,2,3,2,6,0,0,1,0,0,0,0,0,"785445,5757","5828137,524","13,20865","52,5284"
11226,200529,11,1,1033202,Humboldthain Süd,2019,10,15,2,3,6,2,0,0,1,1,0,0,0,0,"797163,4286","5830379,222","13,38289","52,54223"
11227,200530,11,3,3040513,Schönholz,2019,10,16,2,3,2,2,0,0,1,0,0,0,1,0,"796796,3364","5833946,587","13,38068","52,57441"
11228,200531,11,8,8041038,Waßmannsdorfer Chaussee,2019,10,16,2,3,5,3,0,1,0,0,0,0,1,0,"805917,1848","5816210,02","13,49858","52,41039"
11229,200532,11,3,3030711,Blankenburg,2019,10,16,2,3,5,3,0,0,1,0,0,0,0,0,"801113,0072","5836547,71","13,44655","52,59535"
11230,200533,11,4,4030417,Schloßstraße,2019,10,15,2,3,5,3,0,1,1,0,0,0,0,0,"791797,2987","5827063,929","13,30108","52,51541"
11231,200534,11,8,8041039,Frauenviertel,2019,10,15,2,3,5,2,0,1,1,0,0,0,0,0,"806124,2393","5815162,165","13,50065","52,40089"
11232,200535,11,3,3061131,Falkplatz,2019,10,13,2,3,6,7,0,0,0,1,0,0,1,0,"798472,7977","5830961,089","13,40266","52,54673"
11233,200536,11,6,6040703,Nikolassee,2019,10,19,2,2,5,2,0,0,1,0,0,0,0,0,"787136,364","5817205,235","13,2241","52,42949"
11234,200537,11,3,3071536,Teutoburger Platz,2019,10,15,2,3,1,5,0,1,0,0,0,0,1,0,"798980,7236","5830035,775","13,4093","52,53816"
11235,200538,11,11,11030824,Frankfurter Allee Süd,2019,10,14,2,2,5,3,0,1,0,0,0,0,1,0,"803729,22","5827145,144","13,47646","52,50962"
11236,200539,11,5,5010312,Kurstraße,2019,10,14,2,2,5,3,0,1,1,0,0,0,0,0,"784825,8816","5830254,049","13,20136","52,5477"
11237,200540,11,4,4051448,Schaperstraße,2019,10,14,2,3,2,6,0,0,1,0,0,0,0,0,"794260,9805","5825421,772","13,33583","52,49936"
11238,200541,11,7,7040401,Neu-Tempelhof,2019,10,8,5,2,6,4,0,0,0,1,1,0,0,0,"798337,7781","5823951,16","13,39439","52,48397"
11239,200542,11,5,5020523,Maulbeerallee,2019,10,14,2,2,2,6,0,0,1,0,0,0,0,0,"782486,9633","5827002,234","13,16419","52,51976"
11240,200543,11,6,6040805,Fischerhüttenstraße,2019,10,14,2,3,5,3,0,1,0,0,0,0,1,0,"788801,21","5818057,261","13,24925","52,43625"
11241,200544,11,11,11040926,Weitlingstraße,2019,10,13,2,3,5,3,0,1,1,0,0,0,0,0,"805757,965","5827181,083","13,50629","52,50881"
11242,200545,11,2,2040701,Andreasviertel,2019,10,19,2,3,5,2,2,1,0,0,0,0,1,0,"801206,4482","5827467,238","13,43969","52,51391"
11243,200546,11,6,6010204,Munsterdamm,2019,10,19,2,3,0,2,2,0,1,0,1,0,0,0,"795411,585","5820128,619","13,34804","52,45129"
11244,200547,11,8,8010406,Treptower Straße Nord,2019,10,19,2,3,1,5,2,1,1,0,0,0,0,0,"801968,8498","5824220,581","13,44795","52,48439"
11245,200548,11,1,1011305,Heine-Viertel West,2019,10,19,2,3,5,2,2,1,1,0,0,0,0,0,"799124,0588","5827123,737","13,40879","52,51198"
11246,200549,11,9,9010302,Späthsfelde,2019,10,19,2,3,4,6,2,0,1,0,0,0,0,0,"804761,2364","5820427,958","13,48548","52,44884"
11247,200550,11,1,1044102,Schillerpark,2019,10,8,5,3,1,7,0,0,1,0,0,0,0,1,"795954,929","5832037,956","13,3666","52,55776"
11248,200551,11,2,2030302,Lausitzer Platz,2019,10,19,2,3,1,5,2,1,1,0,0,0,0,0,"800333,5379","5825943,511","13,42549","52,50073"
11249,200552,11,1,1011302,Oranienburger Straße,2019,10,18,2,3,0,1,1,1,0,0,0,0,0,1,"797979,2838","5828496,709","13,3932","52,52491"
11250,200553,11,1,1011203,Unter den Linden Süd,2019,10,8,5,3,5,3,0,0,1,0,0,0,0,0,"797960,5998","5827080,44","13,39165","52,51222"
11251,200554,11,1,1011305,Heine-Viertel West,2019,10,1,2,3,0,1,2,1,0,0,0,0,0,0,"799446,613","5826756,236","13,41319","52,5085"
11252,200555,11,6,6030608,Schweizer Viertel,2019,10,19,5,2,0,3,2,0,1,0,1,0,0,0,"792385,9566","5816868,446","13,30079","52,42369"
11253,200556,11,5,5030730,Zitadellenweg,2019,10,11,2,3,2,6,0,0,1,0,0,1,0,0,"786958,8377","5829804,928","13,23234","52,54255"
11254,200557,11,3,3030711,Blankenburg,2019,10,12,2,3,2,6,0,0,1,0,0,0,0,0,"801002,2863","5836004,294","13,44443","52,59054"
11255,200558,11,7,7030301,Friedenau,2019,10,12,2,3,5,3,0,0,1,0,0,0,0,0,"793485,5848","5822489,171","13,32186","52,47349"
11256,200559,11,11,11020515,Landsberger Allee,2019,10,10,2,3,1,7,0,0,1,0,0,0,0,0,"804749,0965","5830196,978","13,49423","52,53641"
11257,200560,11,3,3050924,Behaimstraße,2019,10,9,2,3,5,3,0,0,1,0,1,0,0,0,"801403,8976","5831496,335","13,44624","52,54991"
11258,200561,11,4,4051653,Prager Platz,2019,10,8,2,3,2,6,0,0,1,0,0,0,0,0,"794003,8523","5824264,683","13,33103","52,48913"
11259,200562,11,9,9051901,Dammvorstadt,2019,10,8,2,3,0,2,0,1,1,0,0,0,0,0,"812050,7804","5821282,944","13,59319","52,45239"
11260,200563,11,1,2040701,Andreasviertel,2019,10,8,2,3,0,6,0,1,1,0,0,0,0,0,"800167,7355","5827387,503","13,42436","52,51377"
11261,200564,11,11,11030824,Frankfurter Allee Süd,2019,10,6,5,3,5,3,2,1,1,0,0,0,0,1,"803692,264","5827471,396","13,47621","52,51257"
11262,200565,11,1,1011301,Charitéviertel,2019,10,8,2,3,5,3,0,1,1,0,0,0,0,0,"796894,091","5829203,728","13,37788","52,53184"
11263,200566,11,10,10020414,Helle Mitte,2019,10,8,2,3,5,3,0,1,1,0,0,0,0,0,"812064,889","5830625,37","13,60215","52,53611"
11264,200567,11,12,12224230,Heiligensee,2019,10,7,2,3,4,6,1,1,0,0,0,0,0,1,"787073,216","5838229,101","13,24132","52,61802"
11265,200568,11,2,2050602,Samariterviertel,2019,10,7,2,3,0,1,0,0,1,0,1,0,0,1,"803319,6888","5827756,481","13,471","52,51533"
11266,200569,11,4,4020310,Park Ruhwald,2019,10,7,5,3,0,6,0,0,0,0,1,0,0,1,"790130,0406","5828221,836","13,27759","52,52668"
11267,200570,11,6,6030504,Teltower Damm,2019,10,7,2,3,0,2,1,1,1,0,0,0,0,1,"789966,7903","5816242,925","13,26478","52,41937"
11268,200571,11,9,9020701,Adlershof West,2019,10,6,2,3,5,2,2,0,1,0,0,0,0,0,"809327,0386","5818519,358","13,55068","52,42918"
11269,200572,11,8,8020728,Buckow Ost,2019,10,15,1,2,2,6,0,0,1,0,0,0,0,0,"802220,0374","5816787,543","13,44491","52,41762"
11270,200573,11,6,6040810,Dahlem,2019,10,10,1,2,1,1,0,0,1,0,0,0,0,0,"790527,1785","5821382,998","13,27746","52,46516"
11271,200574,11,1,1044101,Rehberge,2019,10,21,1,3,5,2,2,0,1,0,0,0,0,0,"793980,205","5832017,921","13,33754","52,55865"
11272,200575,11,12,12103117,Letteplatz,2019,10,19,1,2,5,2,2,1,1,0,0,0,0,0,"796175,0752","5832754,284","13,37048","52,56406"
11273,200576,11,5,5020419,Magistratsweg,2019,10,17,1,3,5,2,1,0,1,0,0,0,0,0,"780873,0764","5828322,241","13,14159","52,53243"
11274,200577,11,12,12103218,Teichstraße,2019,10,16,1,3,2,6,0,0,1,0,0,0,0,0,"793841,3304","5832776,67","13,33617","52,56552"
11275,200578,11,9,9010402,Johannisthal Ost,2019,10,3,1,2,8,1,2,0,1,0,0,0,0,0,"806777,0284","5818391,78","13,51318","52,42947"
11276,200579,11,8,8010214,Glasower Straße,2019,10,9,1,3,1,5,0,0,1,0,0,0,1,0,"802061,4751","5821981,047","13,44728","52,46426"
11277,200580,11,4,4031032,Halensee,2019,10,12,1,3,2,6,0,0,1,0,0,0,0,0,"791236,294","5824986,867","13,29102","52,49709"
11278,200581,11,2,2040502,Friedenstraße,2019,10,15,1,3,6,4,0,0,1,1,0,0,0,0,"800616,5426","5828462,289","13,43192","52,52315"
11279,200582,11,2,2020203,Viktoriapark,2019,10,11,7,3,0,7,0,1,1,0,0,0,0,0,"797092,7863","5824685,556","13,37677","52,49123"
11280,200583,11,7,7060604,Marienfelde Süd,2019,10,12,7,3,0,6,0,0,1,0,0,0,0,0,"797210,052","5815560,852","13,37037","52,40937"
11281,200584,11,9,9010101,Elsenstraße,2019,10,19,7,2,5,2,2,0,1,0,1,0,0,0,"802361,3223","5825340,343","13,45472","52,49421"
11282,200585,11,5,5030730,Zitadellenweg,2019,10,18,7,2,2,7,0,0,1,0,1,0,1,0,"785895,4608","5829230,555","13,21621","52,53796"
11283,200586,11,1,1011303,Alexanderplatzviertel,2019,10,22,7,3,0,1,2,0,0,0,0,0,1,0,"799190,121","5827726,447","13,4103","52,51734"
11284,200587,11,8,8010508,Weiße Siedlung,2019,10,19,7,3,5,3,2,0,1,0,0,0,0,0,"803203,7266","5822728,925","13,46472","52,47033"
11285,200588,11,6,6020407,Thermometersiedlung,2019,10,17,7,3,5,3,1,0,1,0,0,0,1,0,"793367,8094","5815508,079","13,314","52,41097"
11286,200589,11,8,8010214,Glasower Straße,2019,10,17,7,2,6,4,1,0,1,1,0,0,0,1,"801565,1184","5821900,2","13,43992","52,46381"
11287,200590,11,6,6010207,Mittelstraße,2019,10,16,7,3,2,2,0,0,1,0,0,0,0,0,"793549,5069","5820062,644","13,32066","52,4517"
11288,200591,11,1,1022106,Elberfelder Straße,2019,10,16,7,3,3,6,0,0,1,0,1,0,0,0,"793962,7996","5828206,051","13,33391","52,52448"
11289,200592,11,5,5030832,Rohrdamm,2019,10,15,7,3,5,2,0,0,1,0,0,0,0,0,"789675,122","5829303,071","13,27184","52,53661"
11290,200593,11,2,2030301,Oranienplatz,2019,10,15,7,3,5,3,0,1,1,0,0,0,0,0,"799925,802","5825743,09","13,41932","52,49916"
11291,200594,11,7,7010101,Wittenbergplatz/Viktoria-Luise-Platz,2019,10,16,7,2,0,1,0,0,0,0,0,0,1,1,"794731,6164","5825213,43","13,34256","52,49724"
11292,200595,11,4,4030931,Breitscheidplatz,2019,10,8,5,3,5,2,0,0,1,0,0,0,0,0,"793914,1033","5825519,99","13,33082","52,50043"
11293,200596,11,5,5010101,Hakenfelde Nord,2019,10,14,7,3,6,4,0,0,1,1,0,0,0,0,"785620,2611","5832199,466","13,21472","52,56472"
11294,200597,11,11,11020411,Malchower Weg,2019,10,19,5,3,6,4,2,0,0,1,0,0,1,0,"804903,367","5832974,478","13,49905","52,56121"
11295,200598,11,1,1011302,Oranienburger Straße,2019,10,14,7,3,1,5,0,1,1,0,0,0,0,0,"797762,443","5828323,726","13,38986","52,52348"
11296,200599,11,8,8010214,Glasower Straße,2019,10,13,7,3,6,4,0,1,0,1,0,0,0,1,"801331,0956","5822166,562","13,43673","52,46633"
11297,200600,11,11,11010207,Wartenberg Nord,2019,10,11,7,3,6,7,0,0,0,1,0,0,1,0,"805526,7018","5834714,75","13,50982","52,57646"
11298,200601,11,2,2030302,Lausitzer Platz,2019,10,2,7,3,1,5,2,1,1,0,0,0,1,1,"800929,2293","5825858,591","13,43416","52,49964"
11299,200602,11,7,7010102,Nollendorfplatz,2019,10,18,6,3,5,2,2,1,0,0,1,0,0,1,"794951,6794","5825644,97","13,34617","52,50099"
11300,200603,11,7,7010104,Dennewitzplatz,2019,10,3,6,2,0,1,2,1,0,0,0,0,0,1,"796656,0172","5824828,398","13,37048","52,49275"
11301,200604,11,8,8010405,Hertzbergplatz,2019,10,3,6,3,5,2,2,1,0,0,0,0,1,0,"801735,9068","5823907,623","13,44424","52,48171"