,id,city,district,lor,street,year,month,hour,weekday,category,collision,movement,light_conditions,bicycle,car,pedestrian,motorbike,truck,other_vehicle,road_conditions,LINREFX,LINREFY,XGCSWGS84,YGCSWGS84
11302,200605,11,7,7010102,Nollendorfplatz,2019,10,11,6,3,5,2,0,1,1,0,0,0,0,0,"794999,4432","5825633,49","13,34686","52,50086"
11303,200606,11,7,7010103,Barbarossaplatz,2019,10,11,6,3,1,7,0,0,1,0,1,0,0,0,"795709,9693","5824869,101","13,35662","52,49363"
11304,200607,11,3,3020307,Buchholz,2019,10,8,5,3,5,3,0,1,0,0,0,0,1,1,"800484,8877","5836403,21","13,43718","52,5944"
11305,200608,11,4,4030726,Droysenstraße,2019,10,11,6,3,6,7,0,0,1,1,0,0,0,0,"791981,0203","5825245,731","13,30218","52,49901"
11306,200609,11,4,4030417,Schloßstraße,2019,10,19,5,3,1,5,2,1,1,0,0,0,0,0,"791277,0803","5826601,557","13,29303","52,51154"
11307,200610,11,11,11010205,Falkenberg West,2019,10,11,6,3,5,3,0,0,1,0,0,0,1,0,"806909,6123","5832626,655","13,52823","52,55697"
11308,200611,11,2,2020203,Viktoriapark,2019,10,12,6,3,5,3,0,1,0,0,0,0,0,0,"796945,9811","5824295,834","13,37426","52,48782"
11309,200612,11,2,2040502,Friedenstraße,2019,10,12,6,3,5,2,0,0,0,0,0,1,1,0,"801134,7721","5828570,372","13,43963","52,52384"
11310,200613,11,8,8020622,Parchimer Allee,2019,10,12,6,3,5,2,0,0,0,0,0,1,1,0,"801318,5201","5819558,361","13,43419","52,44296"
11311,200614,11,11,11010205,Falkenberg West,2019,10,10,6,3,0,4,0,0,0,1,0,0,1,1,"806625,1896","5833176,332","13,52456","52,56206"
11312,200615,11,4,4020314,Messegelände,2019,10,10,6,3,3,2,0,0,1,0,0,1,0,0,"790375,1343","5825656,171","13,27895","52,50355"
11313,200616,11,1,1022206,Lüneburger Straße,2019,10,10,6,3,2,6,0,1,1,0,0,0,0,1,"796454,888","5828233,178","13,37056","52,52338"
11314,200617,11,4,4051448,Schaperstraße,2019,10,9,6,3,0,1,0,0,0,0,1,0,0,1,"793847,8786","5824906,846","13,32931","52,49497"
11315,200618,11,1,1033202,Humboldthain Süd,2019,10,9,6,2,5,3,0,1,1,0,0,0,0,1,"796971,6266","5830138,511","13,37985","52,54018"
11316,200619,11,2,2010101,Askanischer Platz,2019,10,5,5,3,9,1,1,0,1,0,0,0,0,0,"797756,5989","5826062,437","13,38775","52,50321"
11317,200620,11,2,2040701,Andreasviertel,2019,10,8,6,3,1,5,0,1,1,0,0,0,0,0,"800359,6266","5827741,206","13,4275","52,51683"
11318,200621,11,5,5020419,Magistratsweg,2019,10,7,5,3,2,6,0,0,1,0,0,0,1,0,"781427,193","5828391,093","13,14979","52,53276"
11319,200622,11,7,7040405,Rathaus Tempelhof,2019,10,8,6,3,5,2,0,0,1,0,0,1,0,1,"799070,7128","5821704,512","13,40314","52,46343"
11320,200623,11,4,4051655,Babelsberger Straße,2019,10,8,6,3,2,7,0,0,0,0,1,1,0,1,"793867,7906","5823094,564","13,328","52,47871"
11321,200624,11,11,11030721,Rüdigerstraße,2019,10,7,5,3,2,7,0,0,1,0,0,1,0,1,"804292,3107","5828449,448","13,48592","52,521"
11322,200625,11,4,4030930,George-Grosz-Platz,2019,10,7,6,3,5,3,0,1,1,0,0,0,0,1,"792968,3524","5825890,668","13,31725","52,50426"
11323,200626,11,11,11020515,Landsberger Allee,2019,10,6,6,3,5,3,1,0,1,0,0,0,1,1,"803331,1196","5830081,399","13,47329","52,53616"
11324,200627,11,1,1044101,Rehberge,2019,10,6,6,3,2,7,2,0,1,0,0,0,0,1,"794118,5043","5830088,228","13,33786","52,54127"
11325,200628,11,11,11040926,Weitlingstraße,2019,10,11,5,3,5,3,0,0,1,0,0,0,0,1,"805987,963","5826846,082","13,50936","52,50568"
11326,200629,11,12,12302107,Schorfheidestraße,2019,10,0,6,2,6,4,2,0,1,1,0,0,0,1,"794328,2067","5836224,713","13,34639","52,59617"
11327,200630,11,1,1011304,Karl-Marx-Allee,2019,10,19,6,3,6,4,2,1,0,1,0,0,0,1,"799580,5301","5828027,678","13,41631","52,51983"
11328,200631,11,3,3040818,Pankow Süd,2019,10,19,6,3,5,3,2,1,1,0,0,0,0,1,"799081,773","5833201,546","13,41364","52,56648"
11329,200632,11,6,6040806,Fischtal,2019,10,19,6,3,5,3,2,0,1,0,0,0,0,1,"788835,1428","5819582,218","13,25107","52,44991"
11330,200633,11,3,3061429,Greifswalder Straße,2019,10,17,6,3,5,3,1,1,1,0,0,0,0,0,"802091,2437","5830587,042","13,45552","52,54138"
11331,200634,11,11,11030720,Herzbergstraße,2019,10,17,6,3,6,4,0,0,1,1,0,0,0,0,"805197,9422","5828964,356","13,4997","52,52511"
11332,200635,11,2,2040701,Andreasviertel,2019,10,22,6,3,5,2,2,1,1,0,0,0,0,1,"800374,2415","5827890,698","13,42785","52,51816"
11333,200636,11,5,5020626,Adamstraße,2019,10,2,5,2,6,4,2,0,0,1,0,0,1,1,"784139,8448","5827330,738","13,18877","52,52184"
11334,200637,11,2,2020206,Graefekiez,2019,10,21,6,3,0,2,2,0,1,0,1,0,0,1,"800272,47","5824372,183","13,42318","52,48668"
11335,200638,11,1,1033102,Gesundbrunnen,2019,10,16,6,2,6,4,0,0,1,1,0,0,0,0,"797411,9966","5831253,866","13,38733","52,54993"
11336,200639,11,2,7040401,Neu-Tempelhof,2019,10,13,5,3,2,6,0,0,1,0,1,0,0,0,"797794,5967","5824033,021","13,38649","52,485"
11337,200640,11,6,6020303,Lankwitz Kirche,2019,10,16,6,3,0,7,0,0,0,0,1,0,1,1,"795388,428","5818321,762","13,34611","52,43511"
11338,200641,11,3,3071536,Teutoburger Platz,2019,10,16,6,3,5,2,0,1,1,0,1,0,0,0,"799081,9672","5830219,83","13,41095","52,53975"
11339,200642,11,2,2040703,Wriezener Bahnhof/Entwicklungsgebiet,2019,10,20,6,3,5,2,2,1,1,0,0,0,0,1,"801754,3231","5826263,116","13,44665","52,50281"
11340,200643,11,12,12224230,Heiligensee,2019,10,11,5,3,5,7,0,1,1,0,0,0,0,1,"786409,5229","5838821,013","13,23205","52,62367"
11341,200644,11,1,1033101,Soldiner Straße,2019,10,15,6,3,2,6,0,0,1,0,0,0,0,0,"797205,792","5832002,87","13,38497","52,55676"
11342,200645,11,10,10030727,Biesdorf Süd,2019,10,14,6,3,5,3,0,0,1,0,1,0,0,0,"809570,3222","5825056,652","13,56031","52,48762"
11343,200646,11,6,6010102,Schloßstraße,2019,10,20,6,3,2,6,2,0,1,0,0,0,0,1,"793523,9933","5820665,367","13,32082","52,45712"
11344,200647,11,1,1011105,Nördlicher Landwehrkanal,2019,10,10,5,3,1,5,0,1,1,0,0,0,1,0,"796922,4691","5826850,694","13,3762","52,51073"
11345,200648,11,9,9052001,Köpenick Nord,2019,10,20,6,3,0,1,2,1,0,0,0,0,0,1,"811149,1169","5822074,307","13,58071","52,46"
11346,200649,11,2,2050802,Boxhagener Platz,2019,10,19,6,2,0,1,2,0,0,0,1,0,1,1,"802812,5983","5826942,628","13,46281","52,50832"
11347,200650,11,11,11041128,Sewanstraße,2019,10,14,6,3,6,2,0,0,1,1,0,0,0,0,"806996,8561","5825780,812","13,5232","52,49557"
11348,200651,11,6,6010102,Schloßstraße,2019,10,18,5,3,5,3,1,0,1,0,0,0,0,1,"793425,588","5820368,851","13,31911","52,45452"
11349,200652,11,6,6020303,Lankwitz Kirche,2019,10,14,6,3,5,3,0,1,1,0,0,0,0,0,"795282,3621","5818607,528","13,3448","52,43773"
11350,200653,11,10,10020416,Böhlener Straße,2019,10,14,6,3,5,3,0,1,1,0,0,0,0,0,"813012,0507","5831230,063","13,61664","52,54098"
11351,200654,11,6,6030610,Lichterfelde West,2019,10,9,4,1,6,4,0,0,0,1,0,1,0,1,"792071,4789","5818874,158","13,29793","52,44184"
11352,200655,11,8,8030831,Gropiusstadt Ost,2019,10,19,6,3,2,3,2,1,1,0,0,0,0,1,"803603,9798","5817861,697","13,46617","52,42649"
11353,200656,11,9,9031101,Grünau,2019,10,15,4,3,5,3,0,0,1,0,0,0,0,1,"810837,8768","5818460,836","13,57278","52,42779"
11354,200657,11,12,12231101,Hermsdorf,2019,10,6,4,3,3,6,1,1,1,0,0,0,0,1,"792601,7739","5839326,422","13,32372","52,62491"
11355,200658,11,3,3061228,Erich-Weinert-Straße,2019,10,9,6,3,2,6,0,0,1,0,0,0,0,0,"800917,5406","5831204,107","13,43883","52,54756"
11356,200659,11,6,6020410,Oberhofer Platz,2019,10,18,5,3,5,3,0,0,1,0,0,0,1,0,"794316,62","5816909,457","13,32914","52,42303"
11357,200660,11,1,1011305,Heine-Viertel West,2019,10,13,5,3,1,5,0,1,1,0,0,0,0,0,"799441,8442","5826523,985","13,41292","52,50643"
11358,200661,11,1,1022202,Heidestraße,2019,10,17,4,3,5,2,0,1,1,0,0,0,0,0,"795669,217","5829731,907","13,36035","52,53724"
11359,200662,11,2,2050601,Hausburgviertel,2019,10,9,5,3,5,2,0,1,0,0,0,1,0,0,"801787,2272","5828672,998","13,44932","52,5244"
11360,200663,11,12,12214423,Mellerbogen,2019,10,16,4,3,5,3,0,0,1,0,0,0,0,1,"792609,7264","5833527,327","13,31871","52,57292"
11361,200664,11,8,8010404,Rixdorf,2019,10,6,5,2,8,1,1,0,1,0,0,0,0,1,"801720,4873","5823052,464","13,44324","52,47405"
11362,200665,11,10,10010204,Wuhletalstraße,2019,10,1,5,2,5,2,2,1,0,0,0,0,1,1,"809577,5151","5832688,883","13,56752","52,55602"
11363,200666,11,1,1011204,Leipziger Straße,2019,10,22,5,3,5,2,2,0,1,0,0,0,1,0,"797845,19","5826961,291","13,38985","52,51122"
11364,200667,11,4,4020311,Reichsstraße,2019,10,16,4,3,5,3,0,0,1,0,0,0,0,1,"789080,5715","5827172,497","13,26125","52,51783"
11365,200668,11,10,10010308,Marzahner Chaussee,2019,10,21,5,2,6,4,2,0,1,1,0,0,0,0,"806464,4174","5829702,705","13,51899","52,53101"
11366,200669,11,1,1011304,Karl-Marx-Allee,2019,10,20,5,3,0,2,2,1,1,0,0,0,0,0,"799609,613","5827987,189","13,4167","52,51945"
11367,200670,11,4,4051448,Schaperstraße,2019,10,20,5,3,1,5,2,1,1,0,0,0,0,0,"793480,2728","5824972,062","13,32397","52,49575"
11368,200671,11,4,4051445,Eisenzahnstraße,2019,10,19,5,3,5,2,2,1,1,0,0,0,0,0,"792600,2479","5824204,52","13,31037","52,48934"
11369,200672,11,4,4030623,Ernst-Reuter-Platz,2019,10,15,5,3,2,6,0,0,1,0,1,0,0,0,"793775,4919","5826584,28","13,32972","52,51005"
11370,200673,11,2,2050803,Stralauer Kiez,2019,10,14,5,3,3,6,0,0,1,0,1,0,0,0,"802748,5924","5826124,566","13,46112","52,50102"
11371,200674,11,4,4030931,Breitscheidplatz,2019,10,12,5,3,5,7,0,1,1,0,0,0,0,0,"793919,6422","5825534,677","13,33092","52,50056"
11372,200675,11,8,8010212,Rollberg,2019,10,14,5,3,6,7,0,0,1,1,0,0,0,0,"801193,8541","5823546,929","13,43596","52,47878"
11373,200676,11,11,11051331,Karlshorst Nord,2019,10,7,5,3,5,3,0,1,0,0,0,0,0,1,"807349,9054","5825174,202","13,52782","52,48993"
11374,200677,11,1,1011103,Lützowstraße,2019,10,18,5,3,6,4,2,0,1,1,0,0,0,0,"795291,2002","5826136,153","13,3516","52,50521"
11375,200678,11,5,5020625,Borkumer Straße,2019,10,7,5,3,3,5,0,0,1,0,0,1,0,0,"784384,9396","5828696,59","13,19354","52,53396"
11376,200679,11,7,7010104,Dennewitzplatz,2019,10,18,5,2,5,2,2,1,1,0,0,0,0,0,"796000,7501","5824957,171","13,36097","52,49426"
11377,200680,11,4,4051654,Wilhelmsaue,2019,10,17,5,3,5,2,0,1,1,0,0,0,0,0,"793635,0695","5823953,88","13,32534","52,48654"
11378,200681,11,2,2020204,Urbanstraße,2019,10,21,5,2,3,6,2,1,1,0,0,0,0,1,"798347,6965","5825310,518","13,39576","52,49615"
11379,200682,11,1,1011306,Heine-Viertel Ost,2019,10,14,5,2,6,4,0,0,1,1,0,0,0,0,"799920,4924","5826585,652","13,42","52,50672"
11380,200683,11,1,1011306,Heine-Viertel Ost,2019,10,17,5,3,5,2,0,1,1,0,0,0,0,0,"800044,8568","5827113,457","13,4223","52,51138"
11381,200684,11,7,7060604,Marienfelde Süd,2019,10,13,5,3,0,4,0,0,0,1,0,0,1,0,"796680,3096","5815838,478","13,36285","52,41215"
11382,200685,11,11,11030721,Rüdigerstraße,2019,10,16,5,2,5,7,0,0,1,0,0,0,1,0,"803795,279","5827699,225","13,47793","52,51455"
11383,200686,11,6,6040810,Dahlem,2019,10,16,5,3,5,2,0,0,1,0,0,0,0,0,"790244,9942","5820069,745","13,27218","52,45353"
11384,200687,11,4,4030623,Ernst-Reuter-Platz,2019,10,15,5,2,5,3,0,1,1,0,0,0,0,0,"793796,3756","5826908,208","13,33032","52,51294"
11385,200688,11,11,11040925,Victoriastadt,2019,10,16,4,3,4,5,1,0,1,0,0,1,0,1,"803505,9773","5826621,619","13,4727","52,50506"
11386,200689,11,9,9030902,Wohngebiet II,2019,10,15,5,2,6,4,0,1,0,1,0,0,0,0,"807611,3522","5815414,643","13,52267","52,40232"
11387,200690,11,3,3030406,Alt-Karow,2019,10,13,5,3,5,3,0,1,1,0,0,0,0,0,"803225,2649","5838029,16","13,479","52,60745"
11388,200691,11,9,9010201,Am Treptower Park Süd,2019,10,15,5,2,6,7,0,0,1,1,0,0,0,0,"803509,3058","5824119,129","13,47047","52,48262"
11389,200692,11,4,4030828,Savignyplatz,2019,10,15,5,2,3,6,0,1,1,0,0,0,0,0,"792860,5913","5826142,195","13,31589","52,50658"
11390,200693,11,10,10010308,Marzahner Chaussee,2019,10,10,5,3,3,6,0,0,1,0,0,1,0,0,"807607,956","5830678,905","13,5367","52,53912"
11391,200694,11,4,4041137,Flinsberger Platz,2019,10,16,4,3,5,2,0,1,1,0,0,0,0,1,"790967,8749","5823011,108","13,28535","52,47952"
11392,200695,11,9,9010202,Köpenicker Landstraße,2019,10,6,5,3,5,7,2,0,1,0,0,0,0,1,"804667,3622","5823483,469","13,48689","52,47628"
11393,200696,11,4,4030623,Ernst-Reuter-Platz,2019,10,8,2,3,6,4,0,0,1,1,0,0,0,0,"793493,862","5826491,535","13,3255","52,50937"
11394,200697,11,1,1044102,Schillerpark,2019,10,23,5,3,1,5,2,0,1,0,0,1,0,0,"794859,4115","5831985,521","13,35044","52,55788"
11395,200698,11,12,12103218,Teichstraße,2019,11,15,7,3,5,7,0,0,1,0,0,0,0,1,"793664,9933","5832607,627","13,33342","52,5641"
11396,200699,11,12,12301203,Wittenau Süd,2019,10,21,7,2,4,6,2,0,1,0,0,0,0,0,"792945,0578","5835345,391","13,32525","52,58903"
11397,200700,11,2,2020203,Viktoriapark,2019,10,0,3,3,0,3,2,1,0,0,1,0,0,1,"797540,6837","5824968,729","13,3836","52,49352"
11398,200701,11,3,3050924,Behaimstraße,2019,11,10,6,3,5,7,0,1,1,0,0,0,0,0,"801631,262","5831292,173","13,4494","52,54796"
11399,200702,11,2,2020203,Viktoriapark,2019,10,14,6,3,1,5,0,0,1,0,1,0,0,0,"797602,4728","5824020,433","13,38366","52,48499"
11400,200703,11,12,12302211,Lübarser Straße,2019,10,17,2,2,6,2,2,0,1,1,0,0,0,1,"793556,0295","5836912,148","13,33563","52,60275"
11401,200704,11,1,1011102,Großer Tiergarten,2019,10,12,5,3,3,6,0,0,1,0,1,0,0,0,"795255,2403","5827309,031","13,35211","52,51574"
11402,200705,11,2,2010103,Moritzplatz,2019,10,1,1,2,5,3,2,0,1,0,0,0,0,0,"799148,0138","5825786,315","13,40794","52,49997"
11403,200706,11,4,4051448,Schaperstraße,2019,10,16,4,3,1,1,0,1,1,0,0,0,0,1,"794187,5407","5824946,116","13,33433","52,49514"
11404,200707,11,3,3020307,Buchholz,2019,11,18,6,3,5,2,2,1,1,0,0,0,0,0,"800148,8953","5837867,431","13,43356","52,60771"
11405,200708,11,3,3071639,Bötzowstraße,2019,10,0,7,2,0,1,2,0,0,0,0,0,1,0,"800956,5757","5829213,349","13,4376","52,5297"
11406,200709,11,7,7050505,Hundsteinweg,2019,10,10,3,3,2,6,0,0,1,0,0,0,0,0,"799152,8495","5819065,035","13,40198","52,43972"
11407,200710,11,6,6040806,Fischtal,2019,11,16,6,3,0,6,1,0,0,0,0,0,1,1,"789355,3484","5819226,286","13,25839","52,44644"
11408,200711,11,4,4030930,George-Grosz-Platz,2019,10,19,6,3,5,7,2,0,1,0,0,0,0,0,"792865,3402","5825527,278","13,31542","52,50106"
11409,200712,11,4,4030417,Schloßstraße,2019,10,11,3,3,5,2,0,0,1,0,1,0,0,0,"791783,584","5827061,712","13,30088","52,5154"
11410,200713,11,5,5020626,Adamstraße,2019,11,9,6,3,2,6,0,0,1,0,1,0,0,0,"785065,487","5827598,676","13,2026","52,52376"
11411,200714,11,4,4030828,Savignyplatz,2019,10,23,6,3,1,5,2,1,1,0,0,0,1,0,"793192,8007","5826095,453","13,32073","52,50598"
11412,200715,11,4,4030622,Richard-Wagner-Straße,2019,10,16,2,3,2,6,1,0,1,0,0,0,0,1,"792749,4254","5826850,985","13,31488","52,51299"
11413,200716,11,4,4020310,Park Ruhwald,2019,10,10,5,3,5,2,0,0,1,0,0,0,0,0,"790367,8256","5827304,28","13,28028","52,51833"
11414,200717,11,12,12103218,Teichstraße,2019,10,18,1,3,1,5,2,0,1,0,0,0,0,0,"794080,1111","5832881,644","13,33977","52,56633"
11415,200718,11,4,4020311,Reichsstraße,2019,10,13,4,3,5,3,0,0,1,0,1,0,0,0,"789594,7378","5826764,453","13,26845","52,5139"
11416,200719,11,1,1022104,Emdener Straße,2019,11,20,6,2,6,4,2,0,1,1,0,0,0,1,"793722,8612","5828499,919","13,33064","52,52725"
11417,200720,11,2,2010102,Mehringplatz,2019,10,13,7,2,1,5,0,1,1,0,0,0,0,0,"798291,3152","5825672,62","13,39525","52,49942"
11418,200721,11,2,2020203,Viktoriapark,2019,10,7,3,3,0,7,1,0,0,0,1,0,0,1,"797111,4904","5824745,129","13,37709","52,49175"
11419,200722,11,8,8010510,Gewerbegebiet Köllnische Heide,2019,10,10,6,3,2,6,0,0,1,0,0,1,0,0,"802056,6529","5822123,546","13,44734","52,46554"
11420,200723,11,10,10040830,Kaulsdorf Süd,2019,10,18,5,3,5,3,2,1,0,0,0,0,1,1,"810639,8182","5826003,194","13,57689","52,4955"
11421,200724,11,1,1044102,Schillerpark,2019,10,12,6,3,0,2,0,1,1,0,0,0,0,0,"795860,551","5832062,544","13,36523","52,55803"
11422,200725,11,4,4020209,Eichkamp,2019,10,7,2,3,2,6,0,1,1,0,0,0,0,0,"789504,5482","5825149,176","13,26572","52,49946"
11423,200726,11,10,10010309,Springpfuhl,2019,10,18,5,3,6,4,2,0,1,1,0,0,0,0,"807934,85","5829268,787","13,5402","52,5263"
11424,200727,11,8,8041039,Frauenviertel,2019,11,21,7,3,6,2,2,0,1,1,0,0,0,1,"806497,4522","5815419,516","13,50636","52,40299"
11425,200728,11,1,1011302,Oranienburger Straße,2019,10,16,7,3,6,4,0,1,0,1,0,0,0,0,"798016,8831","5828889,664","13,3941","52,52841"
11426,200729,11,1,1044103,Westliche Müllerstraße,2019,10,18,2,2,0,1,2,0,0,0,1,0,0,1,"794490,3807","5830681,135","13,34386","52,54639"
11427,200730,11,8,2020206,Graefekiez,2019,10,19,5,3,6,4,2,0,1,1,0,0,0,0,"800375,0484","5824520,516","13,42482","52,48795"
11428,200731,11,11,11030720,Herzbergstraße,2019,11,8,7,2,3,6,0,0,0,0,1,0,1,1,"805018,5994","5829961,172","13,49798","52,53414"
11429,200732,11,3,3010102,Buch,2019,10,17,7,3,2,4,2,0,1,1,0,0,0,0,"805360,0371","5841928,744","13,51403","52,64121"
11430,200733,11,1,1033101,Soldiner Straße,2019,10,10,4,3,2,2,0,0,1,0,0,0,0,0,"796165,1434","5832275,698","13,3699","52,55977"
11431,200734,11,12,12301204,Wittenau Nord,2019,10,8,4,2,5,2,0,0,1,0,0,0,0,0,"792646,8471","5835833,999","13,32129","52,59357"
11432,200735,11,1,1011201,Wilhelmstraße,2019,11,17,6,2,5,3,2,1,1,0,0,0,0,1,"796955,3758","5826855,715","13,37668","52,51076"
11433,200736,11,2,2010102,Mehringplatz,2019,10,18,6,3,1,5,2,1,1,0,0,0,0,0,"797992,2933","5826474,921","13,39158","52,50678"
11434,200737,11,9,9051901,Dammvorstadt,2019,10,11,3,2,6,4,0,0,0,1,0,1,0,0,"811007,8645","5821782,643","13,57836","52,45747"
11435,200738,11,1,1044201,Reinickendorfer Straße,2019,10,15,5,3,6,7,0,0,1,1,0,0,0,0,"795591,1786","5830809,248","13,36016","52,54694"
11436,200739,11,3,3020209,Niederschönhausen,2019,10,12,6,3,2,6,0,0,1,0,0,0,0,0,"798054,6107","5835828,995","13,40089","52,59059"
11437,200740,11,11,11040926,Weitlingstraße,2019,10,8,2,3,6,4,0,0,1,1,0,0,0,0,"806440,4184","5826889,92","13,51605","52,50582"
11438,200741,11,8,8010212,Rollberg,2019,10,10,5,2,5,5,0,0,1,0,1,0,0,0,"801056,1659","5823509,942","13,43391","52,47852"
11439,200742,11,3,3020203,Blankenfelde,2019,11,16,7,2,5,3,2,0,1,0,0,0,1,1,"797140,3172","5838891,198","13,39018","52,61854"
11440,200743,11,9,9020502,Oberschöneweide Ost,2019,10,15,7,3,0,6,0,0,0,0,1,0,1,0,"809558,5881","5821506,31","13,55684","52,45581"
11441,200744,11,7,7040405,Rathaus Tempelhof,2019,10,16,3,3,3,6,2,0,1,0,1,0,0,0,"798062,5046","5821899,69","13,38852","52,46573"
11442,200745,11,1,1011204,Leipziger Straße,2019,11,12,6,3,2,2,0,0,1,0,0,0,0,0,"797855,2477","5826858,219","13,38991","52,51029"
11443,200746,11,2,2010101,Askanischer Platz,2019,10,15,6,2,5,2,0,0,1,0,1,0,0,0,"797698,6187","5825812,174","13,38667","52,501"
11444,200747,11,2,2020204,Urbanstraße,2019,10,18,2,3,2,6,2,0,1,0,0,0,0,1,"798639,4642","5824687,859","13,39948","52,49041"
11445,200748,11,4,4041134,Bismarckallee,2019,10,7,4,3,1,6,0,0,1,0,0,0,1,0,"790698,6274","5824569,293","13,28276","52,49363"
11446,200749,11,9,9020501,Oberschöneweide West,2019,10,19,3,3,5,3,2,1,1,0,0,0,0,0,"806355,7324","5822134,691","13,51043","52,46325"
11447,200750,11,2,2010102,Mehringplatz,2019,11,14,6,3,5,3,0,1,1,0,0,0,0,0,"798668,4792","5826432,568","13,40147","52,50603"
11448,200751,11,8,8010508,Weiße Siedlung,2019,10,16,6,3,5,2,0,1,1,0,0,0,0,0,"803189,1687","5822738,882","13,46452","52,47043"
11449,200752,11,6,6020410,Oberhofer Platz,2019,10,13,2,3,0,2,0,1,1,0,0,0,0,1,"794321,8584","5817572,681","13,3298","52,42897"
11450,200753,11,8,8010303,Donaustraße,2019,10,13,5,3,1,5,0,1,1,0,0,0,1,0,"801243,4506","5823811,442","13,43693","52,48112"
11451,200754,11,1,1022206,Lüneburger Straße,2019,10,12,6,3,2,2,0,0,1,0,0,0,0,0,"796251,8713","5828496,738","13,36781","52,52585"
11452,200755,11,4,4061757,Forst Grunewald,2019,10,20,2,1,0,7,2,0,1,0,0,0,0,1,"788982,6565","5822251,24","13,25554","52,47376"
11453,200756,11,8,8010213,Körnerpark,2019,10,14,5,1,6,7,0,0,0,1,0,1,0,0,"801592,9434","5822558,458","13,44092","52,4697"
11454,200757,11,5,5020626,Adamstraße,2019,11,14,7,3,1,5,0,0,1,0,0,0,0,1,"784764,3827","5827169,804","13,19781","52,52008"
11455,200758,11,1,1033102,Gesundbrunnen,2019,10,21,7,3,1,5,2,0,1,0,0,0,1,0,"797467,9184","5831464,623","13,38834","52,55179"
11456,200759,11,2,2020206,Graefekiez,2019,10,12,3,3,5,2,0,1,1,0,0,0,0,0,"799078,3491","5824615,065","13,40586","52,48951"
11457,200760,11,11,11041128,Sewanstraße,2019,11,10,6,3,6,2,0,0,1,1,0,0,0,0,"805883,9948","5825863,228","13,50693","52,49693"
11458,200761,11,2,2030302,Lausitzer Platz,2019,10,14,6,3,1,5,0,0,1,0,0,0,0,0,"800690,3382","5826558,303","13,43129","52,50605"
11459,200762,11,8,8010508,Weiße Siedlung,2019,10,17,2,3,2,6,2,0,1,0,0,0,0,1,"802777,6297","5823387,819","13,45906","52,47648"
11460,200763,11,12,12103115,Breitkopfbecken,2019,10,7,5,3,2,6,0,0,1,0,0,0,0,0,"795401,8398","5834030,659","13,36024","52,57592"
11461,200764,11,2,2030402,Wrangelkiez,2019,10,4,1,3,1,5,2,0,1,0,0,0,0,0,"801733,0741","5825832,168","13,44594","52,49896"
11462,200765,11,1,1011202,Unter den Linden Nord,2019,10,14,4,3,3,6,0,0,1,0,0,0,0,0,"797734,1463","5827616,86","13,38881","52,51716"
11463,200766,11,2,2020202,Rathaus Yorckstraße,2019,10,12,5,3,0,5,0,1,1,0,0,0,0,0,"797569,1047","5825209,037","13,38423","52,49566"
11464,200767,11,1,1011305,Heine-Viertel West,2019,10,11,6,3,0,5,0,1,1,0,0,0,0,0,"799040,9321","5827077,151","13,40752","52,5116"
11465,200768,11,9,9010401,Johannisthal West,2019,10,13,1,3,5,3,0,1,1,0,0,0,0,0,"805814,123","5820339,766","13,50084","52,44747"
11466,200769,11,1,1011101,Stülerstraße,2019,10,17,4,3,5,2,2,1,1,0,0,0,0,0,"795230,5272","5826625,853","13,35114","52,50963"
11467,200770,11,4,4051448,Schaperstraße,2019,11,19,6,3,5,2,2,1,1,0,0,0,0,1,"793917,9272","5824957,728","13,33038","52,49539"
11468,200771,11,4,4051652,Nikolsburger Platz,2019,10,19,7,3,6,4,2,0,0,1,0,0,1,0,"793441,826","5824086,583","13,32262","52,48784"
11469,200772,11,5,5020625,Borkumer Straße,2019,10,10,3,3,5,3,0,0,1,0,1,0,0,0,"784134,27","5828729,93","13,18988","52,53439"
11470,200773,11,12,12103219,Schäfersee,2019,11,8,6,3,0,6,0,0,1,0,0,0,1,0,"795062,7316","5832467,535","13,35386","52,56209"
11471,200774,11,3,3061429,Greifswalder Straße,2019,10,13,6,3,5,3,0,0,1,0,0,0,1,0,"801906,1729","5830326,968","13,45257","52,53915"
11472,200775,11,10,10010102,Havemannstraße,2019,10,16,2,2,6,4,0,0,1,1,0,0,0,0,"809762,2803","5834464,449","13,57189","52,57182"
11473,200776,11,8,8020726,Buckow West,2019,10,10,5,3,0,1,0,1,0,0,0,0,0,0,"799563,3662","5816390,255","13,40561","52,41552"
11474,200777,11,12,12214421,Reinickes Hof,2019,10,14,7,3,5,3,0,0,1,0,0,0,0,0,"793125,0274","5833868,991","13,3266","52,5757"
11475,200778,11,11,11030720,Herzbergstraße,2019,10,11,4,3,1,5,0,0,1,0,0,0,0,0,"805192,0518","5829220,731","13,49985","52,52741"
11476,200779,11,4,4030519,Kaiserin-Augusta-Allee,2019,10,17,4,2,4,7,2,1,0,0,0,0,1,0,"791253,54","5828956,4","13,29475","52,53267"