,id,city,district,lor,street,year,month,hour,weekday,category,collision,movement,light_conditions,bicycle,car,pedestrian,motorbike,truck,other_vehicle,road_conditions,LINREFX,LINREFY,XGCSWGS84,YGCSWGS84
11477,200780,11,9,9041301,Kietzer Feld/Nachtheide,2019,11,18,6,2,5,2,2,0,1,0,1,0,0,0,"811761,438","5818271,175","13,58614","52,42557"
11478,200781,11,8,8020622,Parchimer Allee,2019,10,12,7,3,5,3,0,0,1,0,0,0,0,0,"801588,4907","5820150,019","13,43868","52,44811"
11479,200782,11,3,3040818,Pankow Süd,2019,10,17,3,2,0,7,2,1,0,0,0,0,0,0,"799476,3914","5833291,105","13,41952","52,56706"
11480,200783,11,4,4051446,Preußenpark,2019,11,18,6,3,5,3,2,1,1,0,0,0,0,1,"792912,178","5824395,732","13,31511","52,49089"
11481,200784,11,2,2050801,Traveplatz,2019,10,1,7,3,5,3,2,1,1,0,0,0,0,0,"803102,327","5827119,047","13,46722","52,50974"
11482,200785,11,5,5030730,Zitadellenweg,2019,10,6,3,3,5,2,1,1,1,0,0,0,0,0,"786645,3069","5829241,803","13,22724","52,53767"
11483,200786,11,3,3050919,Gustav-Adolf-Straße,2019,10,9,5,3,0,3,0,0,1,0,1,0,0,0,"800780,3715","5832464,909","13,43795","52,55894"
11484,200787,11,4,4051652,Nikolsburger Platz,2019,10,13,6,3,5,2,0,0,1,0,1,0,0,0,"793450,5777","5824353,441","13,32298","52,49022"
11485,200788,11,7,7050502,Fritz-Werner-Straße,2019,10,11,2,2,5,3,0,0,1,0,1,0,0,0,"797543,2582","5818305,609","13,37769","52,4338"
11486,200789,11,7,7020204,Schöneberger Insel,2019,10,19,5,3,6,4,2,1,0,1,0,0,0,0,"796039,0863","5823519,794","13,36026","52,48135"
11487,200790,11,8,8041038,Waßmannsdorfer Chaussee,2019,11,8,7,3,5,3,0,0,1,0,1,0,0,1,"805921,3755","5816218,958","13,49865","52,41047"
11488,200791,11,2,2050602,Samariterviertel,2019,10,17,7,3,5,2,2,1,1,0,0,0,0,0,"802636,038","5827910,317","13,46109","52,51709"
11489,200792,11,1,1011202,Unter den Linden Nord,2019,10,8,4,3,2,6,0,1,1,0,0,0,0,0,"797179,5752","5827492,875","13,38055","52,51635"
11490,200793,11,4,4051656,Hildegardstraße,2019,10,18,4,1,5,5,2,0,1,0,1,0,0,0,"793757,8731","5823089,38","13,32638","52,47873"
11491,200794,11,7,7030301,Friedenau,2019,11,16,6,3,5,3,2,1,1,0,0,0,0,0,"793754,8158","5822077,792","13,32545","52,46966"
11492,200795,11,10,10010308,Marzahner Chaussee,2019,10,17,6,3,0,3,1,0,1,0,0,0,1,0,"806310,981","5830175,027","13,51717","52,53533"
11493,200796,11,12,12301206,Lübars,2019,10,14,3,3,6,2,0,0,1,1,0,0,0,0,"794029,2009","5838135,186","13,34369","52,61346"
11494,200797,11,1,1011302,Oranienburger Straße,2019,10,15,5,3,3,6,0,1,1,0,0,0,0,0,"798579,2213","5828918,001","13,40239","52,52836"
11495,200798,11,4,4020310,Park Ruhwald,2019,10,11,6,3,5,7,0,0,1,0,0,0,0,0,"790249,744","5828028,306","13,27918","52,52488"
11496,200799,11,6,6030501,Berlepschstraße,2019,10,8,2,3,5,3,0,1,1,0,0,0,0,0,"788505,8321","5816873,118","13,2439","52,42579"
11497,200800,11,4,4041342,Schlangenbader Straße,2019,10,9,5,3,6,2,0,0,0,1,1,0,0,0,"791976,7164","5822376,98","13,29961","52,47329"
11498,200801,11,4,4031032,Halensee,2019,10,17,5,3,1,5,1,1,1,0,0,0,0,0,"791848,5583","5825272,007","13,30026","52,49932"
11499,200802,11,12,12214424,Scharnweberstraße,2019,10,9,6,3,6,2,0,0,1,1,0,0,0,0,"792561,4087","5832814,226","13,31737","52,56655"
11500,200803,11,11,11040925,Victoriastadt,2019,10,9,2,3,5,2,0,1,1,0,0,0,0,0,"803709,5786","5826763,361","13,47582","52,50621"
11501,200804,11,6,6030504,Teltower Damm,2019,10,16,5,2,6,4,2,0,1,1,0,0,0,1,"790140,2616","5815557,942","13,26673","52,41314"
11502,200805,11,6,6020303,Lankwitz Kirche,2019,11,22,7,3,5,3,2,1,1,0,0,0,0,1,"795143,3537","5818244,083","13,34244","52,43454"
11503,200806,11,5,5010206,Gütersloher Weg,2019,10,16,7,3,2,6,0,1,1,0,0,0,0,0,"782391,8917","5830484,7","13,16576","52,55103"
11504,200807,11,3,3010101,Bucher Forst,2019,10,5,4,3,6,6,2,0,1,1,0,0,0,0,"803177,2949","5841356,731","13,48134","52,6373"
11505,200808,11,8,8010509,Schulenburgpark,2019,10,17,3,3,6,4,2,0,0,1,1,0,0,0,"803331,5879","5822481,402","13,46637","52,46804"
11506,200809,11,12,12103219,Schäfersee,2019,11,14,6,3,6,4,0,0,1,1,0,0,0,0,"795165,2662","5832495,946","13,35539","52,56229"
11507,200810,11,4,4020313,Königin-Elisabeth-Straße,2019,10,16,6,3,5,2,0,1,0,0,0,0,1,0,"790493,7503","5826547,439","13,28147","52,51147"
11508,200811,11,12,12103115,Breitkopfbecken,2019,10,17,2,2,2,6,2,0,1,0,0,0,0,0,"795506,1855","5833434,726","13,36124","52,57052"
11509,200812,11,1,1022106,Elberfelder Straße,2019,10,13,5,3,0,1,0,0,0,0,1,0,0,0,"793991,6194","5827833,56","13,334","52,52113"
11510,200813,11,6,6020305,Gemeindepark Lankwitz,2019,10,8,6,3,2,6,0,0,1,0,0,0,0,0,"795654,5226","5816943,63","13,34879","52,42261"
11511,200814,11,12,12214527,Alt-Tegel,2019,10,17,1,3,2,6,2,0,1,0,0,0,0,0,"789874,9143","5835741,609","13,28041","52,59423"
11512,200815,11,4,4041343,Binger Straße,2019,10,19,4,3,6,2,2,0,1,1,0,0,0,0,"792670,019","5823057,226","13,31038","52,47902"
11513,200816,11,12,12301203,Wittenau Süd,2019,11,17,6,3,5,3,1,0,1,0,0,0,0,1,"792992,3033","5835645,553","13,32621","52,5917"
11514,200817,11,4,4051447,Ludwigkirchplatz,2019,10,14,7,3,0,7,0,0,0,0,0,0,1,0,"793400,8964","5825195,136","13,323","52,4978"
11515,200818,11,10,10020413,Gut Hellersdorf,2019,10,11,3,3,9,7,0,0,0,0,0,0,1,0,"811775,2797","5831465,037","13,59868","52,5438"
11516,200819,11,2,2050803,Stralauer Kiez,2019,11,10,6,3,2,2,0,0,1,0,0,0,0,0,"802446,4768","5826267,328","13,45682","52,50247"
11517,200820,11,2,2040701,Andreasviertel,2019,10,22,6,2,5,3,2,0,1,0,0,0,1,0,"800586,6249","5827028,739","13,43019","52,51032"
11518,200821,11,7,7070704,Nahariyastraße,2019,11,15,7,3,6,2,0,0,0,1,0,0,1,1,"800651,746","5814136,408","13,41954","52,39472"
11519,200822,11,9,9052001,Köpenick Nord,2019,10,14,7,3,5,3,0,0,1,0,0,0,0,0,"809220,8547","5823023,457","13,5533","52,4696"
11520,200823,11,7,7040404,Marienhöhe,2019,10,14,3,3,2,6,0,0,1,0,0,0,0,0,"796410,5697","5819759,128","13,36237","52,44744"
11521,200824,11,8,8020619,Buschkrugallee Nord,2019,11,10,6,2,2,6,0,0,1,0,1,0,0,0,"801565,7967","5820650,015","13,4388","52,45261"
11522,200825,11,11,11030619,Fennpfuhl Ost,2019,10,15,6,3,0,2,0,0,1,0,0,0,1,0,"803538,5047","5829731,344","13,47602","52,53291"
11523,200826,11,4,4020313,Königin-Elisabeth-Straße,2019,10,18,2,3,5,3,2,0,1,0,0,0,0,1,"790519,9564","5826494,613","13,28181","52,51099"
11524,200827,11,2,2050802,Boxhagener Platz,2019,10,12,5,3,2,6,0,0,1,0,0,0,0,0,"803038,1182","5826971,265","13,46615","52,50845"
11525,200828,11,2,2050803,Stralauer Kiez,2019,10,2,1,3,5,3,2,0,1,0,0,0,0,0,"802113,7322","5826365,461","13,45202","52,50353"
11526,200829,11,7,7030303,Grazer Platz,2019,10,16,4,3,5,2,0,0,1,0,1,0,0,0,"795416,4971","5820986,527","13,34887","52,45898"
11527,200830,11,12,12302110,Dannenwalder Weg,2019,11,18,6,3,6,2,2,0,1,1,0,0,0,1,"795269,5409","5836363,999","13,36037","52,59691"
11528,200831,11,4,4020311,Reichsstraße,2019,10,11,7,3,5,3,0,0,1,0,0,0,0,0,"789642,567","5826509,277","13,26893","52,51158"
11529,200832,11,9,9020701,Adlershof West,2019,10,10,3,3,1,5,0,1,1,0,0,0,1,0,"808625,1428","5818622,192","13,54049","52,43049"
11530,200833,11,2,2030402,Wrangelkiez,2019,11,1,6,2,5,5,2,0,1,0,0,0,0,0,"801687,2348","5825869,412","13,4453","52,49932"
11531,200834,11,2,2030402,Wrangelkiez,2019,10,19,6,3,5,7,2,1,1,0,0,0,0,0,"801679,9369","5825874,933","13,4452","52,49938"
11532,200835,11,1,1011302,Oranienburger Straße,2019,10,23,2,2,4,6,2,1,1,0,0,0,0,1,"797901,7387","5828522,794","13,39208","52,52519"
11533,200836,11,8,8030830,Gropiusstadt Süd,2019,10,22,5,3,1,5,2,0,1,0,0,0,0,0,"802463,9209","5817940,487","13,44953","52,42782"
11534,200837,11,6,6030610,Lichterfelde West,2019,10,17,2,3,5,3,2,0,1,0,0,0,0,1,"792410,7339","5817836,247","13,302","52,43236"
11535,200838,11,3,3061227,Humannplatz,2019,10,4,5,3,5,2,2,0,1,0,1,0,0,0,"799494,8286","5831770,177","13,41842","52,55342"
11536,200839,11,4,4051445,Eisenzahnstraße,2019,10,19,1,3,6,2,2,0,1,1,0,0,0,0,"792194,4105","5824737,689","13,30487","52,49434"
11537,200840,11,12,12103115,Breitkopfbecken,2019,10,13,4,3,2,6,0,0,1,0,0,0,0,0,"795413,3581","5834067,48","13,36044","52,57624"
11538,200841,11,9,9051901,Dammvorstadt,2019,11,21,6,2,0,1,2,1,0,0,0,0,0,1,"812039,819","5821397,372","13,59314","52,45343"
11539,200842,11,6,6020409,Königsberger Straße,2019,10,13,7,3,0,1,0,1,0,0,0,0,0,0,"793195,2119","5817486,798","13,3132","52,4288"
11540,200843,11,3,3071537,Kollwitzplatz,2019,10,8,3,3,5,2,0,1,1,0,0,0,0,0,"799785,6324","5829587,119","13,42073","52,53369"
11541,200844,11,1,1011202,Unter den Linden Nord,2019,10,17,5,3,5,3,2,1,1,0,0,0,0,0,"798548,3247","5827805,403","13,40094","52,5184"
11542,200845,11,5,5020625,Borkumer Straße,2019,10,10,2,3,5,2,0,1,1,0,0,0,0,0,"784551,7063","5828174,892","13,19555","52,5292"
11543,200846,11,5,5020419,Magistratsweg,2019,10,18,5,3,6,4,2,0,1,1,0,0,0,0,"781606,9658","5828424,264","13,15246","52,53296"
11544,200847,11,1,1044103,Westliche Müllerstraße,2019,11,0,7,3,2,6,2,0,1,0,0,0,0,1,"795190,0997","5831031,164","13,35446","52,54915"
11545,200848,11,4,4051448,Schaperstraße,2019,10,17,7,3,5,3,1,1,1,0,0,0,0,0,"794206,2843","5824955,356","13,33461","52,49521"
11546,200849,11,4,4030519,Kaiserin-Augusta-Allee,2019,10,8,4,3,2,6,0,0,1,0,0,0,1,0,"791238,1602","5828951,869","13,29452","52,53263"
11547,200850,11,12,12214125,Waldidyll/Flughafensee,2019,10,19,3,3,5,2,2,1,1,0,0,0,0,0,"789975,0747","5833680,452","13,28008","52,5757"
11548,200851,11,12,12103218,Teichstraße,2019,11,16,6,3,1,5,0,0,1,0,0,0,0,0,"794822,7921","5833366,786","13,35113","52,57028"
11549,200852,11,9,9052001,Köpenick Nord,2019,10,14,6,3,0,6,0,1,0,0,0,0,0,0,"811575,9133","5823108,873","13,58793","52,46903"
11550,200853,11,6,6020408,Lichterfelde Süd,2019,11,9,7,3,2,2,0,0,1,0,0,0,0,1,"792717,5044","5816241,905","13,30511","52,4179"
11551,200854,11,5,5020417,Staakener Straße,2019,10,17,7,3,0,7,1,1,1,0,0,0,0,0,"781739,1776","5828463,441","13,15444","52,53325"
11552,200855,11,6,6010210,Bismarckstraße,2019,10,10,4,3,5,3,0,0,1,0,0,0,0,0,"795189,6858","5821190,029","13,34572","52,46093"
11553,200856,11,1,1022206,Lüneburger Straße,2019,10,13,4,2,2,6,0,0,0,0,1,1,0,0,"796259,301","5828501,038","13,36792","52,52589"
11554,200857,11,2,2040701,Andreasviertel,2019,11,21,6,3,5,3,2,1,1,0,0,0,0,1,"800613,4675","5827116,752","13,43066","52,51109"
11555,200858,11,1,1011202,Unter den Linden Nord,2019,10,19,6,3,5,2,2,1,1,0,0,0,0,0,"797648,7189","5828129,82","13,38801","52,5218"
11556,200859,11,7,7040403,Manteuffelstraße,2019,10,12,3,2,5,3,0,1,0,0,1,0,0,0,"797705,5543","5822197,892","13,38354","52,4686"
11557,200860,11,11,11030619,Fennpfuhl Ost,2019,10,15,5,3,0,2,1,0,1,0,0,0,1,0,"803855,963","5829056,612","13,48007","52,52668"
11558,200861,11,4,4030519,Kaiserin-Augusta-Allee,2019,10,8,6,3,6,4,0,0,1,1,0,0,0,0,"792457,4185","5828245,645","13,31182","52,52565"
11559,200862,11,1,1033203,Humboldthain Nordwest,2019,10,8,2,3,5,3,0,1,1,0,0,0,0,0,"795738,5815","5829803,558","13,36143","52,53784"
11560,200863,11,1,1011302,Oranienburger Straße,2019,10,14,5,2,5,3,0,1,1,0,0,0,0,0,"798716,6772","5828797,41","13,4043","52,5272"
11561,200864,11,1,1044202,Sparrplatz,2019,11,17,7,3,2,2,2,0,1,0,0,0,0,1,"794961,5176","5830169,495","13,35033","52,54155"
11562,200865,11,1,1044101,Rehberge,2019,10,15,7,3,2,6,0,0,1,0,0,0,0,0,"794136,6063","5830069,65","13,33811","52,5411"
11563,200866,11,11,11020516,Weiße Taube,2019,10,16,3,3,5,2,1,1,0,0,0,0,1,0,"806179,0321","5830425,853","13,51546","52,53766"
11564,200867,11,4,4051446,Preußenpark,2019,11,13,6,3,5,3,0,1,1,0,0,0,0,0,"792911,9613","5824396,112","13,31511","52,4909"
11565,200868,11,8,8030829,Gropiusstadt Nord,2019,10,15,6,2,5,3,0,0,1,0,1,0,0,0,"803157,712","5818432,57","13,46015","52,43185"
11566,200869,11,1,1011203,Unter den Linden Süd,2019,10,18,2,3,1,5,2,1,1,0,0,0,0,1,"798002,3069","5827389,997","13,39254","52,51498"
11567,200870,11,9,9020501,Oberschöneweide West,2019,10,8,5,3,5,2,0,1,1,0,0,0,0,0,"806455,9138","5822104,697","13,51188","52,46292"
11568,200871,11,4,4041136,Hagenplatz,2019,10,8,6,3,5,2,0,1,1,0,0,0,0,0,"790732,265","5823473,343","13,28229","52,48379"
11569,200872,11,11,11040925,Victoriastadt,2019,10,13,1,3,2,6,0,1,1,0,0,0,0,0,"803868,9361","5826822,86","13,47822","52,50666"
11570,200873,11,3,3030406,Alt-Karow,2019,10,6,2,3,5,2,0,1,1,0,0,0,0,0,"803364,647","5838250,406","13,48125","52,60936"
11571,200874,11,3,3010102,Buch,2019,10,10,5,3,0,1,0,0,1,0,0,0,0,0,"804376,4145","5841199,153","13,49886","52,63522"
11572,200875,11,7,7040401,Neu-Tempelhof,2019,10,7,6,3,6,2,0,0,1,1,0,0,0,0,"797291,3477","5822595,909","13,37782","52,47239"
11573,200876,11,5,5020625,Borkumer Straße,2019,10,5,2,3,2,6,1,0,1,0,0,0,0,0,"784713,4409","5828562,663","13,19826","52,53259"
11574,200877,11,2,2010102,Mehringplatz,2019,10,19,5,3,1,5,2,1,0,0,0,0,1,0,"798242,6948","5826010,181","13,39484","52,50248"
11575,200878,11,7,7020204,Schöneberger Insel,2019,11,15,7,3,6,4,0,0,1,1,0,0,0,1,"796533,8587","5823967,767","13,36792","52,4851"
11576,200879,11,7,7010101,Wittenbergplatz/Viktoria-Luise-Platz,2019,10,14,7,3,0,5,0,1,0,0,1,0,0,0,"794642,8383","5825743,445","13,34172","52,50204"
11577,200880,11,3,3020307,Buchholz,2019,10,13,3,3,2,6,0,0,1,0,0,0,0,0,"800193,878","5836563,441","13,43304","52,596"
11578,200881,11,6,6010101,Fichtenberg,2019,11,10,6,3,2,6,0,0,1,0,0,0,0,0,"793509,5507","5820610,857","13,32056","52,45664"
11579,200882,11,5,5010314,Carl-Schurz-Straße,2019,10,15,6,2,0,2,0,0,1,0,0,0,1,0,"784783,2326","5828813,675","13,1995","52,5348"
11580,200883,11,3,3071536,Teutoburger Platz,2019,10,17,2,3,5,3,2,0,1,0,0,0,0,1,"799218,9776","5829267,878","13,41211","52,53114"
11581,200884,11,6,6010209,Feuerbachstraße,2019,10,7,5,3,2,6,0,0,1,0,0,0,0,1,"794053,9189","5821008,487","13,3289","52,45991"
11582,200885,11,2,2010102,Mehringplatz,2019,10,1,1,3,5,2,2,0,1,0,0,0,0,0,"798215,2303","5825860,673","13,3943","52,50115"
11583,200886,11,9,9020701,Adlershof West,2019,10,15,4,3,5,2,0,0,1,0,0,0,0,0,"807713,4615","5818118,863","13,52666","52,4265"
11584,200887,11,7,7010103,Barbarossaplatz,2019,11,18,6,3,2,2,2,1,1,0,0,0,0,1,"795221,9977","5824488,663","13,34912","52,49048"
11585,200888,11,4,4041134,Bismarckallee,2019,10,0,7,2,1,5,2,1,1,0,0,0,0,0,"790858,6792","5824502,071","13,28505","52,49294"
11586,200889,11,4,4030726,Droysenstraße,2019,10,20,4,3,5,3,1,0,1,0,0,0,0,0,"792090,9042","5825307,878","13,30385","52,49951"
11587,200890,11,1,1033203,Humboldthain Nordwest,2019,11,20,6,3,5,3,2,0,1,0,0,0,0,1,"796806,9472","5831270,429","13,37845","52,55041"
11588,200891,11,7,7040404,Marienhöhe,2019,10,20,7,3,1,7,2,0,1,0,0,0,0,0,"797083,0069","5820484,097","13,37288","52,45357"
11589,200892,11,8,8020727,Buckow Mitte,2019,10,16,3,3,0,3,0,0,0,0,1,0,1,1,"801514,4451","5817626,549","13,43532","52,42553"
11590,200893,11,7,7020203,Kaiser-Wilhelm-Platz,2019,11,9,6,3,2,2,0,0,1,0,0,0,0,0,"795434,7478","5824426,855","13,35219","52,48981"
11591,200894,11,12,12214424,Scharnweberstraße,2019,10,14,6,3,5,7,0,0,1,0,1,0,0,0,"793104,596","5832646,916","13,32521","52,56476"
11592,200895,11,8,8010117,Schillerpromenade,2019,10,16,2,3,3,6,0,0,1,0,1,0,0,0,"800523,1407","5823413,835","13,42599","52,47795"
11593,200896,11,9,9010301,Baumschulenstraße,2019,10,10,5,3,3,6,0,0,1,0,0,0,0,0,"804453,3185","5821832,963","13,48224","52,46161"
11594,200897,11,8,8020625,Handwerker-Siedlung,2019,10,12,7,3,5,3,0,1,1,0,0,0,0,0,"801509,0479","5819224,169","13,43668","52,43986"
11595,200898,11,1,1011302,Oranienburger Straße,2019,10,12,4,3,6,4,0,0,1,1,0,0,0,0,"798689,5434","5828337,196","13,40349","52,52309"
11596,200899,11,9,9031101,Grünau,2019,10,17,4,2,0,6,2,0,0,0,1,0,1,0,"810271,7156","5817601,982","13,56368","52,42042"
11597,200900,11,2,2010104,Wassertorplatz,2019,11,23,6,3,2,6,2,0,1,0,0,0,0,1,"799790,4627","5825718,124","13,41731","52,49901"
11598,200901,11,10,10020517,Adele-Sandrock-Straße,2019,10,12,7,3,0,5,0,0,1,0,1,0,0,0,"812383,0188","5830461,381","13,60667","52,53445"
11599,200902,11,6,6040804,Krumme Lanke,2019,10,8,3,3,5,3,0,1,1,0,0,0,0,1,"787478,7932","5817705,579","13,22955","52,4338"
11600,200903,11,4,4031032,Halensee,2019,10,17,5,3,6,4,2,0,1,1,0,0,0,0,"791425,9044","5825065,636","13,29387","52,49769"
11601,200904,11,3,3030405,Karow Nord,2019,10,7,6,3,7,7,1,0,0,0,1,0,0,0,"803738,1755","5838767,043","13,48723","52,61378"
11602,200905,11,10,10030727,Biesdorf Süd,2019,10,9,2,3,5,2,0,0,1,0,1,0,0,0,"809720,3354","5826204,999","13,56358","52,49783"
11603,200906,11,1,1011204,Leipziger Straße,2019,10,9,3,3,5,2,0,1,0,0,0,0,0,0,"798619,3621","5826919,148","13,40119","52,51042"
11604,200907,11,4,4030828,Savignyplatz,2019,10,9,5,3,1,5,0,1,1,0,0,0,0,0,"793288,3397","5826150,346","13,32218","52,50642"
11605,200908,11,10,10040933,Mahlsdorf Süd,2019,10,16,6,3,0,1,0,1,0,0,0,0,0,0,"813070,6194","5826639,624","13,61318","52,49981"
11606,200909,11,8,8010510,Gewerbegebiet Köllnische Heide,2019,10,11,2,3,3,6,0,0,1,0,0,0,0,0,"802636,3606","5823041,539","13,45668","52,47345"
11607,200910,11,10,10020414,Helle Mitte,2019,10,19,5,3,6,4,2,0,1,1,0,0,0,0,"812033,074","5830790,045","13,60184","52,5376"
11608,200911,11,3,3061228,Erich-Weinert-Straße,2019,11,8,7,3,5,2,1,1,1,0,0,0,0,1,"800321,1097","5831579,784","13,4304","52,55126"
11609,200912,11,3,3050920,Weißer See,2019,10,17,7,3,1,5,0,1,1,0,0,0,0,0,"802313,2779","5831899,236","13,45998","52,55302"
11610,200913,11,9,9010302,Späthsfelde,2019,10,10,4,3,4,7,0,0,1,0,0,0,1,0,"805447,3099","5820488,705","13,4956","52,44901"
11611,200914,11,7,7030303,Grazer Platz,2019,10,8,4,3,6,2,0,0,1,1,0,0,0,0,"795239,1515","5822271,429","13,34741","52,47059"
11612,200915,11,11,11020411,Malchower Weg,2019,11,22,6,2,5,3,2,0,1,0,1,0,0,1,"805963,6403","5832532,43","13,51424","52,55666"
11613,200916,11,10,10020517,Adele-Sandrock-Straße,2019,10,18,6,3,2,6,1,0,1,0,0,0,0,0,"813391,5313","5830122,898","13,62117","52,53084"
11614,200917,11,6,6030607,Goerzwerke,2019,10,8,3,2,5,3,0,0,1,0,0,0,1,0,"790867,7157","5815636,884","13,27746","52,41346"
11615,200918,11,6,6020306,Lankwitz Süd,2019,10,15,5,3,5,3,0,0,1,0,0,0,0,0,"796239,8333","5817016,62","13,35744","52,42295"
11616,200919,11,7,7020202,Volkspark (Rudolf-Wilde-Park),2019,10,7,6,3,2,6,0,0,1,0,0,0,0,0,"795013,9041","5823241,555","13,34496","52,47941"
11617,200920,11,12,12302110,Dannenwalder Weg,2019,10,8,2,3,2,6,0,0,1,0,0,0,0,0,"794733,5274","5836284,457","13,35241","52,59648"
11618,200921,11,10,10010310,Alt-Marzahn,2019,10,1,5,2,2,3,2,0,1,0,0,0,0,0,"808495,3235","5831147,436","13,55018","52,54282"
11619,200922,11,1,1022206,Lüneburger Straße,2019,11,16,7,3,5,3,0,0,1,0,0,0,1,1,"795726,5363","5828198,358","13,35982","52,52346"
11620,200923,11,1,1022106,Elberfelder Straße,2019,10,15,7,2,6,2,0,0,1,1,0,0,0,0,"794210,0106","5828326,643","13,33765","52,52543"
11621,200924,11,10,10020413,Gut Hellersdorf,2019,10,14,3,3,6,6,0,1,0,1,0,0,0,0,"811674,311","5831506,565","13,59724","52,54423"
11622,200925,11,8,8010117,Schillerpromenade,2019,10,19,5,2,5,5,2,0,1,0,1,0,0,0,"800550,5975","5823327,892","13,42632","52,47717"
11623,200926,11,4,4030828,Savignyplatz,2019,11,20,7,3,2,6,2,0,1,0,0,0,0,1,"793379,9684","5826089,269","13,32348","52,50582"
11624,200927,11,7,7010102,Nollendorfplatz,2019,10,16,7,3,6,7,0,1,0,1,0,0,0,0,"795607,5901","5824986,034","13,35522","52,49473"
11625,200928,11,3,3030716,Märchenland,2019,10,7,4,3,2,6,0,0,1,0,0,0,0,1,"803576,5568","5833492,571","13,48001","52,5666"
11626,200929,11,11,11040926,Weitlingstraße,2019,10,18,3,3,0,1,2,0,0,0,1,0,0,0,"804905,98","5826256,179","13,49293","52,501"
11627,200930,11,1,1011102,Großer Tiergarten,2019,10,9,6,3,5,7,0,0,1,0,1,0,0,0,"796671,3146","5827620,679","13,37319","52,51777"
11628,200931,11,7,7040403,Manteuffelstraße,2019,11,15,6,3,5,3,0,1,1,0,0,0,0,0,"797277,7836","5821223,949","13,3764","52,4601"
11629,200932,11,9,9030903,Kölner Viertel,2019,10,16,6,3,6,4,0,0,0,1,0,0,1,0,"808721,9464","5815559,018","13,53908","52,40299"
11630,200933,11,4,4020310,Park Ruhwald,2019,10,20,2,3,5,3,2,0,1,0,0,0,0,1,"790354,2491","5827309,282","13,28009","52,51838"
11631,200934,11,6,6030606,Hindenburgdamm,2019,10,13,5,3,5,3,0,1,1,0,0,0,0,0,"793241,7988","5819537,451","13,31569","52,44716"
11632,200935,11,5,5040936,Jägerallee,2019,10,3,6,3,9,1,2,0,1,0,0,0,0,1,"780636,472","5821693,056","13,13252","52,47311"
11633,200936,11,7,7010102,Nollendorfplatz,2019,10,18,1,3,2,2,2,0,1,0,0,0,0,0,"795444,0425","5824984,665","13,35282","52,49481"
11634,200937,11,9,9041301,Kietzer Feld/Nachtheide,2019,10,6,4,3,5,3,2,1,1,0,0,0,0,0,"812301,0049","5819155,929","13,59488","52,43319"
11635,200938,11,2,2040502,Friedenstraße,2019,10,9,6,3,2,6,0,1,1,0,0,0,0,0,"800751,5624","5828096,969","13,43358","52,5198"
11636,200939,11,2,2050802,Boxhagener Platz,2019,11,12,7,3,5,3,0,0,1,0,0,0,0,1,"802589,5722","5826886,097","13,45948","52,50793"
11637,200940,11,4,4030725,Amtsgerichtsplatz,2019,10,21,7,3,0,1,2,0,0,0,0,0,1,0,"791945,6644","5826112,864","13,30243","52,5068"
11638,200941,11,1,1011202,Unter den Linden Nord,2019,10,11,3,3,5,3,0,1,0,0,1,0,0,0,"798068,9871","5827870,391","13,39395","52,51925"
11639,200942,11,2,2040701,Andreasviertel,2019,11,10,6,3,2,2,0,1,1,0,0,0,0,0,"800514,0208","5827088,853","13,42917","52,5109"
11640,200943,11,2,2030302,Lausitzer Platz,2019,10,14,6,3,2,7,0,1,1,0,0,0,0,0,"801458,5014","5826068,898","13,44213","52,50124"
11641,200944,11,7,7050501,Rathausstraße,2019,10,17,2,3,0,5,2,1,1,0,0,0,0,1,"797665,3027","5819592,478","13,38063","52,44526"
11642,200945,11,3,3061429,Greifswalder Straße,2019,10,7,5,3,2,6,0,0,1,0,0,0,0,0,"801609,2845","5830154,862","13,44805","52,53778"
11643,200946,11,5,5010208,Germersheimer Platz,2019,10,15,6,3,2,6,0,0,1,0,0,0,0,0,"783665,723","5829668,063","13,18379","52,54305"
11644,200947,11,12,12214125,Waldidyll/Flughafensee,2019,11,11,6,3,2,6,0,0,0,0,0,0,1,0,"791056,3127","5834262,912","13,2965","52,58034"
11645,200948,11,4,4030930,George-Grosz-Platz,2019,10,15,6,3,5,3,0,1,1,0,0,0,0,0,"793131,0654","5825593,727","13,31938","52,50151"
11646,200949,11,2,2010101,Askanischer Platz,2019,10,18,2,3,2,6,2,0,1,0,0,0,0,1,"797857,7792","5825639,013","13,38885","52,49936"
11647,200950,11,3,3050919,Gustav-Adolf-Straße,2019,10,7,5,3,5,3,0,1,1,0,0,0,0,0,"801938,3654","5832579,454","13,45509","52,55932"
11648,200951,11,4,4010101,Jungfernheide,2019,10,0,6,3,5,2,2,0,1,0,0,0,0,0,"791217,139","5829730,951","13,29489","52,53963"
11649,200952,11,1,1011401,Invalidenstraße,2019,10,11,1,3,0,1,0,0,0,0,1,0,0,1,"797360,3124","5829139,864","13,38468","52,53101"