,id,city,district,lor,street,year,month,hour,weekday,category,collision,movement,light_conditions,bicycle,car,pedestrian,motorbike,truck,other_vehicle,road_conditions,LINREFX,LINREFY,XGCSWGS84,YGCSWGS84
11650,200953,11,4,4030931,Breitscheidplatz,2019,10,16,4,3,5,7,1,0,1,0,0,0,0,0,"793526,1234","5825847,236","13,32541","52,50357"
11651,200954,11,10,10020414,Helle Mitte,2019,10,17,5,2,1,4,1,1,1,1,0,0,0,0,"812047,5876","5830713,696","13,60198","52,53691"
11652,200955,11,1,1044203,Leopoldplatz,2019,11,19,6,3,2,6,2,0,1,0,0,0,0,1,"795193,9415","5831363,78","13,35481","52,55213"
11653,200956,11,4,4051551,Brabanter Platz,2019,10,12,7,3,5,7,0,0,1,0,0,0,0,0,"793321,2682","5823546,891","13,32038","52,48306"
11654,200957,11,4,4020311,Reichsstraße,2019,10,10,3,3,5,2,0,1,1,0,0,0,0,1,"789118,0252","5826933,112","13,26159","52,51566"
11655,200958,11,10,10040828,Kaulsdorf Nord,2019,10,21,5,3,5,3,2,0,1,0,0,0,0,0,"811899,8992","5829748,123","13,5989","52,52834"
11656,200959,11,3,3061441,Eldenaer Straße,2019,11,7,6,3,5,2,1,1,1,0,0,0,0,0,"802379,3675","5828837,982","13,45817","52,52555"
11657,200960,11,1,1011203,Unter den Linden Süd,2019,10,21,6,3,8,1,2,0,0,0,0,0,1,0,"798181,3617","5827115,571","13,39493","52,51242"
11658,200961,11,4,4030929,Hindemithplatz,2019,10,15,2,3,5,5,0,0,1,0,0,0,1,0,"792717,6836","5825847,086","13,31353","52,50401"
11659,200962,11,2,2010102,Mehringplatz,2019,10,7,5,3,5,2,0,1,1,0,0,0,0,0,"798643,8087","5826461,002","13,40114","52,5063"
11660,200963,11,9,9020701,Adlershof West,2019,10,18,5,3,5,2,0,1,1,0,0,0,0,0,"809339,4675","5818507,65","13,55085","52,42906"
11661,200964,11,8,8010118,Silbersteinstraße,2019,10,17,7,3,0,6,1,0,1,0,1,0,0,0,"801070,5439","5821996,558","13,43275","52,46495"
11662,200965,11,1,1033101,Soldiner Straße,2019,10,11,4,3,5,3,0,1,1,0,0,0,0,0,"797686,2746","5832849,581","13,39279","52,56409"
11663,200966,11,10,10030724,Oberfeldstraße,2019,10,18,5,2,5,2,2,1,1,0,0,0,0,1,"809584,7314","5828543,314","13,56376","52,51886"
11664,200967,11,5,5010208,Germersheimer Platz,2019,10,13,4,2,5,2,0,1,1,0,0,0,0,0,"783720,7456","5830619,093","13,18542","52,55155"
11665,200968,11,1,1011203,Unter den Linden Süd,2019,10,16,5,3,1,5,0,1,1,0,0,0,0,0,"797748,9179","5827525,909","13,38894","52,51633"
11666,200969,11,3,3040614,Pankow Zentrum,2019,10,16,5,2,3,5,0,1,1,0,0,0,0,0,"798706,3727","5833105,259","13,40803","52,56582"
11667,200970,11,2,2040502,Friedenstraße,2019,10,20,1,3,5,3,2,0,1,0,0,0,0,0,"801249,1253","5827829,513","13,44064","52,51713"
11668,200971,11,12,12231101,Hermsdorf,2019,10,14,4,3,2,6,0,0,1,0,0,0,0,0,"790958,0077","5837963,688","13,29831","52,61357"
11669,200972,11,12,12224230,Heiligensee,2019,10,16,5,3,2,6,0,0,1,0,0,0,1,0,"787525,3191","5836370,421","13,24636","52,60111"
11670,200973,11,9,9051901,Dammvorstadt,2019,10,15,5,3,3,6,0,0,0,0,0,0,1,0,"811024,6439","5821818,266","13,57864","52,45778"
11671,200974,11,4,4020310,Park Ruhwald,2019,11,17,6,3,3,6,2,0,1,0,0,0,0,1,"790522,5933","5827329,191","13,28258","52,51847"
11672,200975,11,8,8020625,Handwerker-Siedlung,2019,10,13,7,3,2,2,0,0,1,0,1,0,0,0,"801385,5713","5819264,264","13,43491","52,44028"
11673,200976,11,8,8041035,Blumenviertel,2019,10,7,3,3,5,3,0,1,1,0,0,0,0,1,"803809,7628","5818819,131","13,47006","52,43495"
11674,200977,11,9,9030903,Kölner Viertel,2019,10,15,5,3,5,3,0,0,1,0,0,0,0,0,"809246,2825","5815356,658","13,54658","52,40088"
11675,200978,11,7,7030302,Ceciliengärten,2019,10,7,5,3,5,2,0,1,1,1,0,0,0,0,"794419,1576","5821933,398","13,33507","52,46801"
11676,200979,11,8,8010214,Glasower Straße,2019,10,13,6,3,5,3,0,0,1,0,1,0,0,0,"801344,4738","5822036,931","13,43681","52,46516"
11677,200980,11,3,3030715,Heinersdorf,2019,10,10,2,3,6,4,0,1,0,1,0,0,0,0,"800107,3341","5832746,795","13,42831","52,56184"
11678,200981,11,6,6010206,Stadtpark,2019,10,18,5,3,1,5,2,1,1,0,0,0,0,0,"794470,7685","5820130,043","13,33424","52,45181"
11679,200982,11,4,4051551,Brabanter Platz,2019,11,5,7,3,0,1,2,0,1,0,0,0,0,1,"792880,1241","5823287,539","13,31367","52,48097"
11680,200983,11,3,3020209,Niederschönhausen,2019,10,17,7,3,5,7,0,0,1,0,0,0,1,0,"797545,409","5834854,877","13,39252","52,58214"
11681,200984,11,11,11040926,Weitlingstraße,2019,10,8,4,3,2,6,0,1,1,0,0,0,0,0,"804745,3357","5826516,906","13,49081","52,50343"
11682,200985,11,8,8010303,Donaustraße,2019,10,22,3,3,5,7,2,0,1,0,0,0,0,0,"800362,7307","5824342,815","13,42448","52,48637"
11683,200986,11,4,4030828,Savignyplatz,2019,11,16,6,3,5,3,1,0,1,0,0,0,0,0,"792859,5145","5826107,347","13,31585","52,50626"
11684,200987,11,11,11010310,Mühlengrund,2019,10,17,6,3,2,6,0,0,1,0,0,0,0,0,"805214,3543","5833155,121","13,50379","52,56266"
11685,200988,11,7,7020204,Schöneberger Insel,2019,10,17,3,3,0,7,1,0,0,1,0,0,1,0,"796314,4396","5823017,067","13,36385","52,4767"
11686,200989,11,1,1011303,Alexanderplatzviertel,2019,10,14,5,3,5,5,0,1,1,0,0,0,0,0,"798498,8585","5828173,863","13,40054","52,52173"
11687,200990,11,8,8020625,Handwerker-Siedlung,2019,10,11,6,3,6,4,0,0,1,1,0,0,0,0,"802184,2326","5818939,747","13,44633","52,43694"
11688,200991,11,4,4051654,Wilhelmsaue,2019,11,16,7,3,6,4,0,0,1,1,0,0,0,0,"793374,2648","5823924,124","13,32149","52,48642"
11689,200992,11,8,8010214,Glasower Straße,2019,11,20,6,3,8,1,2,0,1,0,0,0,0,1,"801811,4199","5821965,896","13,4436","52,46427"
11690,200993,11,6,6040807,Zehlendorf Eiche,2019,10,12,7,3,0,2,0,1,1,0,0,0,0,0,"789609,727","5818715,281","13,26168","52,44173"
11691,200994,11,8,8010214,Glasower Straße,2019,11,22,7,3,5,3,2,0,1,0,0,0,0,1,"801745,8974","5822047,767","13,44271","52,46504"
11692,200995,11,10,10020623,Rotes Viertel,2019,10,13,3,2,6,2,0,0,1,1,0,0,0,0,"811293,9887","5829137,05","13,58943","52,52321"
11693,200996,11,4,4051551,Brabanter Platz,2019,11,22,7,3,5,2,2,0,1,0,0,0,0,1,"793330,186","5823361,992","13,32034","52,4814"
11694,200997,11,11,11051330,Karlshorst West,2019,10,16,5,3,2,6,2,0,1,0,0,0,0,0,"807186,5496","5825592,975","13,52581","52,49378"
11695,200998,11,3,3030406,Alt-Karow,2019,10,10,6,3,5,3,0,0,1,0,0,0,1,0,"802352,8143","5838820,814","13,46688","52,61503"
11696,200999,11,8,8020622,Parchimer Allee,2019,11,12,7,3,3,6,0,0,1,0,0,0,1,1,"801378,9291","5819320,996","13,43486","52,4408"
11697,201000,11,11,11041128,Sewanstraße,2019,11,12,7,3,5,3,0,1,1,0,0,0,0,0,"806908,0905","5825961,361","13,52206","52,49723"
11698,201001,11,2,2050802,Boxhagener Platz,2019,10,8,2,3,5,3,0,0,1,0,1,0,0,0,"802080,238","5827361,373","13,45243","52,51248"
11699,201002,11,7,7060603,Marienfelde Nordost,2019,10,16,5,2,5,3,0,1,1,0,0,0,0,0,"798045,7981","5815806,829","13,38284","52,41112"
11700,201003,11,12,12103218,Teichstraße,2019,11,11,7,2,5,7,0,0,1,0,1,0,0,1,"794867,5928","5833751,858","13,35213","52,57371"
11701,201004,11,9,9051901,Dammvorstadt,2019,11,11,7,2,3,2,0,0,1,0,0,0,1,0,"810605,9524","5821049,194","13,57178","52,45112"
11702,201005,11,12,12304313,Borsigwalde,2019,11,17,7,3,6,4,2,0,1,1,0,0,0,1,"791922,7503","5834704,998","13,30964","52,58384"
11703,201006,11,4,4030930,George-Grosz-Platz,2019,10,16,7,3,1,5,0,1,1,0,0,0,0,0,"792770,8762","5825497,129","13,31401","52,50084"
11704,201007,11,8,8041037,Alt-Rudow,2019,10,6,4,3,5,3,2,1,1,0,0,0,0,1,"805585,5235","5818605,401","13,4959","52,43205"
11705,201008,11,7,7010104,Dennewitzplatz,2019,11,11,7,3,0,2,0,0,1,0,1,0,0,1,"796024,5437","5824497,214","13,36091","52,49012"
11706,201009,11,12,12103117,Letteplatz,2019,10,17,3,3,0,3,2,0,1,0,1,0,1,0,"796479,9708","5832475,367","13,37471","52,56139"
11707,201010,11,3,3061131,Falkplatz,2019,11,11,7,3,0,2,0,1,1,0,0,0,0,1,"799177,295","5831110,598","13,41316","52,54768"
11708,201011,11,11,11030720,Herzbergstraße,2019,10,17,5,3,6,4,0,0,1,1,0,0,0,0,"804884,9044","5829950,511","13,496","52,53412"
11709,201012,11,6,6030609,Augustaplatz,2019,11,14,6,3,1,5,0,1,1,0,0,0,0,0,"793196,5173","5818274,011","13,31391","52,43586"
11710,201013,11,5,5010101,Hakenfelde Nord,2019,10,16,6,3,0,4,0,0,0,1,0,0,1,0,"784409,3102","5831911,731","13,19665","52,56278"
11711,201014,11,10,10020414,Helle Mitte,2019,11,10,7,3,5,3,0,0,1,0,0,0,0,1,"812073,1226","5830620,412","13,60227","52,53606"
11712,201015,11,3,3040508,Rosenthal,2019,10,19,2,3,5,3,2,1,1,0,0,0,0,0,"795881,7358","5836453,646","13,36946","52,59738"
11713,201016,11,11,11030721,Rüdigerstraße,2019,10,8,5,3,1,5,0,1,1,0,0,0,0,0,"803442,4116","5828350,331","13,47334","52,52058"
11714,201017,11,2,2030302,Lausitzer Platz,2019,10,10,6,3,1,5,0,0,1,0,0,0,0,0,"800854,7898","5826248,451","13,43342","52,50318"
11715,201018,11,12,12302109,Treuenbrietzener Straße,2019,11,10,7,3,5,3,0,0,1,0,0,0,0,1,"795592,5047","5837236,446","13,36591","52,60455"
11716,201019,11,9,9020701,Adlershof West,2019,11,10,7,3,5,2,0,0,1,0,0,0,0,1,"807225,3424","5818280,221","13,51965","52,42822"
11717,201020,11,6,6040702,Düppel,2019,10,16,1,3,0,3,0,1,1,0,0,0,0,1,"787184,9471","5816769,894","13,22443","52,42556"
11718,201021,11,6,6040804,Krumme Lanke,2019,10,18,4,3,5,2,2,0,1,0,0,0,0,1,"788144,046","5818738,087","13,2402","52,44271"
11719,201022,11,6,6040810,Dahlem,2019,11,10,7,3,0,3,0,0,0,0,1,0,1,1,"792393,1478","5821145,686","13,30464","52,46203"
11720,201023,11,1,1011301,Charitéviertel,2019,10,15,5,3,1,5,0,1,1,0,0,0,0,0,"797575,9622","5828573,973","13,38734","52,52582"
11721,201024,11,1,1011201,Wilhelmstraße,2019,11,15,6,3,5,2,1,1,0,0,0,0,1,0,"796966,4692","5826853,531","13,37685","52,51073"
11722,201025,11,4,4041344,Rüdesheimer Platz,2019,10,20,7,3,0,7,1,0,1,0,0,0,0,0,"792989,2383","5822294,731","13,3144","52,47202"
11723,201026,11,2,2010102,Mehringplatz,2019,11,7,3,3,6,4,0,1,0,1,0,0,0,0,"798327,0255","5825636,6","13,39574","52,49908"
11724,201027,11,7,7040405,Rathaus Tempelhof,2019,11,6,3,2,1,7,1,0,1,0,0,0,1,0,"798037,5756","5821128,032","13,38746","52,45883"
11725,201028,11,6,6030504,Teltower Damm,2019,11,14,3,2,1,5,0,0,1,0,0,0,0,0,"788994,3993","5816537,487","13,25077","52,42253"
11726,201029,11,12,12214528,Tegeler Forst,2019,11,13,3,3,3,6,0,1,1,0,0,0,0,0,"787806,4052","5835684,933","13,24991","52,59482"
11727,201030,11,1,1011104,Körnerstraße,2019,11,13,3,3,0,2,0,1,1,0,0,0,0,0,"796643,0025","5825782,296","13,37114","52,50131"
11728,201031,11,1,1044102,Schillerpark,2019,11,11,3,3,5,7,0,0,1,0,0,0,0,0,"794950,3856","5831346,616","13,35121","52,5521"
11729,201032,11,1,1011204,Leipziger Straße,2019,11,9,3,3,5,2,0,1,1,0,0,0,0,0,"797837,5847","5826968,664","13,38975","52,51129"
11730,201033,11,12,12103218,Teichstraße,2019,11,18,3,3,5,2,2,0,1,0,1,0,0,0,"794815,0854","5833276,859","13,35094","52,56948"
11731,201034,11,12,12214125,Waldidyll/Flughafensee,2019,11,18,3,3,2,6,2,0,1,0,0,0,1,0,"791042,5408","5833865,552","13,29595","52,57679"
11732,201035,11,10,10040830,Kaulsdorf Süd,2019,11,18,3,3,5,2,2,1,1,0,0,0,0,0,"810593,5743","5825392,901","13,57565","52,49006"
11733,201036,11,9,9041601,Müggelheim,2019,11,17,3,3,6,2,2,0,1,1,0,0,0,0,"816565,5398","5817456,5","13,65579","52,41551"
11734,201037,11,4,4010102,Plötzensee,2019,11,17,3,3,0,6,2,0,1,0,0,0,1,0,"793345,7133","5829701,34","13,32616","52,53822"
11735,201038,11,7,7070703,John-Locke-Straße,2019,11,16,3,3,5,2,2,0,1,0,0,0,0,0,"799786,7283","5813976,67","13,40672","52,39377"
11736,201039,11,1,1011204,Leipziger Straße,2019,11,16,3,3,5,3,2,1,1,0,0,0,0,0,"797876,1868","5826766,351","13,39013","52,50946"
11737,201040,11,11,11020412,Hauptstraße,2019,11,15,3,3,2,6,0,0,1,0,0,0,0,0,"805644,0738","5831643,292","13,50872","52,54887"
11738,201041,11,1,1011301,Charitéviertel,2019,11,15,2,3,2,6,0,1,1,0,0,0,0,0,"796883,1648","5828165,613","13,37679","52,52254"
11739,201042,11,9,9020802,Köllnische Vorstadt,2019,11,15,2,3,0,6,0,1,0,1,0,0,0,0,"810253,9479","5819676,942","13,56535","52,43902"
11740,201043,11,3,3040614,Pankow Zentrum,2019,11,7,2,2,5,2,2,1,1,0,0,0,0,0,"799981,5696","5835109,049","13,4286","52,58308"
11741,201044,11,1,1011102,Großer Tiergarten,2019,11,6,2,2,6,2,1,0,1,1,0,0,0,0,"796511,2343","5827621,949","13,37084","52,51787"
11742,201045,11,8,8020620,Tempelhofer Weg,2019,11,6,2,3,5,3,1,1,0,0,0,0,1,1,"801235,4683","5819770,21","13,43316","52,4449"
11743,201046,11,1,1022104,Emdener Straße,2019,11,12,2,2,3,6,0,1,1,0,0,0,0,0,"794370,1282","5828435,946","13,3401","52,52633"
11744,201047,11,7,7060604,Marienfelde Süd,2019,11,12,2,3,0,3,0,1,0,0,0,0,1,0,"795865,6299","5815449,386","13,35056","52,4091"
11745,201048,11,1,1011303,Alexanderplatzviertel,2019,11,11,2,3,2,6,0,0,1,0,0,0,0,0,"798922,5228","5827792,321","13,40643","52,51808"
11746,201049,11,12,12231102,Frohnau,2019,11,11,2,3,5,2,0,0,1,0,0,0,1,0,"790288,7213","5840142,082","13,29036","52,63346"
11747,201050,11,12,12224230,Heiligensee,2019,11,10,2,3,5,7,0,1,1,0,0,0,0,0,"786712,2516","5837146,258","13,23506","52,6085"
11748,201051,11,3,3071537,Kollwitzplatz,2019,11,10,2,3,5,2,0,1,0,0,0,1,0,0,"799858,4097","5829810,586","13,422","52,53566"
11749,201052,11,6,6040809,Thielallee,2019,11,9,2,2,5,2,0,1,0,0,0,1,0,0,"792367,1162","5820767,916","13,30393","52,45866"
11750,201053,11,1,1011102,Großer Tiergarten,2019,11,19,2,3,2,6,2,0,1,0,1,0,0,0,"795188,9669","5826854,7","13,35073","52,51171"
11751,201054,11,11,11030619,Fennpfuhl Ost,2019,11,9,2,3,5,2,0,0,1,0,0,1,0,0,"803660,4039","5829508,678","13,4776","52,53085"
11752,201055,11,7,7020201,Bayerischer Platz,2019,11,18,2,3,2,3,2,0,1,0,0,0,0,0,"794962,1976","5824321,135","13,34516","52,48912"
11753,201056,11,2,2040502,Friedenstraße,2019,11,18,2,3,3,3,2,0,1,0,0,0,0,0,"801248,424","5827823,23","13,44063","52,51708"
11754,201057,11,3,3030711,Blankenburg,2019,11,17,2,3,5,3,2,1,1,0,0,0,0,0,"802510,776","5836828,166","13,46738","52,59709"
11755,201058,11,3,3050920,Weißer See,2019,11,17,2,3,3,6,2,0,1,0,0,0,1,0,"801888,2978","5831713,76","13,45356","52,55159"
11756,201059,11,3,3040818,Pankow Süd,2019,11,15,2,3,5,3,0,0,1,0,0,0,0,0,"800030,7457","5832021,805","13,42653","52,55538"
11757,201060,11,6,6010207,Mittelstraße,2019,11,15,2,3,0,6,1,0,1,0,0,0,1,0,"794240,2511","5820273,491","13,33098","52,45322"
11758,201061,11,9,9010302,Späthsfelde,2019,11,15,2,3,5,3,0,0,1,0,0,0,0,0,"804938,9082","5820712,547","13,48834","52,4513"
11759,201062,11,1,1022103,Westhafen,2019,11,15,2,3,5,2,0,1,1,0,0,0,0,0,"794577,312","5829787,053","13,34434","52,53833"
11760,201063,11,10,10030725,Buckower Ring,2019,11,15,2,3,5,3,0,1,1,0,0,0,0,0,"809643,505","5828927,521","13,56499","52,52227"
11761,201064,11,3,3061228,Erich-Weinert-Straße,2019,11,15,2,3,5,2,0,1,1,0,0,0,0,0,"800193,9661","5830930,274","13,42794","52,54551"
11762,201065,11,10,10040932,Alt-Mahlsdorf,2019,11,13,2,3,2,2,0,0,1,0,1,0,0,0,"813032,2089","5827682,596","13,6136","52,50918"
11763,201066,11,9,9020802,Köllnische Vorstadt,2019,11,13,2,3,2,6,0,0,1,0,0,0,0,0,"810465,7068","5820310,748","13,56904","52,44458"
11764,201067,11,5,5030833,Motardstraße,2019,11,12,2,3,5,3,0,0,1,0,0,0,0,0,"789753,507","5828852,028","13,2726","52,53253"
11765,201068,11,6,6010205,Südende,2019,11,21,1,3,5,3,2,0,1,0,0,0,0,1,"795342,0816","5819978,977","13,34689","52,44999"
11766,201069,11,1,1033102,Gesundbrunnen,2019,11,20,1,3,2,6,2,0,1,0,0,0,0,0,"797124,2183","5831418,597","13,38324","52,55157"
11767,201070,11,7,7020201,Bayerischer Platz,2019,11,19,1,2,0,7,2,0,0,1,0,0,1,0,"794970,1046","5823982,719","13,34497","52,48608"
11768,201071,11,6,6020411,Schütte-Lanz-Straße,2019,11,17,1,3,5,2,2,0,1,0,1,0,0,0,"793603,1797","5815904,78","13,3178","52,4144"
11769,201072,11,8,8020625,Handwerker-Siedlung,2019,11,17,1,3,6,2,2,0,1,1,0,0,0,1,"801372,6263","5819251,571","13,43471","52,44018"
11770,201073,11,5,5010206,Gütersloher Weg,2019,11,14,1,3,5,2,0,1,1,0,0,0,0,0,"782195,1399","5830532,432","13,1629","52,55156"
11771,201074,11,12,12301203,Wittenau Süd,2019,11,13,1,3,3,6,0,1,0,0,0,0,0,0,"793107,6229","5835845,84","13,32809","52,59343"
11772,201075,11,1,1011105,Nördlicher Landwehrkanal,2019,11,14,1,3,2,6,0,0,1,0,1,0,0,0,"795832,9006","5826686,249","13,36004","52,50985"
11773,201076,11,3,3040513,Schönholz,2019,11,13,1,3,2,6,0,0,1,0,0,0,1,0,"796824,5646","5833932,685","13,38109","52,57427"
11774,201077,11,5,5010103,Amorbacher Weg,2019,11,13,1,2,0,2,0,0,1,0,0,0,1,0,"784592,0584","5831084,026","13,19863","52,55526"
11775,201078,11,2,2040703,Wriezener Bahnhof/Entwicklungsgebiet,2019,11,11,1,2,6,4,0,0,1,1,0,0,0,0,"801185,7891","5827290,77","13,43923","52,51234"
11776,201079,11,3,3050925,Komponistenviertel Weißensee,2019,11,11,1,3,5,3,0,0,1,0,0,0,0,0,"802315,242","5831336,445","13,4595","52,54797"
11777,201080,11,11,11010309,Zingster Straße West,2019,11,10,1,2,0,1,0,0,0,0,1,0,0,1,"804637,4801","5833418,418","13,49555","52,56534"
11778,201081,11,1,1022104,Emdener Straße,2019,11,7,1,3,2,6,0,0,1,0,0,0,0,0,"794222,0056","5828443,14","13,33793","52,52647"
11779,201082,11,7,7060601,Marienfelder Allee Nordwest,2019,11,5,1,3,6,7,2,0,1,1,1,0,0,1,"795961,4677","5816391,104","13,3528","52,41749"
11780,201083,11,3,3061131,Falkplatz,2019,11,0,1,3,0,5,2,0,0,0,1,0,1,1,"798944,0631","5830383,827","13,40907","52,5413"
11781,201084,11,11,11030721,Rüdigerstraße,2019,11,18,7,2,5,3,2,0,1,0,1,0,0,1,"804999,475","5828429,571","13,49629","52,52043"
11782,201085,11,4,4051549,Rathaus Wilmersdorf,2019,11,15,7,3,5,3,0,0,1,1,0,0,0,0,"793302,8653","5823637,435","13,32019","52,48388"
11783,201086,11,1,1011103,Lützowstraße,2019,11,17,7,3,1,5,2,1,1,0,0,0,0,1,"796060,8033","5825727,852","13,36254","52,50113"
11784,201087,11,5,5030730,Zitadellenweg,2019,11,17,7,3,2,7,2,0,1,0,0,0,0,1,"786669,3446","5829266,372","13,22762","52,53787"
11785,201088,11,1,1033101,Soldiner Straße,2019,11,17,7,3,2,2,2,0,1,0,0,0,0,1,"797564,8748","5832745,714","13,39091","52,56322"
11786,201089,11,8,8010404,Rixdorf,2019,11,16,7,3,5,2,2,1,1,0,0,0,0,1,"801820,7531","5823620,622","13,44523","52,47909"
11787,201090,11,4,4010101,Jungfernheide,2019,11,15,7,2,5,2,0,0,1,0,0,0,0,1,"791284,958","5830676,183","13,29672","52,54807"
11788,201091,11,11,11020412,Hauptstraße,2019,11,20,7,3,9,1,2,0,1,0,0,0,0,1,"805623,9967","5831593,653","13,50838","52,54843"
11789,201092,11,9,9020501,Oberschöneweide West,2019,11,14,7,3,5,2,0,0,1,0,0,0,0,1,"806583,5704","5822763,856","13,51435","52,46876"
11790,201093,11,8,8010214,Glasower Straße,2019,11,14,7,3,5,2,0,0,1,0,0,0,0,1,"802065,7254","5821982,647","13,44734","52,46427"
11791,201094,11,1,1011402,Arkonaplatz,2019,11,14,7,3,6,2,0,0,1,1,0,0,0,1,"798241,1396","5829625,078","13,39806","52,53488"
11792,201095,11,6,6030610,Lichterfelde West,2019,11,14,7,3,5,3,0,0,1,0,0,0,0,1,"792698,8979","5818055,682","13,30642","52,43417"
11793,201096,11,5,5010310,Eckschanze,2019,11,19,7,2,0,1,2,0,0,0,1,0,0,1,"784303,6978","5830577,844","13,19396","52,55087"
11794,201097,11,1,1011101,Stülerstraße,2019,11,14,7,3,0,1,0,0,0,0,1,0,0,1,"794604,2655","5826142,62","13,34151","52,50564"
11795,201098,11,8,8010211,Flughafenstraße,2019,11,14,7,3,6,2,0,0,1,1,0,0,0,1,"800451,6321","5823644,417","13,42515","52,48006"
11796,201099,11,1,1044201,Reinickendorfer Straße,2019,11,14,7,3,2,6,0,0,1,0,0,0,1,1,"796869,7945","5831905,156","13,37994","52,55607"
11797,201100,11,1,1011303,Alexanderplatzviertel,2019,11,18,7,2,1,5,2,0,1,0,0,0,0,0,"798498,856","5828173,913","13,40054","52,52173"
11798,201101,11,12,12214424,Scharnweberstraße,2019,11,18,7,3,5,7,2,0,1,0,0,0,0,1,"792769,3133","5832752,83","13,32038","52,56589"
11799,201102,11,1,1011302,Oranienburger Straße,2019,11,13,7,3,5,3,0,1,1,0,0,0,0,1,"798353,8433","5828355,121","13,39857","52,52344"
11800,201103,11,7,7030302,Ceciliengärten,2019,11,18,7,3,0,6,2,0,0,0,1,0,1,1,"794953,1629","5822485,036","13,3434","52,47266"
11801,201104,11,7,7040404,Marienhöhe,2019,11,13,7,3,4,7,0,0,1,0,0,0,0,1,"796367,5545","5819725,284","13,36171","52,44716"
11802,201105,11,8,8010301,Reuterkiez,2019,11,12,7,3,3,6,0,0,1,0,1,0,0,1,"801076,7022","5824169,468","13,4348","52,48442"
11803,201106,11,9,9020502,Oberschöneweide Ost,2019,11,12,7,3,5,2,0,0,1,0,0,0,0,1,"808323,0873","5821628,949","13,53883","52,45761"
11804,201107,11,8,8020622,Parchimer Allee,2019,11,11,7,3,2,6,0,0,1,0,0,0,0,1,"802484,4367","5820682,083","13,45231","52,45239"
11805,201108,11,8,8010118,Silbersteinstraße,2019,11,11,7,3,2,6,0,0,1,0,0,0,0,1,"801013,6127","5822138,14","13,43204","52,46625"
11806,201109,11,5,5030731,Gartenfelder Straße,2019,11,0,7,3,1,1,2,0,1,0,0,0,1,1,"786889,3553","5830105,081","13,23158","52,54528"
11807,201110,11,2,2040703,Wriezener Bahnhof/Entwicklungsgebiet,2019,11,0,7,3,0,1,2,1,0,0,0,0,0,1,"801953,5809","5826797,987","13,45006","52,5075"
11808,201111,11,6,6030610,Lichterfelde West,2019,11,23,7,3,5,2,2,0,1,0,0,0,0,1,"792934,5674","5817747,022","13,30961","52,43128"
11809,201112,11,1,1011306,Heine-Viertel Ost,2019,11,23,7,3,1,5,2,1,1,0,0,0,1,0,"799793,6513","5826996,673","13,41851","52,51047"
11810,201113,11,2,2050803,Stralauer Kiez,2019,11,22,7,3,5,2,2,1,1,0,0,0,0,1,"803118,7159","5826178,995","13,46661","52,5013"
11811,201114,11,12,12214125,Waldidyll/Flughafensee,2019,11,22,7,3,2,6,2,0,1,0,0,0,0,0,"790331,0074","5833693,1","13,28533","52,57562"
11812,201115,11,1,1033201,Brunnenstraße,2019,11,21,7,2,6,2,2,0,1,1,0,0,0,0,"797899,0164","5830307,316","13,39364","52,54118"
11813,201116,11,5,5020626,Adamstraße,2019,11,21,7,2,2,6,2,0,1,0,0,0,0,1,"784730,143","5827537,938","13,19762","52,52339"
11814,201117,11,2,2020206,Graefekiez,2019,11,21,7,3,2,6,2,0,1,0,0,0,0,1,"799505,0538","5824517,584","13,41204","52,48841"
11815,201118,11,1,1022206,Lüneburger Straße,2019,11,18,7,3,0,1,2,1,0,0,0,0,0,1,"796097,8628","5828420,433","13,36548","52,52525"
11816,201119,11,1,1033203,Humboldthain Nordwest,2019,11,11,6,3,5,2,0,1,1,0,0,0,0,0,"796300,4186","5830596,309","13,3704","52,54465"
11817,201120,11,10,10020517,Adele-Sandrock-Straße,2019,11,23,6,3,1,5,2,0,1,0,0,1,0,1,"812348,2805","5830464,7","13,60617","52,5345"
11818,201121,11,4,4030930,George-Grosz-Platz,2019,11,23,6,3,5,3,2,0,1,0,0,0,0,1,"793139,2814","5825759,835","13,31965","52,503"
11819,201122,11,2,2010104,Wassertorplatz,2019,11,22,6,3,2,6,2,0,1,0,0,0,0,1,"799702,9609","5825677,672","13,41599","52,4987"
11820,201123,11,10,10040933,Mahlsdorf Süd,2019,11,22,6,2,4,6,2,0,1,0,0,0,0,1,"812906,0506","5826024,812","13,61019","52,4944"
11821,201124,11,5,5020521,Döberitzer Weg,2019,11,21,6,3,5,2,2,0,1,0,0,0,0,1,"779594,0451","5827829,955","13,12236","52,52867"
11822,201125,11,9,9010202,Köpenicker Landstraße,2019,11,20,6,3,5,2,2,0,1,0,0,0,0,1,"804100,3721","5823589,305","13,47866","52,47755"
11823,201126,11,2,2020206,Graefekiez,2019,11,20,6,3,6,2,2,0,1,1,0,0,0,1,"800273,0474","5824361,163","13,42318","52,48658"