,id,city,district,lor,street,year,month,hour,weekday,category,collision,movement,light_conditions,bicycle,car,pedestrian,motorbike,truck,other_vehicle,road_conditions,LINREFX,LINREFY,XGCSWGS84,YGCSWGS84
11824,201127,11,1,1033203,Humboldthain Nordwest,2019,11,19,6,2,6,4,2,0,1,1,0,0,0,1,"796486,0067","5830109,171","13,37269","52,54018"
11825,201128,11,5,5020625,Borkumer Straße,2019,11,19,6,3,5,2,2,0,1,0,1,0,0,1,"783787,4466","5828687,167","13,18475","52,53419"
11826,201129,11,6,6010205,Südende,2019,11,18,6,3,5,3,2,0,1,0,0,0,0,1,"796293,827","5819677,495","13,36059","52,44677"
11827,201130,11,12,12301203,Wittenau Süd,2019,11,18,6,3,5,3,2,0,1,0,1,0,0,0,"793021,4875","5835689,067","13,32668","52,59207"
11828,201131,11,12,12214424,Scharnweberstraße,2019,11,18,6,2,6,7,1,0,1,1,0,0,0,0,"793211,0172","5832607,18","13,32674","52,56434"
11829,201132,11,3,3040818,Pankow Süd,2019,11,10,6,3,5,2,0,0,1,0,1,0,0,0,"798883,545","5832696,67","13,41026","52,56206"
11830,201133,11,2,2020204,Urbanstraße,2019,11,9,6,3,3,6,0,0,1,0,0,0,0,0,"798878,0849","5825085,692","13,40334","52,49384"
11831,201134,11,11,11020515,Landsberger Allee,2019,11,14,6,2,6,4,0,0,0,1,0,1,0,0,"803356,6263","5830041,198","13,47363","52,53579"
11832,201135,11,5,5020523,Maulbeerallee,2019,11,9,6,3,5,5,0,0,1,0,0,0,0,0,"782716,6464","5827148,665","13,16769","52,52095"
11833,201136,11,3,3040512,Wilhelmsruh,2019,11,14,6,3,5,3,0,0,1,0,0,0,0,0,"796299,4538","5835140,527","13,37444","52,58538"
11834,201137,11,8,8010117,Schillerpromenade,2019,11,13,6,3,5,2,0,1,1,0,0,0,0,0,"800620,1589","5823111,122","13,42715","52,47519"
11835,201138,11,12,12214422,Klixstraße,2019,11,8,6,3,1,5,0,0,1,0,0,0,0,0,"791553,3695","5833009,621","13,30271","52,56884"
11836,201139,11,8,8010212,Rollberg,2019,11,11,6,3,1,7,0,0,1,0,0,0,0,0,"801135,4287","5823069,103","13,43467","52,47453"
11837,201140,11,4,4030519,Kaiserin-Augusta-Allee,2019,11,11,6,3,5,3,0,0,1,0,1,0,0,0,"792084,9635","5828429,938","13,30651","52,5275"
11838,201141,11,2,2020206,Graefekiez,2019,11,11,6,3,2,6,0,0,1,0,0,0,0,0,"800161,2545","5824413,026","13,42158","52,48711"
11839,201142,11,2,2040502,Friedenstraße,2019,11,8,6,3,5,3,0,1,0,0,1,0,0,0,"800454,1585","5828240,336","13,42934","52,52125"
11840,201143,11,7,7070702,Alt-Lichtenrade/Töpchiner Weg,2019,11,7,6,3,5,3,0,1,1,0,0,0,0,0,"799994,8396","5814594,18","13,41032","52,39919"
11841,201144,11,7,7060604,Marienfelde Süd,2019,11,6,6,3,0,2,1,1,1,0,0,0,0,0,"795882,6223","5816014,105","13,35131","52,41415"
11842,201145,11,5,5010314,Carl-Schurz-Straße,2019,11,6,6,3,9,1,2,0,1,0,0,0,0,0,"784801,8195","5828811,554","13,19977","52,53478"
11843,201146,11,11,11030618,Fennpfuhl West,2019,11,17,6,2,6,4,2,0,1,1,0,0,0,0,"803852,3769","5828731,485","13,47972","52,52377"
11844,201147,11,4,4030725,Amtsgerichtsplatz,2019,11,17,6,3,1,5,2,1,1,0,0,0,0,1,"791795,4684","5826260,313","13,30035","52,50821"
11845,201148,11,4,4020314,Messegelände,2019,11,17,6,3,3,2,2,0,1,0,0,1,0,1,"790429,1544","5825932,918","13,27999","52,506"
11846,201149,11,8,8010303,Donaustraße,2019,11,17,6,3,6,4,2,0,0,1,0,0,1,0,"801041,992","5823879,374","13,43403","52,48184"
11847,201150,11,12,12304314,Ziekowstraße/Freie Scholle,2019,11,16,6,3,5,2,1,1,1,0,0,0,0,1,"790240,5826","5835862,825","13,2859","52,59512"
11848,201151,11,8,8010118,Silbersteinstraße,2019,11,16,6,3,1,5,2,1,1,0,0,0,0,0,"801061,3401","5822020,669","13,43264","52,46517"
11849,201152,11,8,8041036,Zittauer Straße,2019,11,13,6,3,6,4,0,0,1,1,0,0,0,0,"805181,6783","5817175,726","13,48868","52,41946"
11850,201153,11,1,1033101,Soldiner Straße,2019,11,16,6,3,6,4,1,0,1,1,0,0,0,1,"796661,9049","5832021,06","13,37698","52,55722"
11851,201154,11,5,5010314,Carl-Schurz-Straße,2019,11,15,6,3,2,7,1,1,1,0,0,0,0,1,"783601,6574","5829157,638","13,18242","52,5385"
11852,201155,11,5,5020524,Weinmeisterhornweg,2019,11,16,6,3,6,2,1,0,1,1,0,0,0,1,"782890,2733","5826890,297","13,17003","52,51854"
11853,201156,11,2,2030302,Lausitzer Platz,2019,11,9,6,3,3,5,0,1,1,0,0,0,0,0,"800897,051","5825927,218","13,43375","52,50028"
11854,201157,11,3,3020209,Niederschönhausen,2019,11,15,6,3,1,5,0,1,1,0,0,0,0,0,"797873,8708","5835264,958","13,39772","52,58564"
11855,201158,11,4,4031032,Halensee,2019,11,15,6,3,5,2,1,0,1,0,0,0,0,0,"791451,4327","5825070,209","13,29425","52,49772"
11856,201159,11,3,3061131,Falkplatz,2019,11,15,6,3,5,3,0,1,1,0,0,0,0,0,"798892,7114","5830385,953","13,40832","52,54134"
11857,201160,11,9,9051801,Rahnsdorf/Hessenwinkel,2019,11,15,6,3,5,3,0,1,1,0,0,0,0,0,"818580,3739","5820448,514","13,68816","52,44115"
11858,201161,11,1,1022106,Elberfelder Straße,2019,11,15,6,3,2,6,0,1,1,0,0,0,0,2,"794263,7875","5828140,431","13,33827","52,52373"
11859,201162,11,4,4030930,George-Grosz-Platz,2019,11,15,6,3,5,2,0,1,0,0,1,0,0,0,"793278,1215","5825411,644","13,32138","52,4998"
11860,201163,11,2,2040701,Andreasviertel,2019,11,16,5,3,6,4,1,0,1,1,0,0,0,1,"801066,2167","5827134,985","13,43733","52,51101"
11861,201164,11,1,1011105,Nördlicher Landwehrkanal,2019,11,8,5,3,0,5,1,1,1,0,0,0,0,0,"796831,3186","5826603,606","13,37464","52,50857"
11862,201165,11,2,2010104,Wassertorplatz,2019,11,20,5,3,2,2,2,0,1,0,0,0,0,0,"799859,4353","5825691,176","13,4183","52,49873"
11863,201166,11,10,10010311,Landsberger Tor,2019,11,20,5,3,9,1,2,0,1,0,0,0,0,0,"810682,357","5832013,312","13,58313","52,54933"
11864,201167,11,12,12302107,Schorfheidestraße,2019,11,19,5,3,6,2,2,0,1,1,0,0,0,0,"794398,811","5836235,235","13,34744","52,59622"
11865,201168,11,8,8010212,Rollberg,2019,11,17,5,3,0,6,2,0,1,0,0,0,1,0,"800755,7089","5823437,488","13,42943","52,47804"
11866,201169,11,11,10010203,Gewerbegebiet Bitterfelder Straße,2019,11,17,5,3,2,6,2,0,1,0,0,0,0,0,"806923,6162","5832608,08","13,52842","52,55679"
11867,201170,11,1,1033203,Humboldthain Nordwest,2019,11,17,5,3,6,2,2,0,1,1,0,0,0,0,"796818,0285","5831272,817","13,37861","52,55043"
11868,201171,11,6,6010102,Schloßstraße,2019,11,17,5,3,3,2,1,1,1,0,0,0,0,0,"793359,9901","5821256,913","13,31893","52,46251"
11869,201172,11,11,11051332,Karlshorst Süd,2019,11,16,5,3,0,2,2,0,1,0,0,0,1,0,"807234,095","5824085,002","13,52512","52,48024"
11870,201173,11,2,2030301,Oranienplatz,2019,11,18,5,3,3,5,2,1,1,0,0,0,0,0,"799875,2963","5825885,681","13,41871","52,50047"
11871,201174,11,1,1011203,Unter den Linden Süd,2019,11,15,5,3,2,2,0,1,1,0,0,0,0,0,"798212,6297","5827423,525","13,39566","52,51516"
11872,201175,11,1,1044202,Sparrplatz,2019,11,15,5,3,2,2,0,0,1,0,0,0,0,0,"795999,9434","5830329,622","13,36574","52,54242"
11873,201176,11,9,9020501,Oberschöneweide West,2019,11,14,5,3,2,6,0,0,1,0,0,0,0,0,"806255,3782","5822165,696","13,50899","52,46358"
11874,201177,11,7,7010102,Nollendorfplatz,2019,11,17,5,3,5,2,2,0,1,0,1,0,0,0,"794958,352","5825655,239","13,34628","52,50108"
11875,201178,11,9,9031101,Grünau,2019,11,17,5,3,5,2,2,0,1,0,0,0,1,0,"812120,7606","5816649,088","13,5899","52,41083"
11876,201179,11,3,3020209,Niederschönhausen,2019,11,13,5,2,5,3,0,0,1,0,0,0,0,2,"797871,133","5836026,165","13,39837","52,59246"
11877,201180,11,6,6040804,Krumme Lanke,2019,11,17,5,2,1,5,2,1,1,0,0,0,0,1,"787504,094","5817841,906","13,23004","52,43501"
11878,201181,11,12,12304314,Ziekowstraße/Freie Scholle,2019,11,12,5,3,2,6,0,0,1,0,0,0,0,0,"790580,3798","5835965,4","13,29099","52,59586"
11879,201182,11,2,2040502,Friedenstraße,2019,11,12,5,3,4,6,0,1,0,0,0,0,1,0,"800502,4139","5828451,689","13,43024","52,52312"
11880,201183,11,4,4030519,Kaiserin-Augusta-Allee,2019,11,8,5,3,6,7,0,0,0,1,0,0,1,0,"792429,2703","5828256,074","13,31141","52,52576"
11881,201184,11,11,11030720,Herzbergstraße,2019,11,8,5,3,0,2,0,1,1,0,0,0,0,0,"805112,9423","5829102,196","13,49858","52,52639"
11882,201185,11,1,1011102,Großer Tiergarten,2019,11,8,5,3,1,5,0,1,1,0,0,0,1,1,"796675,3947","5827892,445","13,3735","52,5202"
11883,201186,11,4,4041344,Rüdesheimer Platz,2019,11,7,5,3,5,3,0,1,1,0,0,0,0,0,"793067,1138","5822164,334","13,31543","52,4708"
11884,201187,11,3,3040513,Schönholz,2019,11,7,5,3,2,1,0,0,1,0,0,0,0,1,"796746,0904","5834025,182","13,38001","52,57514"
11885,201188,11,7,7040403,Manteuffelstraße,2019,11,7,5,3,5,2,0,1,1,0,0,0,0,0,"797261,1767","5820737,602","13,37572","52,45575"
11886,201189,11,5,5010206,Gütersloher Weg,2019,11,5,5,3,6,4,2,0,0,1,0,0,1,1,"781244,714","5830772,178","13,14912","52,5542"
11887,201190,11,6,6030501,Berlepschstraße,2019,11,14,4,3,6,4,0,0,1,1,0,0,0,0,"787679,8252","5816448,706","13,23142","52,42242"
11888,201191,11,1,1011204,Leipziger Straße,2019,11,8,4,3,5,3,0,1,1,0,0,0,0,1,"798030,202","5826600,304","13,39225","52,50788"
11889,201192,11,7,7050501,Rathausstraße,2019,11,8,4,2,0,5,0,0,1,0,0,0,1,1,"796828,3353","5819571,926","13,36833","52,44554"
11890,201193,11,1,1022207,Hansaviertel,2019,11,9,4,3,5,2,0,1,1,0,0,0,0,1,"794264,5656","5827283,128","13,33753","52,51605"
11891,201194,11,11,11020513,Orankesee,2019,11,8,4,3,6,4,0,0,1,1,0,0,0,1,"802856,8305","5831360,804","13,46748","52,54789"
11892,201195,11,8,8010117,Schillerpromenade,2019,11,8,4,3,3,6,0,0,1,0,0,1,0,1,"800519,7025","5823425,441","13,42595","52,47806"
11893,201196,11,10,10020415,Hellersdorfer Promenade,2019,11,8,4,3,5,2,0,0,1,0,0,0,"812083,7893",Hellersdorfer Promenade,"5831815,307","13,60354728","52,54675821",1
11894,201197,11,10,10030724,Oberfeldstraße,2019,11,7,4,3,6,2,1,0,1,1,0,0,0,1,"809641,6151","5829674,516","13,56565","52,52897"
11895,201198,11,3,3050920,Weißer See,2019,11,6,4,3,0,3,0,0,1,0,1,0,0,1,"801941,4468","5832570,497","13,45512","52,55924"
11896,201199,11,11,11020412,Hauptstraße,2019,11,6,4,3,5,2,2,1,1,0,0,0,0,1,"805764,6651","5831835,64","13,51067","52,55052"
11897,201200,11,4,4051551,Brabanter Platz,2019,11,1,4,3,5,2,2,0,1,0,0,0,1,1,"792824,1521","5823228,332","13,3128","52,48047"
11898,201201,11,6,6020409,Königsberger Straße,2019,11,23,4,3,8,1,2,0,1,0,0,0,0,0,"793302,8212","5816962,259","13,31432","52,42404"
11899,201202,11,7,7050505,Hundsteinweg,2019,11,18,4,3,0,2,2,0,1,0,1,0,0,1,"799272,4137","5819056,058","13,40373","52,43958"
11900,201203,11,4,4030725,Amtsgerichtsplatz,2019,11,20,4,3,0,5,2,0,1,0,1,0,0,1,"791851,9266","5826101,299","13,30104","52,50675"
11901,201204,11,1,1033202,Humboldthain Süd,2019,11,6,4,3,0,5,2,0,1,0,0,0,1,1,"797686,343","5829637,847","13,38991","52,5353"
11902,201205,11,9,9020802,Köllnische Vorstadt,2019,11,17,4,3,5,2,2,1,1,0,0,0,0,1,"809796,3605","5820483,126","13,55938","52,44651"
11903,201206,11,2,2030301,Oranienplatz,2019,11,16,4,3,0,5,1,1,1,0,0,0,0,1,"800029,2933","5825521,607","13,42064","52,49712"
11904,201207,11,1,1022201,Stephankiez,2019,11,18,4,3,6,7,2,0,0,1,0,0,1,1,"795912,3403","5828853,251","13,36314","52,52923"
11905,201208,11,3,3051017,Rennbahnstraße,2019,11,16,4,2,6,2,2,0,1,1,0,0,0,1,"802909,9391","5833159,466","13,4699","52,56398"
11906,201209,11,3,3040818,Pankow Süd,2019,11,16,4,2,5,3,2,0,1,0,0,0,0,1,"800023,4298","5832024,315","13,42642","52,55541"
11907,201210,11,1,1033202,Humboldthain Süd,2019,11,15,4,2,5,3,1,1,1,0,0,0,0,1,"797759,2682","5829747,607","13,39108","52,53624"
11908,201211,11,11,11041128,Sewanstraße,2019,11,15,4,3,5,3,0,1,1,0,0,0,0,1,"806507,973","5825546,49","13,5158","52,49374"
11909,201212,11,1,1011305,Heine-Viertel West,2019,11,19,4,3,5,2,2,0,1,0,0,0,1,1,"799650,5687","5827044,16","13,41645","52,51097"
11910,201213,11,1,1044203,Leopoldplatz,2019,11,15,4,3,2,6,0,0,1,0,0,0,0,1,"795195,424","5831365,204","13,35483","52,55214"
11911,201214,11,12,12214424,Scharnweberstraße,2019,11,15,4,3,5,3,0,0,1,0,0,0,0,1,"793389,51","5832514,299","13,32929","52,56341"
11912,201215,11,11,11040925,Victoriastadt,2019,11,14,4,3,5,3,0,1,1,0,0,0,0,1,"803456,2488","5826558,441","13,47191","52,50452"
11913,201216,11,2,2050802,Boxhagener Platz,2019,11,14,4,2,6,4,0,0,1,1,0,0,0,1,"802046,3098","5826911,441","13,45152","52,50846"
11914,201217,11,9,9020702,Adlershof Ost,2019,11,13,4,3,3,6,0,1,0,0,0,0,1,1,"808959,2229","5819389,59","13,54609","52,43718"
11915,201218,11,7,7040401,Neu-Tempelhof,2019,11,13,4,3,1,5,0,1,1,0,0,0,0,1,"796932,8313","5823518,938","13,37338","52,48086"
11916,201219,11,3,3040512,Wilhelmsruh,2019,11,13,4,3,5,3,0,0,1,0,0,0,0,1,"796970,2816","5835826,704","13,38493","52,59116"
11917,201220,11,11,11051330,Karlshorst West,2019,11,11,4,3,5,3,0,0,1,0,1,0,0,1,"807312,3469","5825365,486","13,52745","52,49167"
11918,201221,11,8,8010405,Hertzbergplatz,2019,11,11,4,3,5,3,0,1,1,0,0,0,0,1,"802114,9938","5823638,89","13,44957","52,47909"
11919,201222,11,6,6030605,Botanischer Garten,2019,11,10,4,3,2,6,0,0,1,0,1,0,0,1,"792139,057","5819531,487","13,2995","52,4477"
11920,201223,11,10,10040830,Kaulsdorf Süd,2019,11,9,4,2,5,3,0,0,1,0,0,0,0,1,"810562,2767","5825072,59","13,57489","52,4872"
11921,201224,11,1,1011304,Karl-Marx-Allee,2019,11,8,4,3,5,2,0,1,1,0,0,0,0,1,"799727,2583","5827762,843","13,41822","52,51737"
11922,201225,11,1,1011301,Charitéviertel,2019,11,16,4,3,0,1,2,0,0,0,1,0,0,1,"797630,2891","5828236,028","13,38783","52,52276"
11923,201226,11,6,6010210,Bismarckstraße,2019,11,9,3,3,6,7,0,0,1,1,0,0,0,0,"795224,3218","5821146,867","13,34619","52,46052"
11924,201227,11,2,2050801,Traveplatz,2019,11,17,3,3,0,7,2,0,0,0,1,0,0,1,"802383,0087","5827444,913","13,45695","52,51306"
11925,201228,11,1,1022104,Emdener Straße,2019,11,21,3,3,1,5,2,1,1,0,0,0,0,0,"794135,1221","5828462,447","13,33667","52,52669"
11926,201229,11,7,7030303,Grazer Platz,2019,11,20,3,3,1,6,2,0,1,0,0,0,0,0,"795117,4749","5821327,907","13,34479","52,4622"
11927,201230,11,1,1011105,Nördlicher Landwehrkanal,2019,11,18,3,3,5,2,2,0,1,0,1,0,0,1,"795583,4645","5826668,569","13,35636","52,50983"
11928,201231,11,2,2030301,Oranienplatz,2019,11,19,3,2,6,4,2,0,1,1,0,0,0,1,"800097,788","5825908,514","13,422","52,50055"
11929,201232,11,11,11030619,Fennpfuhl Ost,2019,11,19,3,3,2,6,2,0,1,0,0,0,0,1,"803606,1567","5829765,502","13,47704","52,53318"
11930,201233,11,7,7040403,Manteuffelstraße,2019,11,22,3,3,5,2,2,0,1,0,1,0,0,0,"797851,3891","5822205,669","13,38569","52,46859"
11931,201234,11,12,12103117,Letteplatz,2019,11,21,3,3,6,2,2,0,1,1,0,0,0,1,"796337,151","5832502,892","13,37264","52,56172"
11932,201235,11,8,8010404,Rixdorf,2019,11,0,3,3,6,2,2,0,1,1,0,0,0,0,"802163,9395","5823374,922","13,45004","52,4767"
11933,201236,11,1,1011204,Leipziger Straße,2019,11,11,3,3,6,7,0,0,1,1,0,0,0,1,"798081,4189","5826800,689","13,39318","52,50965"
11934,201237,11,6,6020302,Komponistenviertel Lankwitz,2019,11,10,3,3,2,2,0,0,1,0,0,0,1,0,"795052,127","5819045,092","13,34181","52,44177"
11935,201238,11,3,3010101,Bucher Forst,2019,11,10,3,3,0,3,0,0,1,0,1,0,0,1,"804240,8336","5841815,087","13,49743","52,64082"
11936,201239,11,8,8010301,Reuterkiez,2019,11,10,3,3,1,5,0,1,1,0,0,0,0,0,"801480,4253","5823921,508","13,44051","52,48198"
11937,201240,11,1,1011102,Großer Tiergarten,2019,11,9,3,3,6,4,0,1,0,1,0,0,0,1,"796537,7383","5827813,357","13,3714","52,51957"
11938,201241,11,3,3030406,Alt-Karow,2019,11,9,3,2,0,2,0,0,1,0,0,0,1,0,"803225,1865","5838044,899","13,47901","52,60759"
11939,201242,11,3,3050923,Weißenseer Spitze,2019,11,9,3,3,0,1,0,0,0,0,1,0,0,0,"800881,3613","5831615,146","13,43867","52,55127"
11940,201243,11,8,8030831,Gropiusstadt Ost,2019,11,8,3,3,5,3,0,0,1,0,0,0,0,1,"803357,677","5817393,021","13,46213","52,42242"
11941,201244,11,3,3050923,Weißenseer Spitze,2019,11,8,3,2,0,3,0,1,1,0,0,0,0,1,"800680,7677","5831567,299","13,43568","52,55095"
11942,201245,11,6,6010206,Stadtpark,2019,11,8,3,2,6,4,0,0,1,1,0,0,0,1,"795010,1833","5819657,662","13,34174","52,44729"
11943,201246,11,7,7020203,Kaiser-Wilhelm-Platz,2019,11,7,3,3,6,4,0,0,1,1,0,0,0,0,"795665,1163","5824476,74","13,35562","52,49013"
11944,201247,11,1,1044201,Reinickendorfer Straße,2019,11,8,3,3,0,4,0,0,0,1,1,0,0,1,"796222,5112","5830762,874","13,3694","52,54618"
11945,201248,11,2,2020203,Viktoriapark,2019,11,7,3,3,1,5,0,0,1,0,0,0,0,0,"796995,1244","5824255,063","13,37495","52,48742"
11946,201249,11,11,11010310,Mühlengrund,2019,11,7,3,3,5,2,0,1,0,0,0,0,1,0,"805538,7203","5833408,496","13,5088","52,56475"
11947,201250,11,11,11030618,Fennpfuhl West,2019,11,7,3,3,0,1,0,1,0,0,0,0,0,1,"802899,8843","5829212,583","13,46616","52,52861"
11948,201251,11,11,11030618,Fennpfuhl West,2019,11,6,3,3,5,2,1,1,0,0,0,0,0,0,"803850,7161","5828776,416","13,47973","52,52418"
11949,201252,11,3,3040614,Pankow Zentrum,2019,11,2,3,3,8,1,2,0,1,0,0,0,0,1,"799521,3837","5833955,3","13,42078","52,57299"
11950,201253,11,4,4010102,Plötzensee,2019,11,18,3,3,0,1,2,1,0,0,0,0,0,0,"792229,019","5830696,37","13,31062","52,54774"
11951,201254,11,3,3040614,Pankow Zentrum,2019,11,17,3,3,0,1,1,0,0,0,1,0,0,1,"799133,6344","5833866,376","13,415","52,57241"
11952,201255,11,7,7020204,Schöneberger Insel,2019,11,17,3,3,0,1,2,0,0,0,1,0,0,1,"796561,9071","5823810,98","13,36819","52,48368"
11953,201256,11,12,12214125,Waldidyll/Flughafensee,2019,11,16,3,3,5,3,2,1,1,0,0,0,0,1,"790737,3324","5833706,288","13,29132","52,57552"
11954,201257,11,7,7020204,Schöneberger Insel,2019,11,16,3,3,3,6,0,0,1,0,1,0,0,1,"796572,1307","5823846,104","13,36837","52,48399"
11955,201258,11,11,11030721,Rüdigerstraße,2019,11,17,3,3,5,7,2,0,1,0,1,0,0,1,"804271,0377","5827844,587","13,48506","52,51559"
11956,201259,11,1,1011302,Oranienburger Straße,2019,11,15,3,3,0,4,1,1,0,1,0,0,0,1,"798755,6279","5828975,714","13,40504","52,52878"
11957,201260,11,2,2040502,Friedenstraße,2019,11,15,3,3,5,2,1,1,1,0,0,0,0,1,"801126,644","5828575,599","13,43952","52,52389"
11958,201261,11,4,4041238,Kissinger Straße,2019,11,15,3,3,5,2,0,1,1,0,0,0,0,1,"791668,236","5823133,054","13,29574","52,48024"
11959,201262,11,7,7050501,Rathausstraße,2019,11,15,3,3,1,5,0,0,1,0,0,0,0,0,"797505,9035","5820130,965","13,37877","52,45018"
11960,201263,11,2,2030301,Oranienplatz,2019,11,14,3,3,5,3,0,1,1,0,0,0,0,1,"799912,0076","5825985,1","13,41934","52,50134"
11961,201264,11,2,2020203,Viktoriapark,2019,11,14,3,2,5,2,0,1,1,0,0,0,0,1,"797749,362","5824034,295","13,38583","52,48503"
11962,201265,11,9,9010401,Johannisthal West,2019,11,16,3,3,2,6,2,0,1,0,0,0,0,0,"806204,2505","5820292,678","13,50652","52,44683"
11963,201266,11,1,1011203,Unter den Linden Süd,2019,11,13,3,3,5,2,0,1,1,0,0,0,0,1,"797775,827","5827350,948","13,38918","52,51475"
11964,201267,11,1,1033201,Brunnenstraße,2019,11,12,3,3,5,3,0,0,1,0,1,0,0,0,"797893,5844","5831001,197","13,39418","52,54741"
11965,201268,11,6,6040810,Dahlem,2019,11,12,3,3,5,3,0,1,1,0,0,0,0,0,"790574,1855","5819763,491","13,27674","52,45061"
11966,201269,11,7,7010102,Nollendorfplatz,2019,11,12,3,3,0,1,0,0,0,0,1,0,0,1,"795572,4943","5825157,458","13,35486","52,49629"
11967,201270,11,3,3040614,Pankow Zentrum,2019,11,12,3,3,5,3,0,1,0,0,0,0,0,0,"798695,6333","5833450,053","13,40818","52,56892"
11968,201271,11,1,1022104,Emdener Straße,2019,11,11,3,3,3,6,0,1,1,0,0,0,0,1,"794513,3693","5828437,812","13,34221","52,52626"
11969,201272,11,4,4041238,Kissinger Straße,2019,11,5,3,3,1,5,2,1,1,0,0,0,0,0,"791857,7281","5823626,719","13,29896","52,48456"
11970,201273,11,1,1022201,Stephankiez,2019,11,22,2,3,0,1,2,0,0,0,1,0,0,1,"795450,0132","5829550,365","13,35696","52,53573"
11971,201274,11,1,1011305,Heine-Viertel West,2019,11,21,2,3,2,2,2,0,1,0,1,0,0,1,"799457,329","5827067,3","13,41363","52,51129"
11972,201275,11,1,1022207,Hansaviertel,2019,11,20,2,3,2,6,2,0,1,0,0,0,1,1,"794201,4962","5827151,079","13,33648","52,5149"
11973,201276,11,1,1044103,Westliche Müllerstraße,2019,11,18,2,3,7,7,1,1,0,0,0,0,0,1,"794721,0819","5830905,5","13,34745","52,54827"
11974,201277,11,4,4030828,Savignyplatz,2019,11,19,2,3,6,4,2,0,1,1,0,0,0,1,"792971,8323","5826025,483","13,31742","52,50547"
11975,201278,11,1,1044202,Sparrplatz,2019,11,17,2,3,1,5,2,0,1,0,0,0,1,1,"794793,1354","5829957,234","13,34767","52,53973"
11976,201279,11,7,7050503,Eisenacher Straße,2019,11,13,2,3,2,6,0,0,1,0,0,0,0,1,"799196,2462","5820017,884","13,40347","52,44824"
11977,201280,11,7,7010102,Nollendorfplatz,2019,11,14,2,3,6,4,0,0,1,1,0,0,0,0,"794950,9521","5825382,271","13,34593","52,49864"
11978,201281,11,12,12301205,Waidmannslust,2019,11,14,2,3,5,7,0,0,1,0,0,0,0,1,"791450,8649","5836601,384","13,30436","52,60109"
11979,201282,11,12,12103218,Teichstraße,2019,11,18,2,3,5,2,1,1,1,0,0,0,0,1,"794845,7381","5833049,455","13,35119","52,56742"
11980,201283,11,9,9051901,Dammvorstadt,2019,11,14,2,3,5,7,0,0,1,0,0,0,1,0,"811202,1542","5821189,197","13,58066","52,45204"
11981,201284,11,3,3050920,Weißer See,2019,11,14,2,3,6,4,0,0,1,1,0,0,0,1,"802089,0595","5832462,103","13,4572","52,55819"
11982,201285,11,12,12302107,Schorfheidestraße,2019,11,18,2,3,5,3,1,0,1,0,0,0,0,1,"794374,32","5836231,585","13,34708","52,59621"
11983,201286,11,4,4051448,Schaperstraße,2019,11,18,2,3,5,2,2,0,1,0,1,0,0,1,"794203,5095","5824944,777","13,33456","52,49512"
11984,201287,11,7,7050503,Eisenacher Straße,2019,11,14,2,3,6,4,0,0,1,1,0,0,0,0,"798112,3726","5819919,369","13,38748","52,44795"
11985,201288,11,6,6030609,Augustaplatz,2019,11,18,2,3,5,2,2,1,1,0,0,0,0,1,"793276,9057","5819084,813","13,3158","52,44308"
11986,201289,11,5,5030730,Zitadellenweg,2019,11,18,2,3,2,6,2,0,1,0,0,0,0,1,"786149,9491","5829143,192","13,21987","52,53704"
11987,201290,11,2,2020203,Viktoriapark,2019,11,13,2,3,2,6,1,0,1,0,0,0,0,1,"797117,7876","5824091,295","13,3766","52,48589"
11988,201291,11,9,9010201,Am Treptower Park Süd,2019,11,17,2,3,6,2,2,0,1,1,0,0,0,1,"802657,269","5824415,366","13,45823","52,48575"
11989,201292,11,1,1044203,Leopoldplatz,2019,11,13,2,3,0,3,0,0,1,0,1,0,0,1,"795944,3268","5831560,657","13,36602","52,55348"
11990,201293,11,7,7060603,Marienfelde Nordost,2019,11,13,2,3,1,5,0,0,1,0,0,0,0,0,"797917,6226","5817153,796","13,38216","52,42327"
11991,201294,11,3,3030406,Alt-Karow,2019,11,13,2,3,5,3,0,0,1,0,0,0,1,1,"802868,9139","5838271,411","13,47397","52,60982"
11992,201295,11,4,4051445,Eisenzahnstraße,2019,11,13,2,3,5,3,0,0,1,0,0,0,0,1,"792194,0327","5824059,709","13,30427","52,48826"
11993,201296,11,6,6020305,Gemeindepark Lankwitz,2019,11,12,2,2,5,3,0,1,1,0,0,0,0,1,"796263,294","5817908,6","13,35857","52,43093"
11994,201297,11,10,10040931,Mahlsdorf Nord,2019,11,12,2,3,0,3,0,0,1,0,0,0,0,1,"813289,4941","5829072,118","13,61868","52,52148"
11995,201298,11,1,1044203,Leopoldplatz,2019,11,16,2,3,6,4,2,0,1,1,0,0,0,1,"795896,329","5831964,51","13,36567","52,55713"
11996,201299,11,4,4020311,Reichsstraße,2019,11,15,4,2,6,7,0,0,1,1,0,0,0,0,"789447,081","5826676,132","13,2662","52,51318"
11997,201300,11,1,1022106,Elberfelder Straße,2019,11,15,4,2,5,2,0,1,1,0,0,0,0,0,"793680,171","5828001,177","13,32957","52,5228"