,id,city,district,lor,street,year,month,hour,weekday,category,collision,movement,light_conditions,bicycle,car,pedestrian,motorbike,truck,other_vehicle,road_conditions,LINREFX,LINREFY,XGCSWGS84,YGCSWGS84
11998,201301,11,12,12103218,Teichstraße,2019,11,16,2,3,1,5,1,1,0,0,0,0,1,0,"794222,6294","5833326,462","13,34226","52,57025"
11999,201302,11,8,8010508,Weiße Siedlung,2019,11,10,2,2,5,2,0,1,0,0,0,1,0,1,"802753,7184","5822970,341","13,45833","52,47275"
12000,201303,11,6,6030605,Botanischer Garten,2019,11,15,2,3,5,2,0,0,0,0,1,1,0,0,"791751,3599","5819295,888","13,29361","52,44579"
12001,201304,11,8,8010213,Körnerpark,2019,11,15,4,3,6,4,0,0,1,1,0,0,0,0,"800993,9406","5822642,419","13,43221","52,47078"
12002,201305,11,5,5030833,Motardstraße,2019,11,10,2,3,4,6,0,0,1,0,0,0,0,1,"788076,7564","5829040,783","13,24812","52,53511"
12003,201306,11,4,4030724,Lietzensee,2019,11,10,4,3,2,6,0,1,1,0,0,0,0,0,"790600,6267","5825985,259","13,28255","52,50638"
12004,201307,11,9,9020801,Spindlersfeld,2019,11,9,2,3,3,6,0,0,1,0,0,0,0,1,"809743,8708","5820764,23","13,55887","52,44906"
12005,201308,11,1,1022104,Emdener Straße,2019,11,6,2,3,6,2,1,0,1,1,0,0,0,0,"794554,5777","5829071,775","13,34337","52,53193"
12006,201309,11,8,8010510,Gewerbegebiet Köllnische Heide,2019,11,8,4,3,0,3,0,0,1,0,0,0,1,0,"802549,3359","5822124,636","13,45457","52,46528"
12007,201310,11,8,8041036,Zittauer Straße,2019,11,8,2,3,5,3,0,1,1,0,0,0,0,1,"805278,6227","5817252,071","13,49017","52,42009"
12008,201311,11,6,6040810,Dahlem,2019,11,7,2,3,5,2,0,1,1,0,0,0,0,1,"792369,4341","5820812,05","13,304","52,45906"
12009,201312,11,9,9010302,Späthsfelde,2019,11,7,2,3,2,6,0,0,1,0,0,0,0,1,"803492,0184","5820687,938","13,4671","52,45188"
12010,201313,11,12,12103117,Letteplatz,2019,11,8,4,3,5,2,0,0,1,0,0,0,0,0,"795786,906","5832580,132","13,36461","52,56271"
12011,201314,11,11,11041128,Sewanstraße,2019,11,6,2,3,5,2,1,0,1,0,1,0,0,1,"806067,5933","5825805,775","13,50957","52,49631"
12012,201315,11,1,1033203,Humboldthain Nordwest,2019,11,7,2,3,0,6,1,1,1,0,0,0,0,1,"797298,573","5831152,484","13,38557","52,54909"
12013,201316,11,11,11051330,Karlshorst West,2019,11,7,4,3,5,3,0,1,1,0,0,0,0,0,"807228,0229","5824304,402","13,52523","52,4822"
12014,201317,11,5,5020627,Tiefwerder,2019,11,7,2,3,5,2,0,0,1,0,0,0,1,1,"785632,9421","5828030,249","13,21132","52,52734"
12015,201318,11,10,10020622,Kaulsdorf Nord I,2019,11,6,4,2,5,2,2,0,1,0,1,0,0,0,"811165,8587","5828366,984","13,58683","52,51638"
12016,201319,11,7,7040402,Lindenhofsiedlung,2019,11,6,2,3,6,2,1,0,1,1,0,0,0,1,"796809,0666","5821977,858","13,37019","52,46711"
12017,201320,11,11,11040925,Victoriastadt,2019,11,6,2,3,6,4,2,0,0,1,1,0,0,1,"803811,5301","5826269,52","13,47687","52,50173"
12018,201321,11,1,1011102,Großer Tiergarten,2019,11,8,4,3,2,3,0,1,0,0,0,0,0,0,"795155,563","5827075,522","13,35044","52,51371"
12019,201322,11,3,3061430,Volkspark Prenzlauer Berg,2019,11,16,4,3,5,2,2,1,0,0,0,0,1,0,"801884,7892","5829850,555","13,45182","52,5349"
12020,201323,11,12,12304314,Ziekowstraße/Freie Scholle,2019,11,13,1,3,0,7,0,0,0,0,1,0,0,1,"790697,6335","5835383,492","13,2922","52,59058"
12021,201324,11,12,12302109,Treuenbrietzener Straße,2019,11,5,1,2,1,5,2,0,1,0,0,0,0,1,"795866,4958","5836893,976","13,36963","52,60133"
12022,201325,11,9,9010402,Johannisthal Ost,2019,11,11,3,3,5,7,0,0,0,0,0,0,1,0,"806011,1572","5819743,788","13,50319","52,44201"
12023,201326,11,1,1022106,Elberfelder Straße,2019,11,10,3,3,2,2,0,0,1,0,0,0,0,0,"793673,1709","5828112,642","13,32957","52,5238"
12024,201327,11,2,2050802,Boxhagener Platz,2019,11,3,1,3,0,1,2,1,0,1,0,0,0,1,"802658,9711","5826992,062","13,4606","52,50885"
12025,201328,11,3,3020210,Herthaplatz,2019,11,1,1,3,2,6,2,0,1,0,1,0,0,1,"800072,4531","5835852,374","13,43061","52,58969"
12026,201329,11,8,8020622,Parchimer Allee,2019,11,17,1,3,2,7,2,0,1,0,0,0,0,1,"802187,6865","5819292,75","13,4467","52,4401"
12027,201330,11,2,2050801,Traveplatz,2019,11,10,3,3,5,2,0,1,0,0,0,0,1,0,"803466,787","5827006,257","13,47248","52,50852"
12028,201331,11,9,9041501,Altstadt Kietz,2019,11,17,1,3,0,1,2,1,0,0,0,0,0,1,"810807,183","5820377,396","13,57411","52,44499"
12029,201332,11,1,1033202,Humboldthain Süd,2019,11,8,3,3,5,2,0,1,1,0,0,0,0,0,"797530,2797","5829429,61","13,38743","52,53352"
12030,201333,11,1,1033102,Gesundbrunnen,2019,11,15,1,3,5,3,0,1,1,0,0,0,0,1,"797698,973","5831738,172","13,39198","52,55412"
12031,201334,11,1,1044201,Reinickendorfer Straße,2019,11,15,1,3,2,6,0,0,1,0,0,0,0,0,"796440,3565","5831973,494","13,37368","52,55691"
12032,201335,11,11,11051331,Karlshorst Nord,2019,11,8,3,3,5,3,0,0,1,0,0,0,1,0,"807999,0728","5825553,25","13,5377","52,49296"
12033,201336,11,3,3040513,Schönholz,2019,11,15,1,3,5,3,0,1,1,0,0,0,0,1,"797412,3571","5833971,488","13,38977","52,57429"
12034,201337,11,5,5030833,Motardstraße,2019,11,14,1,3,0,7,0,0,0,0,1,0,0,1,"789192,9262","5829306,21","13,26476","52,5369"
12035,201338,11,1,1033101,Soldiner Straße,2019,11,15,1,3,5,3,0,0,1,0,0,0,0,0,"796410,011","5832009,174","13,37327","52,55725"
12036,201339,11,5,5010339,Freiheit,2019,11,8,3,3,5,7,0,0,1,0,0,0,0,0,"786810,6871","5828194,821","13,22877","52,52819"
12037,201340,11,2,2040502,Friedenstraße,2019,11,8,3,3,2,6,0,0,1,0,0,0,0,0,"800408,0264","5828006,175","13,42845","52,51918"
12038,201341,11,3,3051017,Rennbahnstraße,2019,11,14,1,3,0,1,0,1,0,0,0,0,0,1,"802252,3381","5833053,074","13,46014","52,5634"
12039,201342,11,2,2050802,Boxhagener Platz,2019,11,6,1,3,1,5,2,0,1,0,0,0,0,1,"802440,908","5826786,87","13,45721","52,50713"
12040,201343,11,1,1011301,Charitéviertel,2019,11,8,3,2,5,2,0,1,1,0,0,0,0,0,"796898,817","5828889,314","13,37767","52,52902"
12041,201344,11,6,6040807,Zehlendorf Eiche,2019,11,21,1,3,2,7,2,0,1,0,0,0,0,1,"789829,8996","5818697,995","13,2649","52,44145"
12042,201345,11,4,4030726,Droysenstraße,2019,11,19,5,3,6,2,2,0,1,1,0,0,0,1,"792321,4281","5825370,776","13,30729","52,49995"
12043,201346,11,5,5020523,Maulbeerallee,2019,11,18,5,3,5,3,2,0,0,0,1,0,0,1,"782762,9652","5827471,63","13,16865","52,52382"
12044,201347,11,12,12214424,Scharnweberstraße,2019,11,18,5,3,6,4,2,0,1,1,0,0,0,1,"793204,9502","5832390,59","13,32646","52,5624"
12045,201348,11,9,9010302,Späthsfelde,2019,11,7,5,3,2,6,0,0,1,0,0,1,0,0,"804015,5772","5821191,457","13,47523","52,4561"
12046,201349,11,8,8020727,Buckow Mitte,2019,11,6,5,3,6,4,1,0,1,1,0,0,0,0,"800686,5408","5816195,272","13,4219","52,41316"
12047,201350,11,3,3061126,Arnimplatz,2019,11,5,5,3,6,4,2,0,1,1,0,0,0,1,"798435,6999","5831740,81","13,40282","52,55374"
12048,201351,11,5,5010314,Carl-Schurz-Straße,2019,11,7,5,3,5,2,0,0,1,0,0,0,1,0,"784819,226","5829147,346","13,20031","52,53778"
12049,201352,11,3,3020307,Buchholz,2019,11,8,4,3,0,2,0,1,1,0,0,0,0,1,"800154,6978","5836464,77","13,43237","52,59514"
12050,201353,11,2,2040701,Andreasviertel,2019,11,21,4,3,5,3,2,0,1,0,0,0,0,1,"800458,1783","5827591,768","13,42881","52,51544"
12051,201354,11,11,11010310,Mühlengrund,2019,11,19,4,3,6,4,2,0,1,1,0,0,0,0,"805340,102","5833267,724","13,50575","52,5636"
12052,201355,11,3,3030406,Alt-Karow,2019,11,19,4,3,5,3,2,0,1,0,0,0,0,1,"803468,0251","5838537,195","13,48304","52,61187"
12053,201356,11,2,2020206,Graefekiez,2019,11,17,4,3,4,7,2,1,0,0,0,0,0,1,"799690,4506","5825221,335","13,41539","52,49461"
12054,201357,11,1,1033202,Humboldthain Süd,2019,11,17,4,3,5,3,2,1,1,0,0,0,0,1,"796971,3284","5830138,937","13,37985","52,54018"
12055,201358,11,10,10040828,Kaulsdorf Nord,2019,11,17,4,3,5,3,2,0,1,0,0,1,0,1,"812129,434","5828311,568","13,60093","52,51533"
12056,201359,11,10,10010309,Springpfuhl,2019,11,17,4,3,5,2,2,1,1,0,0,0,0,1,"808531,2864","5829984,174","13,54962","52,53237"
12057,201360,11,5,5030731,Gartenfelder Straße,2019,11,16,4,3,5,3,2,0,1,0,0,0,0,0,"787940,2308","5830042,034","13,24698","52,54416"
12058,201361,11,9,9010301,Baumschulenstraße,2019,11,22,4,3,0,1,2,0,0,0,0,0,1,0,"804293,7782","5822764,649","13,48075","52,47005"
12059,201362,11,8,8010118,Silbersteinstraße,2019,11,22,4,3,0,7,2,0,1,0,1,0,0,0,"801044,9064","5822061,404","13,43243","52,46554"
12060,201363,11,2,2020203,Viktoriapark,2019,11,19,4,3,0,2,2,0,1,0,1,0,0,1,"797471,968","5824553,361","13,38222","52,48984"
12061,201364,11,4,4051445,Eisenzahnstraße,2019,11,21,4,3,5,3,2,0,1,0,0,0,0,0,"792435,4243","5824093,489","13,30785","52,48844"
12062,201365,11,9,9020701,Adlershof West,2019,11,12,4,3,5,3,0,0,1,0,0,0,0,1,"807818,2944","5818416,066","13,52847","52,4291"
12063,201366,11,7,7060604,Marienfelde Süd,2019,11,11,4,3,9,1,0,0,1,0,0,0,0,1,"797581,119","5815565,231","13,37581","52,40921"
12064,201367,11,8,8010404,Rixdorf,2019,11,10,4,3,2,6,0,1,1,0,0,0,0,1,"802439,0736","5823196,956","13,45392","52,47495"
12065,201368,11,1,1011202,Unter den Linden Nord,2019,11,10,4,2,2,6,0,1,1,0,0,0,0,1,"797529,2153","5827586,68","13,38577","52,517"
12066,201369,11,2,2050802,Boxhagener Platz,2019,11,10,4,3,5,7,0,1,1,0,0,0,0,1,"802887,7992","5826678,811","13,46367","52,50591"
12067,201370,11,8,8010301,Reuterkiez,2019,11,10,4,3,0,6,0,0,1,0,1,0,0,1,"801628,0099","5824130,121","13,44286","52,48376"
12068,201371,11,7,7050505,Hundsteinweg,2019,11,9,4,3,4,7,0,1,0,0,0,0,0,0,"799073,3551","5818818,691","13,40059","52,43756"
12069,201372,11,11,11020514,Große-Leege-Straße,2019,11,9,4,3,6,4,0,0,1,1,0,0,0,1,"804188,8522","5830668,246","13,48643","52,54094"
12070,201373,11,5,5010101,Hakenfelde Nord,2019,11,8,4,3,0,1,0,0,0,0,1,0,0,1,"785185,9736","5831351,745","13,2076","52,55735"
12071,201374,11,4,4020313,Königin-Elisabeth-Straße,2019,11,8,4,2,6,4,0,0,0,1,1,0,0,1,"790335,9028","5826677,885","13,27927","52,51273"
12072,201375,11,4,4051446,Preußenpark,2019,11,8,4,2,6,2,0,0,0,1,0,1,0,1,"792830,7101","5824334,191","13,31386","52,49038"
12073,201376,11,4,4030827,Karl-August-Platz,2019,11,8,4,3,2,6,0,0,1,0,0,0,0,1,"792015,3363","5825978,74","13,30333","52,50556"
12074,201377,11,4,4030621,Spreestadt,2019,11,6,4,3,6,4,1,0,1,1,0,0,0,1,"794162,1609","5827016,237","13,33579","52,51371"
12075,201378,11,6,6030610,Lichterfelde West,2019,11,7,4,2,5,2,0,1,1,0,0,0,0,1,"792761,353","5817958,289","13,30725","52,43326"
12076,201379,11,7,7060604,Marienfelde Süd,2019,11,7,4,3,3,6,2,0,1,0,0,1,0,1,"797357,2763","5815535,572","13,37251","52,40907"
12077,201380,11,4,4030518,Tegeler Weg,2019,11,7,4,3,5,2,0,0,1,0,0,0,1,1,"791475,4752","5828279,733","13,29742","52,52648"
12078,201381,11,9,9010302,Späthsfelde,2019,11,16,4,2,5,3,2,1,1,0,0,0,0,0,"805033,9719","5820664,822","13,4897","52,45081"
12079,201382,11,4,4030931,Breitscheidplatz,2019,11,15,4,3,6,4,1,1,0,1,0,0,0,0,"793942,3317","5825896,636","13,33157","52,50379"
12080,201383,11,12,12214527,Alt-Tegel,2019,11,14,4,3,0,1,0,0,1,0,1,0,0,1,"790554,811","5834541,909","13,28936","52,58311"
12081,201384,11,11,11020514,Große-Leege-Straße,2019,11,14,4,3,6,4,0,0,0,1,0,0,1,1,"804591,754","5831059,06","13,49271","52,54422"
12082,201385,11,8,8020727,Buckow Mitte,2019,11,13,4,3,4,6,0,0,1,0,0,0,0,1,"801297,0415","5817483,584","13,432","52,42437"
12083,201386,11,5,5020523,Maulbeerallee,2019,11,7,4,3,5,2,0,0,1,0,1,0,0,1,"782233,6755","5827613,418","13,16099","52,52537"
12084,201387,11,4,4030931,Breitscheidplatz,2019,11,7,4,3,0,3,1,1,1,0,0,0,0,1,"794552,6692","5826005,746","13,34063","52,50444"
12085,201388,11,4,4030415,Schloßgarten,2019,11,6,4,3,6,2,2,0,1,1,0,0,0,1,"790787,13","5827381,817","13,28651","52,5188"
12086,201389,11,1,1011302,Oranienburger Straße,2019,11,9,4,3,3,6,0,1,1,0,0,0,0,1,"798270,6094","5828838,563","13,39778","52,52781"
12087,201390,11,5,5030731,Gartenfelder Straße,2019,11,6,4,3,7,7,2,1,0,0,0,0,0,1,"787852,6913","5829367,507","13,2451","52,53816"
12088,201391,11,1,1033203,Humboldthain Nordwest,2019,11,5,4,2,5,2,2,1,1,0,0,0,0,1,"796624,0888","5829798,597","13,37444","52,53732"
12089,201392,11,1,1011402,Arkonaplatz,2019,11,4,4,3,0,1,2,0,0,0,0,0,1,1,"798667,9164","5829439,915","13,40416","52,53299"
12090,201393,11,3,3071537,Kollwitzplatz,2019,11,13,3,3,6,4,0,0,1,1,0,0,0,1,"799478,3364","5829106,72","13,41578","52,52956"
12091,201394,11,1,1033102,Gesundbrunnen,2019,11,22,3,3,5,2,2,0,1,0,0,0,1,1,"796989,1207","5831491,733","13,38132","52,5523"
12092,201395,11,1,1011302,Oranienburger Straße,2019,11,22,3,2,6,4,2,0,0,1,1,0,0,1,"798027,7951","5828916,918","13,39429","52,52865"
12093,201396,11,4,4030518,Tegeler Weg,2019,11,23,3,3,2,6,2,0,1,0,0,0,0,1,"791525,4013","5828059,33","13,29796","52,52448"
12094,201397,11,11,11010103,Dorf Falkenberg,2019,11,21,3,3,5,3,2,1,1,0,0,0,0,1,"807997,922","5833894,418","13,54541","52,56772"
12095,201398,11,7,7040406,Germaniagarten,2019,11,19,3,3,1,5,2,0,1,0,0,0,1,0,"800203,122","5821228,524","13,41933","52,45854"
12096,201399,11,1,1011202,Unter den Linden Nord,2019,11,19,3,3,6,7,2,0,1,1,0,0,0,1,"797677,2795","5827911,846","13,38824","52,51983"
12097,201400,11,5,5010206,Gütersloher Weg,2019,11,19,3,3,6,2,2,0,1,1,0,0,0,1,"781830,8224","5830216,768","13,15727","52,54892"
12098,201401,11,7,7020203,Kaiser-Wilhelm-Platz,2019,11,20,3,2,6,2,2,0,1,1,0,0,0,1,"795383,5339","5824017,92","13,35107","52,48617"
12099,201402,11,3,3061126,Arnimplatz,2019,11,18,3,3,6,4,2,0,1,1,0,0,0,1,"798431,721","5831801,412","13,40281","52,55428"
12100,201403,11,10,10010204,Wuhletalstraße,2019,11,17,3,3,2,6,2,0,1,0,0,0,0,0,"809333,0434","5832727,959","13,56396","52,55651"
12101,201404,11,7,7040403,Manteuffelstraße,2019,11,17,3,3,6,2,2,0,1,1,0,0,0,0,"797290,3461","5821379,545","13,37672","52,46149"
12102,201405,11,8,8020622,Parchimer Allee,2019,11,17,3,2,6,4,1,0,1,1,0,0,0,0,"802381,5316","5819176,281","13,44944","52,43895"
12103,201406,11,8,8020620,Tempelhofer Weg,2019,11,16,3,3,2,6,2,0,1,0,0,1,0,0,"800566,0819","5820560,307","13,42405","52,45235"
12104,201407,11,11,11041022,Rosenfelder Ring,2019,11,16,3,3,5,2,2,1,1,0,0,0,0,0,"806577,5673","5827759,133","13,51886","52,51353"
12105,201408,11,4,4020310,Park Ruhwald,2019,11,15,3,3,5,2,0,0,1,0,0,0,1,0,"790068,3567","5827332,837","13,27591","52,51874"
12106,201409,11,4,4030623,Ernst-Reuter-Platz,2019,11,14,3,3,5,3,0,1,1,0,0,0,0,0,"793687,2508","5826349,208","13,32822","52,50799"
12107,201410,11,5,5010314,Carl-Schurz-Straße,2019,11,15,3,2,0,4,1,0,0,1,1,0,0,0,"785050,8371","5829397,024","13,20393","52,5399"
12108,201411,11,7,7070704,Nahariyastraße,2019,11,19,3,2,1,7,2,0,1,0,0,0,0,0,"800596,2101","5814147,322","13,41873","52,39485"
12109,201412,11,7,7020203,Kaiser-Wilhelm-Platz,2019,11,14,3,3,5,7,0,0,1,0,0,0,0,0,"795878,778","5824525,617","13,3588","52,49046"
12110,201413,11,9,9041401,Allende I,2019,11,14,3,3,2,6,0,0,1,0,0,0,0,0,"812035,6125","5820032,99","13,5918","52,4412"
12111,201414,11,4,4010102,Plötzensee,2019,11,14,3,3,5,2,0,0,1,0,0,0,0,0,"793341,4269","5829716,178","13,32611","52,53836"
12112,201415,11,4,4010101,Jungfernheide,2019,11,15,3,3,2,6,0,0,1,0,0,0,0,0,"791251,6529","5829731,114","13,2954","52,53961"
12113,201416,11,1,1033203,Humboldthain Nordwest,2019,11,11,3,3,1,5,0,0,1,0,0,0,0,0,"796436,2411","5830101,442","13,37195","52,54014"
12114,201417,11,11,11030720,Herzbergstraße,2019,11,11,3,3,2,6,0,0,1,0,0,0,0,0,"804934,7984","5829954,273","13,49674","52,53413"
12115,201418,11,7,7040403,Manteuffelstraße,2019,11,9,3,3,1,5,0,1,1,0,0,0,0,0,"796976,501","5820982,142","13,37176","52,4581"
12116,201419,11,9,9020802,Köllnische Vorstadt,2019,11,10,3,2,6,7,0,0,1,1,0,0,0,0,"810378,0267","5820333,648","13,56778","52,44484"
12117,201420,11,2,2050601,Hausburgviertel,2019,11,6,3,3,5,2,2,1,1,0,0,0,0,0,"801950,5779","5829055,516","13,45206","52,52773"
12118,201421,11,8,8010510,Gewerbegebiet Köllnische Heide,2019,11,9,3,3,5,3,0,0,1,0,0,0,1,0,"802234,4112","5822478,782","13,45027","52,46863"
12119,201422,11,8,8010404,Rixdorf,2019,11,9,3,3,0,7,0,0,1,0,0,0,0,0,"801749,0313","5822595,309","13,44325","52,46994"
12120,201423,11,4,4051446,Preußenpark,2019,11,8,3,3,5,2,0,1,1,0,0,0,0,0,"792948,3233","5825292,443","13,31643","52,49891"
12121,201424,11,1,1011402,Arkonaplatz,2019,11,8,3,3,5,3,0,1,1,0,0,0,0,0,"798815,7773","5829376,955","13,40628","52,53234"
12122,201425,11,7,7040405,Rathaus Tempelhof,2019,11,8,3,3,5,3,0,0,1,0,0,0,0,0,"798284,7479","5820981,802","13,39096","52,45738"
12123,201426,11,9,9010401,Johannisthal West,2019,11,7,3,3,2,2,0,1,1,0,0,0,0,1,"806152,0595","5820168,516","13,50564","52,44574"
12124,201427,11,2,2030402,Wrangelkiez,2019,11,7,3,3,8,1,1,1,0,0,0,0,0,1,"801435,8948","5825665,59","13,44143","52,49763"
12125,201428,11,3,3030715,Heinersdorf,2019,11,7,3,2,6,2,0,0,0,1,0,1,0,0,"800840,2585","5833477,497","13,43975","52,56798"
12126,201429,11,5,5010314,Carl-Schurz-Straße,2019,11,8,2,3,5,2,0,1,1,0,0,0,0,0,"785043,8548","5829397,788","13,20383","52,53991"
12127,201430,11,8,8020625,Handwerker-Siedlung,2019,11,17,2,3,6,2,2,0,1,1,0,0,0,1,"801392,3592","5819274,678","13,43502","52,44037"
12128,201431,11,9,9031001,Bohnsdorf,2019,11,18,2,3,5,2,2,1,0,0,0,1,0,1,"808820,4374","5814861,534","13,53988","52,39668"
12129,201432,11,4,4051655,Babelsberger Straße,2019,11,18,2,3,2,7,2,0,1,0,0,0,0,1,"793897,6156","5823106,64","13,32845","52,47881"
12130,201433,11,1,1022206,Lüneburger Straße,2019,11,17,2,3,0,1,2,1,0,0,0,0,0,1,"795485,3498","5827928,011","13,35604","52,52117"
12131,201434,11,6,6040810,Dahlem,2019,11,16,2,3,5,3,2,0,1,0,0,0,0,1,"790544,6683","5820806,461","13,27722","52,45998"
12132,201435,11,3,3061126,Arnimplatz,2019,11,17,2,3,5,2,2,1,1,0,0,0,0,1,"798652,4323","5831486,952","13,40578","52,55134"
12133,201436,11,2,2050802,Boxhagener Platz,2019,11,18,2,3,0,7,2,1,0,0,0,0,0,0,"802333,6273","5827096,643","13,45591","52,50996"
12134,201437,11,1,1011301,Charitéviertel,2019,11,16,2,3,6,2,1,0,1,1,0,0,0,1,"796671,5017","5828256,215","13,37376","52,52347"
12135,201438,11,12,12103117,Letteplatz,2019,11,16,2,3,6,6,2,0,1,1,0,0,0,1,"796680,2267","5832831,898","13,37798","52,56448"
12136,201439,11,11,11030618,Fennpfuhl West,2019,11,16,2,3,0,3,2,0,1,0,0,0,1,1,"802949,8521","5829190,496","13,46687","52,52839"
12137,201440,11,4,4051448,Schaperstraße,2019,11,17,2,3,5,3,2,0,1,0,0,0,0,1,"794157,6106","5825333,357","13,33423","52,49863"
12138,201441,11,9,9030901,Dorf Altglienicke,2019,11,17,2,2,6,4,2,0,1,1,0,0,0,1,"807558,5802","5815389,046","13,52188","52,40212"
12139,201442,11,10,10010309,Springpfuhl,2019,11,15,2,3,5,2,0,1,1,0,0,0,0,1,"807911,9759","5830177,709","13,5407","52,53446"
12140,201443,11,1,1011202,Unter den Linden Nord,2019,11,17,2,3,6,4,2,1,0,1,0,0,0,1,"797133,6846","5827775,028","13,38012","52,5189"
12141,201444,11,2,2040701,Andreasviertel,2019,11,15,2,3,5,3,0,1,0,0,0,0,1,1,"800580,2547","5827008,28","13,43008","52,51014"
12142,201445,11,3,3020209,Niederschönhausen,2019,11,13,2,2,5,3,1,1,1,0,0,0,0,1,"798342,175","5834830,075","13,40422","52,58148"
12143,201446,11,7,7040401,Neu-Tempelhof,2019,11,17,2,2,6,2,2,0,1,1,0,0,0,1,"798342,1013","5823947,405","13,39445","52,48393"
12144,201447,11,12,12304314,Ziekowstraße/Freie Scholle,2019,11,13,2,3,5,3,0,0,1,0,0,0,0,1,"791240,003","5836664,237","13,30131","52,60177"
12145,201448,11,4,4051551,Brabanter Platz,2019,11,13,2,3,2,3,0,1,1,0,0,0,0,1,"793093,0227","5822997,539","13,31654","52,47826"
12146,201449,11,5,5020627,Tiefwerder,2019,11,17,2,3,2,6,2,0,1,0,0,0,1,1,"785139,2184","5828332,419","13,20432","52,5303"
12147,201450,11,12,12302211,Lübarser Straße,2019,11,17,2,3,6,2,2,0,0,1,0,0,1,1,"792920,4925","5837069,227","13,32642","52,6045"
12148,201451,11,12,12214422,Klixstraße,2019,11,12,2,2,5,2,0,1,0,0,0,1,0,0,"792185,4295","5832956,495","13,31197","52,56803"
12149,201452,11,10,10040931,Mahlsdorf Nord,2019,11,19,2,3,1,5,2,0,1,0,1,0,0,1,"813204,3675","5828907,529","13,61728","52,52006"
12150,201453,11,1,1022106,Elberfelder Straße,2019,11,12,2,2,5,2,0,0,1,0,1,0,0,1,"794556,4402","5828348,398","13,34276","52,52544"
12151,201454,11,1,1011302,Oranienburger Straße,2019,11,19,2,3,2,6,2,0,1,0,1,0,0,1,"798603,1404","5829069,096","13,40288","52,5297"
12152,201455,11,4,4010101,Jungfernheide,2019,11,10,2,3,5,2,0,0,1,0,0,0,1,1,"791287,883","5830670,435","13,29675","52,54801"
12153,201456,11,5,5020521,Döberitzer Weg,2019,11,9,2,2,5,2,0,0,1,0,0,0,0,0,"780070,8961","5827690,35","13,12926","52,52717"
12154,201457,11,6,6010207,Mittelstraße,2019,11,9,2,3,2,2,0,0,1,0,0,0,0,1,"794267,9047","5820262,018","13,33138","52,45311"
12155,201458,11,3,3040614,Pankow Zentrum,2019,11,9,2,3,6,4,0,0,1,1,0,0,0,0,"797873,8896","5833063,372","13,39574","52,5659"
12156,201459,11,9,9020601,Schnellerstraße,2019,11,8,2,2,6,4,0,0,1,1,0,0,0,1,"806506,016","5821467,725","13,51203","52,45719"
12157,201460,11,9,9051901,Dammvorstadt,2019,11,8,2,3,5,2,0,1,1,0,0,0,0,1,"810475,9952","5821194,308","13,57001","52,4525"
12158,201461,11,1,1022104,Emdener Straße,2019,11,8,2,3,5,2,0,1,0,0,0,0,1,0,"794542,7963","5829072,984","13,3432","52,53194"
12159,201462,11,1,1011301,Charitéviertel,2019,11,8,2,3,0,1,0,1,0,0,0,0,0,1,"797303,9626","5829025,118","13,38374","52,53001"
12160,201463,11,7,7050501,Rathausstraße,2019,11,7,2,3,2,6,0,0,1,0,1,0,0,1,"797121,2908","5819459,109","13,37253","52,44436"
12161,201464,11,8,8010301,Reuterkiez,2019,11,7,2,3,1,5,0,1,1,0,0,0,1,1,"800997,5171","5824808,742","13,43422","52,4902"
12162,201465,11,6,6020409,Königsberger Straße,2019,11,7,2,3,6,4,0,0,1,1,0,0,0,1,"793806,638","5818010,137","13,32263","52,43317"
12163,201466,11,12,12214125,Waldidyll/Flughafensee,2019,11,6,2,2,5,2,2,0,1,0,0,0,1,1,"792614,3976","5832068,916","13,31749","52,55984"
12164,201467,11,2,2040703,Wriezener Bahnhof/Entwicklungsgebiet,2019,11,16,1,2,6,4,2,0,1,1,0,0,0,1,"801413,899","5826411,347","13,44178","52,50433"
12165,201468,11,12,12103219,Schäfersee,2019,11,15,1,3,0,3,0,0,1,0,1,0,0,1,"795225,1057","5832472,284","13,35625","52,56205"
12166,201469,11,3,3050925,Komponistenviertel Weißensee,2019,11,15,1,3,5,3,0,1,1,0,0,0,0,1,"802703,2938","5831775,814","13,4656","52,5517"
12167,201470,11,9,9020802,Köllnische Vorstadt,2019,11,14,1,3,1,7,0,1,0,0,0,0,1,1,"810692,847","5819595,206","13,57171","52,43804"
12168,201471,11,9,9051801,Rahnsdorf/Hessenwinkel,2019,11,13,1,3,0,7,0,0,0,0,1,0,0,1,"821418,6346","5819147,139","13,72853","52,42783"
12169,201472,11,2,2010101,Askanischer Platz,2019,11,10,1,3,5,3,0,0,1,0,0,0,0,1,"797592,1078","5825950,103","13,38523","52,50229"
12170,201473,11,6,6030504,Teltower Damm,2019,11,9,1,3,5,3,0,0,1,0,0,0,0,1,"789600,3742","5817095,781","13,26014","52,42721"
12171,201474,11,12,12231101,Hermsdorf,2019,11,8,1,3,5,3,0,0,1,0,1,0,0,1,"792121,0396","5838486,812","13,3159","52,61764"