,id,city,district,lor,street,year,month,hour,weekday,category,collision,movement,light_conditions,bicycle,car,pedestrian,motorbike,truck,other_vehicle,road_conditions,LINREFX,LINREFY,XGCSWGS84,YGCSWGS84
13042,202345,11,12,12304313,Borsigwalde,2019,12,21,2,3,6,2,2,0,1,1,0,0,0,1,"791659,0069","5834473,814","13,30556","52,58191"
13043,202346,11,2,2020205,Chamissokiez,2019,12,20,2,3,0,1,2,1,0,0,0,0,0,1,"798763,1928","5824008,528","13,40069","52,48425"
13044,202347,11,4,4030931,Breitscheidplatz,2019,12,11,7,3,6,4,0,0,1,1,0,0,0,1,"794317,8454","5825929,701","13,33711","52,50389"
13045,202348,11,12,12214527,Alt-Tegel,2019,12,11,7,3,5,2,0,0,1,0,0,0,0,0,"790132,7849","5835779,824","13,28424","52,59443"
13046,202349,11,4,4030931,Breitscheidplatz,2019,12,19,2,3,5,7,2,1,1,0,0,0,0,1,"794367,2447","5825669,281","13,33761","52,50153"
13047,202350,11,1,1033201,Brunnenstraße,2019,12,19,2,3,6,2,2,0,1,1,0,0,0,1,"797906,4966","5830317,153","13,39376","52,54127"
13048,202351,11,4,4030931,Breitscheidplatz,2019,12,11,7,3,2,6,0,0,1,0,0,0,0,1,"793923,3475","5825761,264","13,33117","52,50259"
13049,202352,11,8,8010404,Rixdorf,2019,12,6,7,3,6,2,2,0,1,1,0,0,0,1,"802023,5427","5823481,873","13,44808","52,47774"
13050,202353,11,5,5020524,Weinmeisterhornweg,2019,12,4,7,3,5,3,2,0,1,0,0,0,0,1,"783046,096","5826061,55","13,17161","52,51103"
13051,202354,11,4,4030623,Ernst-Reuter-Platz,2019,12,16,2,3,3,6,2,1,1,0,0,0,0,0,"793650,0796","5826067,466","13,32743","52,50548"
13052,202355,11,6,6030610,Lichterfelde West,2019,12,7,2,3,5,2,1,0,1,0,0,0,1,0,"792007,6047","5818957,345","13,29707","52,44262"
13053,202356,11,4,4041343,Binger Straße,2019,12,9,7,3,5,2,0,1,1,0,0,0,0,1,"792667,5784","5823054,809","13,31035","52,479"
13054,202357,11,1,1011201,Wilhelmstraße,2019,12,1,7,3,8,1,2,0,1,0,0,0,0,1,"796974,6614","5826705,424","13,37683","52,5094"
13055,202358,11,1,1044201,Reinickendorfer Straße,2019,12,9,2,3,0,3,0,0,1,0,1,0,0,0,"796336,7568","5831650,034","13,37187","52,55407"
13056,202359,11,2,2010102,Mehringplatz,2019,12,6,2,3,5,3,2,0,1,0,0,0,1,0,"798346,9798","5825549,214","13,39596","52,49829"
13057,202360,11,11,11041023,Gensinger Straße,2019,12,19,7,2,6,4,2,0,1,1,0,0,0,1,"806840,3518","5827740,414","13,5227","52,51322"
13058,202361,11,8,8010118,Silbersteinstraße,2019,12,19,7,3,5,3,2,0,1,0,0,0,1,1,"801090,3293","5821972,964","13,43302","52,46473"
13059,202362,11,9,9020701,Adlershof West,2019,12,5,2,3,5,3,2,1,1,0,0,0,0,1,"807641,3515","5819358,644","13,52674","52,43765"
13060,202363,11,1,1044201,Reinickendorfer Straße,2019,12,19,7,3,5,2,2,0,1,0,0,0,0,1,"796693,4257","5831634,478","13,3771","52,55374"
13061,202364,11,1,1044101,Rehberge,2019,12,18,2,3,3,6,2,1,1,0,0,0,0,1,"794889,2155","5831280,14","13,35025","52,55154"
13062,202365,11,2,2010102,Mehringplatz,2019,12,18,7,3,2,6,2,0,1,0,1,0,0,1,"798201,1233","5826382,696","13,39456","52,50584"
13063,202366,11,8,8010404,Rixdorf,2019,12,18,7,3,1,5,2,1,1,0,0,0,0,1,"802070,3494","5823442,089","13,44873","52,47735"
13064,202367,11,6,6020305,Gemeindepark Lankwitz,2019,12,18,2,3,2,6,2,0,1,0,1,0,0,0,"795411,998","5817614,535","13,34583","52,42876"
13065,202368,11,12,12214424,Scharnweberstraße,2019,12,17,2,3,5,3,2,1,1,0,0,0,0,1,"792559,8661","5832822,093","13,31736","52,56662"
13066,202369,11,11,11040926,Weitlingstraße,2019,12,18,7,3,2,6,2,0,1,0,0,0,0,1,"806340,8124","5826853,462","13,51455","52,50555"
13067,202370,11,8,8010211,Flughafenstraße,2019,12,18,7,3,2,6,2,0,1,0,0,0,0,0,"800897,2038","5823846,951","13,43188","52,48163"
13068,202371,11,1,1044102,Schillerpark,2019,12,17,2,3,5,7,2,0,1,0,1,0,0,1,"795310,281","5832243,637","13,3573","52,55995"
13069,202372,11,11,11010310,Mühlengrund,2019,12,17,2,3,2,6,2,0,1,0,0,0,0,1,"805745,3024","5833555,975","13,51197","52,56595"
13070,202373,11,5,5010339,Freiheit,2019,12,18,7,3,5,2,2,1,1,0,0,0,0,1,"787938,6055","5827887,629","13,24509","52,52484"
13071,202374,11,2,2020203,Viktoriapark,2019,12,20,6,3,6,4,2,0,0,1,0,0,1,0,"797505,209","5824003,044","13,38221","52,48489"
13072,202375,11,10,10010311,Landsberger Tor,2019,12,16,2,3,2,6,2,0,1,0,0,0,0,2,"810356,8533","5831816,03","13,57816","52,54775"
13073,202376,11,9,9030901,Dorf Altglienicke,2019,12,20,6,3,6,4,2,0,0,1,0,0,1,1,"807701,3701","5817727,85","13,52612","52,423"
13074,202377,11,8,8041037,Alt-Rudow,2019,12,14,2,2,0,3,0,0,0,0,1,0,1,1,"805256,4531","5817385,557","13,48996","52,4213"
13075,202378,11,2,2020204,Urbanstraße,2019,12,13,2,3,2,6,0,0,1,0,0,0,0,0,"798322,6994","5825114,179","13,39521","52,4944"
13076,202379,11,12,12224230,Heiligensee,2019,12,20,6,2,4,6,2,1,0,0,0,0,0,0,"787228,2787","5836084,627","13,24174","52,59871"
13077,202380,11,3,3071639,Bötzowstraße,2019,12,12,2,3,9,1,0,0,1,0,0,0,1,1,"800914,6622","5829196,318","13,43697","52,52957"
13078,202381,11,7,7010102,Nollendorfplatz,2019,12,16,6,3,6,4,2,1,0,1,0,0,0,1,"795079,1756","5825806,797","13,34819","52,50237"
13079,202382,11,4,4051549,Rathaus Wilmersdorf,2019,12,9,2,3,2,6,0,0,1,0,0,0,0,0,"793311,5968","5823898,701","13,32054","52,48622"
13080,202383,11,10,10010308,Marzahner Chaussee,2019,12,18,1,3,5,3,2,0,1,0,0,0,1,1,"806330,9182","5830178,569","13,51747","52,53535"
13081,202384,11,6,6030609,Augustaplatz,2019,12,17,6,3,6,2,2,0,1,1,0,0,0,1,"793263,586","5819084,045","13,31561","52,44309"
13082,202385,11,12,12302212,Rollbergesiedlung,2019,12,17,6,3,6,4,2,0,1,1,0,0,0,1,"793386,013","5837768,309","13,33389","52,61051"
13083,202386,11,4,4051446,Preußenpark,2019,12,2,1,3,5,3,2,0,1,0,0,0,0,1,"793075,724","5825004,254","13,31805","52,49626"
13084,202387,11,9,9052001,Köpenick Nord,2019,12,17,6,3,6,4,2,0,1,1,0,0,0,1,"811039,3435","5821968,707","13,579","52,45912"
13085,202388,11,1,1011402,Arkonaplatz,2019,12,17,6,3,0,2,2,0,1,1,0,0,0,1,"798310,1139","5829387,754","13,39886","52,53272"
13086,202389,11,12,12103219,Schäfersee,2019,12,17,6,3,6,2,2,0,1,1,0,0,0,1,"795612,3387","5833076,894","13,36249","52,56725"
13087,202390,11,3,3050924,Behaimstraße,2019,12,17,6,3,6,4,2,0,1,1,0,0,0,1,"801392,584","5831509,618","13,44609","52,55004"
13088,202391,11,4,4051551,Brabanter Platz,2019,12,15,6,3,5,2,1,1,1,0,0,0,0,1,"793334,31","5823067,532","13,32015","52,47876"
13089,202392,11,8,8041040,Waltersdorfer Chaussee Ost,2019,12,17,1,2,1,5,2,0,1,0,0,1,0,1,"805892,7135","5816925,332","13,49887","52,41682"
13090,202393,11,4,4041344,Rüdesheimer Platz,2019,12,19,1,3,5,3,2,1,1,0,0,0,0,1,"792819,0727","5821879,015","13,31154","52,46838"
13091,202394,11,10,10010310,Alt-Marzahn,2019,12,16,6,3,5,3,2,1,1,0,0,0,0,1,"809874,8432","5831436,647","13,57072","52,54463"
13092,202395,11,8,8020727,Buckow Mitte,2019,12,16,6,3,2,6,2,0,1,0,0,0,0,1,"801212,7906","5817164,724","13,43048","52,42156"
13093,202396,11,6,6030609,Augustaplatz,2019,12,16,6,3,8,1,2,0,1,0,0,0,0,1,"793030,9625","5818150,574","13,31138","52,43484"
13094,202397,11,12,12214125,Waldidyll/Flughafensee,2019,12,19,1,3,2,6,2,0,1,0,0,0,0,0,"791176,3407","5830884,699","13,2953","52,54999"
13095,202398,11,1,1044201,Reinickendorfer Straße,2019,12,16,6,3,2,6,2,0,1,0,0,0,1,1,"796461,0561","5831649,509","13,3737","52,554"
13096,202399,11,6,6040807,Zehlendorf Eiche,2019,12,17,1,3,5,3,2,0,1,0,0,0,0,1,"789719,2386","5818444,227","13,26305","52,43924"
13097,202400,11,6,6030503,Zehlendorf Mitte,2019,12,12,6,2,2,7,0,0,1,0,0,0,0,1,"791014,0188","5818627,909","13,28221","52,4402"
13098,202401,11,9,9051901,Dammvorstadt,2019,12,22,6,3,6,2,2,0,1,1,0,0,0,1,"812066,9852","5821206,835","13,59336","52,4517"
13099,202402,11,6,6040804,Krumme Lanke,2019,12,17,1,3,6,7,2,1,0,1,0,0,0,1,"787629,3641","5818129,555","13,23212","52,43752"
13100,202403,11,2,2010103,Moritzplatz,2019,12,21,6,3,6,2,2,0,1,1,0,0,0,1,"799032,7271","5826075,067","13,4065","52,50263"
13101,202404,11,4,4030519,Kaiserin-Augusta-Allee,2019,12,20,6,3,5,7,2,0,1,0,0,0,1,1,"792357,4517","5828664,444","13,31072","52,52946"
13102,202405,11,10,10010310,Alt-Marzahn,2019,12,19,6,3,2,6,2,0,1,0,0,0,0,1,"809496,3944","5831430,625","13,56515","52,54479"
13103,202406,11,4,4010101,Jungfernheide,2019,12,16,1,3,5,3,2,0,1,0,0,0,0,0,"791209,4445","5829731,007","13,29478","52,53963"
13104,202407,11,9,9020701,Adlershof West,2019,12,19,6,3,5,3,2,0,1,0,0,0,0,1,"807709,5473","5818115,241","13,5266","52,42647"
13105,202408,11,6,6010207,Mittelstraße,2019,12,19,6,3,5,3,2,0,1,0,0,0,0,1,"793470,5239","5820167,247","13,31959","52,45268"
13106,202409,11,8,8010301,Reuterkiez,2019,12,14,1,3,5,3,0,1,1,0,0,0,0,1,"800548,8694","5824778,16","13,4276","52,49017"
13107,202410,11,8,8010214,Glasower Straße,2019,12,19,6,3,2,6,2,0,1,0,0,0,0,1,"801757,9517","5822043,234","13,44288","52,46499"
13108,202411,11,8,8041038,Waßmannsdorfer Chaussee,2019,12,14,1,2,5,2,0,0,1,0,0,0,0,1,"806239,8661","5816367,322","13,50345","52,41162"
13109,202412,11,7,7020203,Kaiser-Wilhelm-Platz,2019,12,19,6,3,0,4,2,1,0,1,0,0,0,1,"795024,2116","5823837,194","13,34564","52,48475"
13110,202413,11,4,4020310,Park Ruhwald,2019,12,18,6,3,2,6,2,0,1,0,0,0,0,1,"790570,5711","5827354,22","13,28331","52,51867"
13111,202414,11,4,5030833,Motardstraße,2019,12,13,1,3,2,6,0,0,1,0,0,0,0,1,"790385,3998","5829032,04","13,28205","52,53381"
13112,202415,11,12,12214125,Waldidyll/Flughafensee,2019,12,11,1,3,5,2,0,0,1,0,0,0,0,1,"791167,2519","5834028,102","13,29793","52,57818"
13113,202416,11,12,12304314,Ziekowstraße/Freie Scholle,2019,12,18,6,3,6,4,2,0,1,1,0,0,0,1,"791262,756","5836437,614","13,30145","52,59973"
13114,202417,11,4,4031032,Halensee,2019,12,18,6,3,0,7,2,0,1,0,0,0,0,1,"791588,2801","5825300,547","13,29646","52,49971"
13115,202418,11,9,9010401,Johannisthal West,2019,12,6,1,3,8,1,2,0,1,0,0,0,0,2,"805509,3872","5821509,585","13,49744","52,45812"
13116,202419,11,4,4030623,Ernst-Reuter-Platz,2019,12,5,1,3,9,1,2,0,1,0,0,0,0,1,"793516,7098","5826486,229","13,32584","52,50931"
13117,202420,11,4,4041241,Breite Straße,2019,12,18,6,2,6,4,2,1,0,1,0,0,0,1,"791528,3914","5822489,752","13,29312","52,47455"
13118,202421,11,5,5030833,Motardstraße,2019,12,16,6,2,6,2,2,0,1,1,0,0,0,1,"789210,131","5829267,959","13,26498","52,53655"
13119,202422,11,4,4030929,Hindemithplatz,2019,12,16,6,2,0,7,2,1,0,0,0,0,0,1,"792660,2197","5825767,023","13,31262","52,50332"
13120,202423,11,9,9041301,Kietzer Feld/Nachtheide,2019,12,5,1,3,9,1,2,0,1,0,0,0,0,1,"813786,8915","5818810,987","13,61634","52,42925"
13121,202424,11,2,2050801,Traveplatz,2019,12,14,6,3,5,3,0,0,1,0,0,0,0,1,"802556,1195","5827390,821","13,45945","52,51248"
13122,202425,11,1,1011304,Karl-Marx-Allee,2019,12,1,1,2,5,3,2,1,1,0,0,0,0,1,"799730,1518","5827539,762","13,41807","52,51537"
13123,202426,11,9,9030902,Wohngebiet II,2019,12,14,6,3,5,2,0,1,1,0,0,0,0,1,"807990,7561","5815469,408","13,52828","52,40259"
13124,202427,11,4,4041134,Bismarckallee,2019,12,10,6,3,5,3,0,1,1,0,0,0,0,1,"790282,5033","5824205,667","13,27633","52,49059"
13125,202428,11,3,3030715,Heinersdorf,2019,12,12,1,3,2,6,0,0,1,0,0,0,0,0,"801100,5334","5834663,613","13,44466","52,57847"
13126,202429,11,11,11040926,Weitlingstraße,2019,12,9,6,3,5,3,0,0,1,0,0,0,0,1,"804690,2383","5826668,96","13,49014","52,50482"
13127,202430,11,4,4041136,Hagenplatz,2019,12,9,6,3,6,4,0,0,1,1,0,0,0,1,"790695,9009","5822714,865","13,2811","52,47701"
13128,202431,11,8,8010213,Körnerpark,2019,12,8,6,3,5,7,0,1,1,0,0,0,0,0,"801172,7026","5822731,32","13,43491","52,47148"
13129,202432,11,11,11030720,Herzbergstraße,2019,12,0,1,1,6,4,2,0,1,1,0,0,0,1,"806129,6254","5830144,447","13,51448","52,53516"
13130,202433,11,8,8010302,Bouchéstraße,2019,12,14,7,2,5,7,0,0,1,0,1,0,0,1,"801545,281","5824656,689","13,44212","52,48853"
13131,202434,11,2,2020206,Graefekiez,2019,12,8,6,3,0,1,0,1,0,0,0,0,0,0,"800154,1611","5824656,594","13,4217","52,4893"
13132,202435,11,8,8041036,Zittauer Straße,2019,12,14,2,3,5,3,0,0,1,0,0,0,0,0,"805259,2708","5817236,945","13,48987","52,41997"
13133,202436,11,8,8010211,Flughafenstraße,2019,12,13,2,3,1,5,0,1,1,0,0,0,0,0,"800712,8859","5823798,449","13,42913","52,4813"
13134,202437,11,12,12103117,Letteplatz,2019,12,11,2,3,5,3,0,0,1,0,0,0,0,0,"796698,9583","5833013,311","13,37842","52,56609"
13135,202438,11,8,8010303,Donaustraße,2019,12,10,2,3,5,2,0,0,1,0,1,0,0,0,"801020,6419","5823900,756","13,43374","52,48204"
13136,202439,11,4,4010102,Plötzensee,2019,12,8,2,3,6,4,0,0,0,1,1,0,0,0,"792767,3422","5830589,59","13,31844","52,54649"
13137,202440,11,6,6020410,Oberhofer Platz,2019,12,21,2,2,5,3,2,0,1,0,0,1,0,0,"794482,9597","5816586,098","13,3313","52,42004"
13138,202441,11,9,9020501,Oberschöneweide West,2019,12,6,2,2,0,1,2,1,0,0,0,0,0,0,"806522,6645","5822605,728","13,51332","52,46738"
13139,202442,11,8,8030831,Gropiusstadt Ost,2019,12,16,1,3,6,7,2,0,1,1,0,0,0,0,"803392,0594","5817533,829","13,46277","52,42367"
13140,202443,11,11,11040925,Victoriastadt,2019,12,15,1,3,5,3,0,0,1,0,0,0,0,0,"803410,3577","5826620,938","13,4713","52,5051"
13141,202444,11,4,4041238,Kissinger Straße,2019,12,14,1,3,2,6,0,0,1,0,0,0,0,0,"791685,308","5823702,264","13,29649","52,48533"
13142,202445,11,6,6020303,Lankwitz Kirche,2019,12,4,1,3,5,3,2,0,1,0,0,0,0,0,"795662,8328","5818244,407","13,35006","52,43427"
13143,202446,11,4,4030827,Karl-August-Platz,2019,12,2,1,3,1,5,2,0,1,0,0,0,0,0,"792139,7349","5826114,513","13,30528","52,50671"
13144,202447,11,11,11010205,Falkenberg West,2019,12,21,7,2,6,4,2,0,1,1,0,0,0,0,"806882,0673","5832599,053","13,5278","52,55674"
13145,202448,11,1,1011302,Oranienburger Straße,2019,12,21,7,3,1,5,2,0,1,0,0,0,1,0,"798641,4761","5828885,229","13,40328","52,52803"
13146,202449,11,8,8010510,Gewerbegebiet Köllnische Heide,2019,12,20,7,3,2,2,2,0,1,0,0,0,0,1,"803172,2454","5821961,847","13,46356","52,46348"
13147,202450,11,1,1044201,Reinickendorfer Straße,2019,12,17,7,3,6,7,2,0,1,1,0,0,0,0,"796836,9495","5831562,889","13,37915","52,55302"
13148,202451,11,1,1022205,Zillesiedlung,2019,12,16,7,3,0,1,2,1,0,0,0,0,0,0,"795998,1443","5828687,65","13,36425","52,5277"
13149,202452,11,7,7040405,Rathaus Tempelhof,2019,12,17,7,3,6,4,2,0,1,1,0,0,0,0,"798020,0347","5821181,453","13,38725","52,45931"
13150,202453,11,2,2040502,Friedenstraße,2019,12,15,7,3,6,3,0,1,0,1,0,0,0,0,"800734,159","5828488,312","13,43367","52,52332"
13151,202454,11,6,6010205,Südende,2019,12,14,7,3,6,4,0,0,1,1,0,0,0,0,"795879,6559","5819859,13","13,35467","52,44862"
13152,202455,11,8,8020623,Ortolanweg,2019,12,13,7,3,5,3,0,0,1,0,0,0,1,0,"803003,7524","5819891,92","13,45921","52,44502"
13153,202456,11,1,1011303,Alexanderplatzviertel,2019,12,12,7,3,5,3,0,0,0,0,0,0,1,0,"798668,3023","5828150,346","13,40301","52,52143"
13154,202457,11,4,4030417,Schloßstraße,2019,12,12,7,3,5,7,0,0,1,0,1,0,0,0,"791745,9242","5827246,031","13,30048","52,51707"
13155,202458,11,8,8010301,Reuterkiez,2019,12,12,7,3,6,4,0,0,1,1,0,0,0,0,"800887,1957","5824280,219","13,43212","52,48552"
13156,202459,11,2,2030302,Lausitzer Platz,2019,12,7,7,3,5,3,2,1,1,0,0,0,0,0,"801155,9098","5825955,241","13,43758","52,50038"
13157,202460,11,8,8010301,Reuterkiez,2019,12,23,7,2,0,1,2,1,0,0,0,0,0,0,"800848,2109","5824514,695","13,43176","52,48764"
13158,202461,11,1,1011305,Heine-Viertel West,2019,12,0,7,2,5,3,2,0,1,0,0,0,1,0,"799648,7025","5827039,634","13,41642","52,51093"
13159,202462,11,4,4030620,Alt-Lietzow,2019,12,0,6,2,8,1,2,0,1,0,0,0,0,1,"792747,344","5827036,616","13,31502","52,51465"
13160,202463,11,1,1022103,Westhafen,2019,12,16,6,3,5,3,2,1,1,0,0,0,0,0,"795130,1952","5829614,96","13,35232","52,53648"
13161,202464,11,2,2020206,Graefekiez,2019,12,13,6,3,0,7,0,0,1,0,0,0,0,0,"799506,9887","5824517,295","13,41207","52,4884"
13162,202465,11,9,9052001,Köpenick Nord,2019,12,10,6,3,3,6,0,1,1,0,0,0,0,1,"810798,3568","5822472,423","13,57593","52,46377"
13163,202466,11,7,7030303,Grazer Platz,2019,12,10,6,3,0,3,0,0,0,0,1,0,1,1,"795069,6735","5821620,117","13,34434","52,46485"
13164,202467,11,2,2020204,Urbanstraße,2019,12,9,6,3,8,1,0,0,1,0,0,0,0,1,"798706,7547","5824670,025","13,40045","52,49021"
13165,202468,11,4,4041134,Bismarckallee,2019,12,7,6,3,5,3,1,1,0,0,0,0,1,0,"790853,0404","5823648,413","13,28422","52,48529"
13166,202469,11,1,1011103,Lützowstraße,2019,12,21,6,3,2,6,2,0,1,0,0,0,0,1,"795841,8159","5826022,823","13,35958","52,5039"
13167,202470,11,5,5010311,Eiswerder,2019,12,20,6,3,6,2,2,0,1,1,0,0,0,1,"785200,787","5830989,067","13,2075","52,55409"
13168,202471,11,4,4041344,Rüdesheimer Platz,2019,12,19,6,3,1,5,2,1,1,0,0,0,0,0,"792983,1748","5822335,656","13,31435","52,47239"
13169,202472,11,8,8020622,Parchimer Allee,2019,12,17,6,3,2,6,2,0,1,0,0,0,0,1,"801367,4298","5819295,065","13,43467","52,44057"
13170,202473,11,7,7020204,Schöneberger Insel,2019,12,17,6,3,5,3,2,1,1,0,0,0,0,1,"796273,1528","5823229,024","13,36344","52,47862"
13171,202474,11,11,11030720,Herzbergstraße,2019,12,16,6,3,5,3,2,0,1,0,0,0,0,1,"805141,3927","5829994,533","13,49982","52,53437"
13172,202475,11,9,9051702,Bölschestraße,2019,12,19,6,2,6,4,2,0,1,1,0,0,0,1,"814202,1797","5821282,295","13,62475","52,45116"
13173,202476,11,3,3040513,Schönholz,2019,12,14,6,2,0,1,0,1,0,0,0,0,0,1,"798043,3684","5833591,008","13,39871","52,57054"
13174,202477,11,6,6040807,Zehlendorf Eiche,2019,12,9,6,2,5,3,0,1,1,0,0,0,0,1,"789992,8808","5819150,955","13,26768","52,44543"
13175,202478,11,12,12103116,Hausotterplatz,2019,12,17,5,3,2,2,2,1,1,0,0,0,0,1,"795892,0684","5833185,194","13,3667","52,56807"
13176,202479,11,8,8010404,Rixdorf,2019,12,20,5,3,5,3,2,0,1,0,0,0,0,1,"802483,9387","5823139,997","13,45453","52,47442"
13177,202480,11,10,10020622,Kaulsdorf Nord I,2019,12,17,5,3,5,2,2,0,1,0,0,0,0,1,"811142,72","5829166,158","13,58723","52,52356"
13178,202481,11,11,11020514,Große-Leege-Straße,2019,12,17,5,3,5,3,2,0,1,0,0,0,0,1,"804684,0909","5830729,188","13,49377","52,54121"
13179,202482,11,11,11051229,Rummelsburg,2019,12,17,5,3,2,6,2,0,1,0,1,0,0,1,"803731,8712","5826229,116","13,47566","52,50141"
13180,202483,11,8,8010303,Donaustraße,2019,12,16,5,3,5,3,2,0,1,0,0,0,0,1,"800670,1395","5824245,421","13,4289","52,48533"
13181,202484,11,1,1033201,Brunnenstraße,2019,12,11,5,3,0,1,0,0,1,0,1,0,0,1,"798304,308","5830113,415","13,39942","52,53922"
13182,202485,11,9,9051702,Bölschestraße,2019,12,9,5,3,0,1,0,1,0,0,0,0,0,1,"814202,7415","5821334,285","13,62481","52,45162"
13183,202486,11,5,5020625,Borkumer Straße,2019,12,2,5,3,8,1,2,0,1,0,0,0,0,1,"784570,7211","5828185,06","13,19583","52,52928"
13184,202487,11,4,4030518,Tegeler Weg,2019,12,0,5,3,0,1,2,0,0,0,0,0,1,1,"791718,4076","5828239,882","13,30095","52,52599"
13185,202488,11,11,11030720,Herzbergstraße,2019,12,15,5,2,5,1,0,0,1,0,0,0,0,1,"806107,755","5830140,718","13,51415","52,53514"
13186,202489,11,9,9010301,Baumschulenstraße,2019,12,14,5,2,5,2,0,0,1,0,0,0,0,1,"805016,5854","5822703,432","13,4913","52,4691"
13187,202490,11,1,1033203,Humboldthain Nordwest,2019,12,6,5,2,3,6,2,1,1,0,0,0,0,1,"796971,2726","5831449,963","13,38102","52,55193"
13188,202491,11,4,4051655,Babelsberger Straße,2019,12,12,4,3,5,2,0,0,1,0,0,0,0,1,"793891,2195","5823091,498","13,32834","52,47867"
13189,202492,11,1,1033201,Brunnenstraße,2019,12,23,4,3,5,7,2,0,1,0,1,0,0,1,"798024,2269","5830081,595","13,39528","52,53909"
13190,202493,11,4,4030929,Hindemithplatz,2019,12,19,4,3,2,7,2,0,1,0,0,0,0,1,"792340,1211","5825392,822","13,30759","52,50014"
13191,202494,11,7,7030303,Grazer Platz,2019,12,16,4,3,1,1,2,0,1,0,0,0,1,1,"795440,3527","5820986,3","13,34922","52,45897"
13192,202495,11,8,8020728,Buckow Ost,2019,12,13,4,3,5,3,0,0,1,0,0,0,1,1,"801895,1904","5816959,605","13,4403","52,41935"
13193,202496,11,4,4020208,Kranzallee,2019,12,23,3,3,6,2,2,0,1,1,0,0,0,1,"788803,6302","5825929,404","13,2561","52,50683"
13194,202497,11,9,9010301,Baumschulenstraße,2019,12,21,3,3,5,2,2,0,1,0,0,0,0,1,"805015,8246","5822702,247","13,49129","52,46909"
13195,202498,11,5,5010101,Hakenfelde Nord,2019,12,20,3,3,6,2,2,0,1,1,0,0,0,1,"785231,4041","5831827,239","13,20867","52,56159"
13196,202499,11,10,10040931,Mahlsdorf Nord,2019,12,19,3,3,5,3,2,0,1,0,0,0,0,1,"813483,5662","5829447,401","13,62189","52,52474"
13197,202500,11,11,11010308,Zingster Straße Ost,2019,12,18,3,3,1,5,2,0,1,0,0,0,0,1,"805221,9394",5833906,"13,50459","52,56938"
13198,202501,11,6,6020304,Kaiser-Wilhelm-Straße,2019,12,18,3,3,8,1,2,0,1,0,0,0,0,1,"794540,3614","5817690,445","13,33311","52,42991"
13199,202502,11,1,1022201,Stephankiez,2019,12,14,3,3,0,1,0,0,1,0,1,0,0,0,"795150,2521","5829394,983","13,35242","52,5345"
13200,202503,11,5,5010339,Freiheit,2019,12,13,3,3,0,6,0,0,1,0,0,0,1,1,"787566,1842","5828029,729","13,23973","52,52631"
13201,202504,11,8,8010404,Rixdorf,2019,12,13,3,3,6,4,0,0,1,1,0,0,0,0,"801395,2479","5823748,119","13,4391","52,48047"
13202,202505,11,3,3040818,Pankow Süd,2019,12,11,3,3,5,2,0,1,1,0,0,0,0,0,"799011,1789","5833158,611","13,41256","52,56613"
13203,202506,11,2,2040502,Friedenstraße,2019,12,10,3,3,5,3,0,1,0,0,0,0,0,0,"801001,8472","5828043,538","13,4372","52,51919"
13204,202507,11,10,10010204,Wuhletalstraße,2019,12,9,3,3,2,2,0,0,1,0,0,0,0,0,"810050,6804","5832619,397","13,57441","52,55512"
13205,202508,11,3,3050923,Weißenseer Spitze,2019,12,20,2,3,6,4,2,0,1,1,0,0,0,0,"801224,9799","5831966,173","13,44404","52,55422"
13206,202509,11,2,2010104,Wassertorplatz,2019,12,17,2,3,2,2,1,0,1,0,1,0,0,0,"799878,064","5825706,142","13,41859","52,49886"
13207,202510,11,10,10010206,Ringkolonnaden,2019,12,7,2,3,6,7,2,1,0,1,0,0,0,0,"809823,0105","5831966,078","13,57045","52,5494"
13208,202511,11,10,10030724,Oberfeldstraße,2019,12,13,2,3,2,6,0,0,1,0,0,0,1,1,"809598,9592","5828501,584","13,56393","52,51848"
13209,202512,11,4,4020311,Reichsstraße,2019,12,12,2,3,6,7,0,0,1,1,0,0,0,1,"788511,841","5827506,54","13,25318","52,52112"
13210,202513,11,9,9052001,Köpenick Nord,2019,12,12,2,3,1,5,0,0,1,0,0,0,0,0,"811341,7761","5822688,556","13,58411","52,46539"
13211,202514,11,2,2030302,Lausitzer Platz,2019,12,19,2,3,1,5,2,1,1,0,0,0,0,0,"801337,2438","5826132,526","13,4404","52,50187"
13212,202515,11,4,4030931,Breitscheidplatz,2019,12,20,2,3,6,4,2,0,1,1,0,0,0,0,"793929,439","5826192,219","13,33164","52,50645"
13213,202516,11,2,2050803,Stralauer Kiez,2019,12,18,2,3,5,7,2,0,1,0,0,0,0,0,"803046,3058","5825837,441","13,46524","52,49828"
13214,202517,11,11,11020514,Große-Leege-Straße,2019,12,12,2,2,6,4,0,0,1,1,0,0,0,1,"804577,4705","5831044,969","13,49249","52,5441"
13215,202518,11,9,9010302,Späthsfelde,2019,12,17,2,3,2,6,2,0,1,0,0,0,0,0,"804359,5413","5819755,693","13,47897","52,44304"