,id,city,district,lor,street,year,month,hour,weekday,category,collision,movement,light_conditions,bicycle,car,pedestrian,motorbike,truck,other_vehicle,road_conditions,LINREFX,LINREFY,XGCSWGS84,YGCSWGS84
13216,202519,11,6,6020306,Lankwitz Süd,2019,12,16,2,2,9,1,2,0,1,0,0,0,0,0,"795695,3719","5816868,965","13,34932","52,42192"
13217,202520,11,12,12214527,Alt-Tegel,2019,12,16,2,3,2,6,1,0,1,0,0,0,0,0,"790284,504","5835028,245","13,28581","52,58762"
13218,202521,11,6,6020301,Alt-Lankwitz,2019,12,16,2,3,5,3,2,0,1,0,0,0,0,1,"796232,1508","5818607,697","13,35873","52,43721"
13219,202522,11,8,8030831,Gropiusstadt Ost,2019,12,16,2,3,0,5,1,1,1,0,0,0,0,1,"804713,2176","5817702,841","13,48229","52,42445"
13220,202523,11,12,12214125,Waldidyll/Flughafensee,2019,12,15,2,2,5,2,0,1,1,0,0,0,0,0,"791159,7564","5833450,469","13,29731","52,573"
13221,202524,11,4,4041136,Hagenplatz,2019,12,11,2,2,9,7,0,0,1,0,0,0,0,1,"790669,5364","5822718,619","13,28071","52,47705"
13222,202525,11,8,8020620,Tempelhofer Weg,2019,12,11,2,3,5,3,0,1,1,0,0,0,0,1,"801398,334","5820277,006","13,43601","52,44936"
13223,202526,11,6,6010210,Bismarckstraße,2019,12,9,2,3,6,4,0,1,0,1,0,0,0,1,"795146,1467","5821243,049","13,34513","52,46143"
13224,202527,11,4,4030931,Breitscheidplatz,2019,12,9,2,2,6,2,0,0,1,1,0,0,0,1,"793991,4962","5826149,26","13,33251","52,50603"
13225,202528,11,2,2030402,Wrangelkiez,2019,12,8,2,3,1,5,0,1,0,0,0,0,1,1,"801242,7675","5825903,778","13,43881","52,49988"
13226,202529,11,1,1044101,Rehberge,2019,12,7,2,3,5,3,1,0,1,0,0,0,0,1,"793761,8788","5831852,412","13,33418","52,55728"
13227,202530,11,8,8010404,Rixdorf,2019,12,7,2,3,6,2,2,0,1,1,0,0,0,1,"802031,1427","5823470,226","13,44818","52,47763"
13228,202531,11,5,5020625,Borkumer Straße,2019,12,18,2,3,5,3,2,0,1,0,0,0,1,0,"784712,0728","5828600,636","13,19827","52,53293"
13229,202532,11,2,2020205,Chamissokiez,2019,12,14,1,3,0,1,0,1,0,0,0,0,0,1,"798297,5239","5824513,238","13,3943","52,48903"
13230,202533,11,3,3071639,Bötzowstraße,2019,12,14,1,3,0,5,0,0,1,0,0,0,0,0,"800646,7225","5829381,082","13,4332","52,53137"
13231,202534,11,12,12103218,Teichstraße,2019,12,12,1,2,5,2,0,1,1,0,0,0,0,0,"794852,9766","5833077,829","13,35132","52,56768"
13232,202535,11,8,8020619,Buschkrugallee Nord,2019,12,12,1,3,5,2,0,0,1,0,0,0,0,1,"801546,2909","5820647,214","13,43851","52,45259"
13233,202536,11,12,12214422,Klixstraße,2019,12,9,1,3,2,2,0,0,1,0,1,0,0,1,"791876,4015","5833393,416","13,3078","52,57211"
13234,202537,11,4,4030931,Breitscheidplatz,2019,12,8,1,3,5,3,0,0,1,0,0,0,0,1,"793518,3704","5825716,438","13,32518","52,50241"
13235,202538,11,2,2020206,Graefekiez,2019,12,7,1,3,5,3,2,0,1,0,0,0,0,1,"799206,6449","5824557,178","13,40769","52,48893"
13236,202539,11,11,11041128,Sewanstraße,2019,12,18,1,3,1,5,2,0,1,0,0,0,0,1,"806964,0104","5825765,942","13,5227","52,49545"
13237,202540,11,12,12214424,Scharnweberstraße,2019,12,21,1,3,2,6,2,0,1,0,0,0,0,0,"792879,1337","5832146,888","13,32146","52,5604"
13238,202541,11,4,4030930,George-Grosz-Platz,2019,12,18,1,3,5,3,2,0,1,0,1,0,0,0,"793133,7691","5825598,992","13,31943","52,50156"
13239,202542,11,1,1011402,Arkonaplatz,2019,12,16,1,3,3,6,2,1,0,0,0,0,0,1,"798798,6482","5829226,53","13,40589","52,531"
13240,202543,11,8,8030831,Gropiusstadt Ost,2019,12,14,1,3,1,5,0,0,1,0,0,0,0,0,"804644,1134","5817817,277","13,48138","52,42551"
13241,202544,11,6,6040703,Nikolassee,2019,12,13,1,3,5,3,0,0,1,0,0,0,0,0,"785895,658","5816551,608","13,20534","52,42428"
13242,202545,11,7,7040403,Manteuffelstraße,2019,12,21,7,3,2,2,2,0,1,0,0,0,0,0,"796892,9932","5822307,718","13,37172","52,47002"
13243,202546,11,2,2030401,Reichenberger Straße,2019,12,20,7,2,0,3,2,0,1,0,0,0,0,1,"800637,657","5825688,154","13,42973","52,49828"
13244,202547,11,5,5020419,Magistratsweg,2019,12,19,7,3,2,6,2,0,1,0,0,0,1,1,"781059,6923","5828357,043","13,14436","52,53264"
13245,202548,11,12,12103117,Letteplatz,2019,12,17,7,2,0,4,2,0,0,1,0,0,1,0,"796689,1357","5832921,149","13,37819","52,56527"
13246,202549,11,8,8010404,Rixdorf,2019,12,16,7,3,0,1,2,0,0,0,1,0,0,1,"801380,9501","5823760,684","13,4389","52,48059"
13247,202550,11,6,6040807,Zehlendorf Eiche,2019,12,14,7,3,2,2,0,0,1,0,0,0,0,1,"790008,4255","5819157,343","13,26791","52,44548"
13248,202551,11,5,5020625,Borkumer Straße,2019,12,13,7,3,2,7,0,0,1,0,0,0,0,0,"784679,6554","5828253,279","13,19749","52,52983"
13249,202552,11,9,9051702,Bölschestraße,2019,12,13,7,3,6,4,0,0,1,1,0,0,0,0,"814202,3817","5821303,064","13,62477","52,45134"
13250,202553,11,8,8041036,Zittauer Straße,2019,12,13,7,2,5,2,0,0,1,0,0,0,0,0,"805266,59","5817242,529","13,48998","52,42001"
13251,202554,11,6,6030607,Goerzwerke,2019,12,12,7,3,1,1,0,0,1,0,0,0,1,1,"791698,5181","5816269,301","13,29019","52,41869"
13252,202555,11,7,7060601,Marienfelder Allee Nordwest,2019,12,12,7,3,0,3,0,1,1,0,0,0,0,1,"796513,9714","5816378,545","13,36089","52,41708"
13253,202556,11,7,7060604,Marienfelde Süd,2019,12,11,7,2,8,1,0,0,1,0,0,0,0,1,"797597,6635","5815556,259","13,37605","52,40912"
13254,202557,11,12,12214422,Klixstraße,2019,12,11,7,3,5,7,0,0,1,0,0,0,0,1,"791744,3498","5832948,39","13,30547","52,56819"
13255,202558,11,12,12304314,Ziekowstraße/Freie Scholle,2019,12,10,7,3,2,6,0,0,1,0,0,0,0,1,"790131,067","5835996,025","13,2844","52,59637"
13256,202559,11,1,1011301,Charitéviertel,2019,12,10,7,3,2,6,0,0,1,0,0,0,0,0,"797469,77","5828832,257","13,38601","52,5282"
13257,202560,11,2,2050801,Traveplatz,2019,12,9,7,3,2,6,0,0,1,0,0,0,1,1,"803653,2134","5827411,32","13,47558","52,51205"
13258,202561,11,8,8010301,Reuterkiez,2019,12,8,7,3,0,3,0,0,1,0,0,0,1,1,"801459,2692","5823878,319","13,44016","52,4816"
13259,202562,11,2,2010104,Wassertorplatz,2019,12,3,7,3,5,2,2,0,1,0,0,0,0,1,"798586,5209","5825563,989","13,39949","52,49829"
13260,202563,11,10,10010204,Wuhletalstraße,2019,12,16,6,3,2,6,1,0,1,0,0,0,0,1,"809183,9225","5833279,012","13,56228","52,56153"
13261,202564,11,1,1033102,Gesundbrunnen,2019,12,15,6,3,0,3,0,1,1,0,0,0,0,1,"797415,0029","5831909,822","13,38796","52,55581"
13262,202565,11,6,6010103,Markelstraße,2019,12,17,6,3,0,7,2,0,1,1,0,0,0,1,"793422,8659","5821329,349","13,31992","52,46313"
13263,202566,11,4,4030415,Schloßgarten,2019,12,16,6,3,5,3,2,0,1,0,0,0,0,0,"791182,2225","5827451,083","13,29238","52,51921"
13264,202567,11,8,8010301,Reuterkiez,2019,12,16,6,3,1,5,2,1,1,0,0,0,0,1,"801496,5233","5823944,778","13,44076","52,48218"
13265,202568,11,7,7040403,Manteuffelstraße,2019,12,20,6,3,5,2,2,0,1,0,0,0,0,1,"797234,007","5820691,627","13,37528","52,45535"
13266,202569,11,3,3030406,Alt-Karow,2019,12,19,6,2,5,2,2,0,1,0,1,0,0,1,"802803,8578","5838577,183","13,4733","52,6126"
13267,202570,11,4,4030929,Hindemithplatz,2019,12,19,6,3,2,6,2,0,1,0,0,0,0,0,"792721,2796","5825952,552","13,31368","52,50495"
13268,202571,11,11,11040926,Weitlingstraße,2019,12,19,6,3,6,2,2,0,1,1,0,0,0,0,"804494,162","5826390,566","13,487","52,50243"
13269,202572,11,12,12231102,Frohnau,2019,12,18,6,3,5,3,2,0,1,0,0,0,0,1,"789631,4625","5839732,353","13,28032","52,63014"
13270,202573,11,1,1011102,Großer Tiergarten,2019,12,18,6,3,5,3,2,0,1,0,0,0,0,0,"795163,6964","5827238,424","13,3507","52,51516"
13271,202574,11,7,7040401,Neu-Tempelhof,2019,12,17,6,2,6,4,2,0,1,1,0,0,0,1,"796543,0958","5822753,464","13,36698","52,47421"
13272,202575,11,10,10030725,Buckower Ring,2019,12,10,6,2,6,4,0,0,1,1,0,0,0,1,"809709,2047","5829684,884","13,56666","52,52902"
13273,202576,11,1,1022206,Lüneburger Straße,2019,12,16,6,3,6,2,2,0,1,1,0,0,0,1,"795523,6547","5828187,929","13,35683","52,52348"
13274,202577,11,5,5010206,Gütersloher Weg,2019,12,17,6,3,6,4,2,0,1,1,0,0,0,0,"781316,8346","5830754,249","13,15017","52,55401"
13275,202578,11,12,12214125,Waldidyll/Flughafensee,2019,12,10,6,3,0,5,0,1,1,0,0,0,0,1,"790265,5247","5833690,775","13,28436","52,57564"
13276,202579,11,4,4030929,Hindemithplatz,2019,12,9,6,3,5,3,0,1,1,0,0,0,0,1,"792707,3579","5825893,924","13,31342","52,50443"
13277,202580,11,4,4030519,Kaiserin-Augusta-Allee,2019,12,9,6,3,5,3,0,0,1,0,0,0,0,0,"792078,3737","5828571,927","13,30653","52,52878"
13278,202581,11,10,10020412,Alte Hellersdorfer Straße,2019,12,8,6,2,6,4,0,0,1,1,0,0,0,1,"811315,4022","5831727,134","13,59217","52,54641"
13279,202582,11,1,1011204,Leipziger Straße,2019,12,7,6,3,2,2,1,1,1,0,0,0,0,0,"798562,0174","5826812,285","13,40025","52,50949"
13280,202583,11,11,11041023,Gensinger Straße,2019,12,7,6,3,6,4,2,0,1,1,0,0,0,1,"807525,8117","5827573,555","13,53262","52,51134"
13281,202586,11,2,2010102,Mehringplatz,2019,12,6,6,3,1,5,2,1,1,0,0,0,0,1,"797727,5887","5826432,594","13,38765","52,50654"
13282,202587,11,11,11030721,Rüdigerstraße,2019,12,6,6,3,6,2,2,0,1,1,0,0,0,0,"804850,8573","5827939,154","13,49366","52,51611"
13283,202590,11,12,12103218,Teichstraße,2019,12,16,6,3,5,2,1,1,1,0,0,0,0,0,"794864,7235","5833056,278","13,35147","52,56748"
13284,202591,11,2,2030302,Lausitzer Platz,2019,12,15,6,3,0,3,1,1,1,0,0,0,0,1,"801323,7911","5826142,315","13,44021","52,50197"
13285,202593,11,6,6040804,Krumme Lanke,2019,12,15,6,3,6,4,1,0,1,1,0,0,0,1,"788737,633","5820190,241","13,25016","52,45541"
13286,202595,11,8,8041036,Zittauer Straße,2019,12,14,6,2,6,4,0,0,1,1,0,0,0,1,"805264,0064","5817256,129","13,48996","52,42014"
13287,202596,11,7,7050501,Rathausstraße,2019,12,14,6,3,5,3,0,1,0,0,0,1,0,0,"797737,4511","5819125,384","13,38127","52,44104"
13288,202599,11,4,4030931,Breitscheidplatz,2019,12,14,6,3,0,6,0,0,1,0,0,0,1,0,"793514,6942","5825734,58","13,32514","52,50257"
13289,202600,11,2,2050802,Boxhagener Platz,2019,12,23,6,3,5,3,2,0,1,0,0,0,0,1,"802542,7287","5826734,524","13,45866","52,5066"
13290,202602,11,10,10010311,Landsberger Tor,2019,12,22,6,2,0,1,2,1,0,0,0,0,0,1,"810571,4618","5831924,011","13,58142","52,5486"
13291,202603,11,3,3061227,Humannplatz,2019,12,22,6,3,0,5,2,0,1,1,0,0,0,0,"799528,5415","5831576,537","13,41874","52,55167"
13292,202606,11,4,4030417,Schloßstraße,2019,12,21,6,3,5,3,2,0,1,0,0,0,1,0,"791443,2581","5827203,24","13,296","52,51685"
13293,202607,11,10,10030727,Biesdorf Süd,2019,12,14,6,3,5,2,0,1,0,0,0,0,1,0,"809937,9325","5827049,218","13,56756","52,50527"
13294,202608,11,7,7010101,Wittenbergplatz/Viktoria-Luise-Platz,2019,12,14,6,3,3,6,0,1,0,0,0,0,0,0,"794681,6155","5825212,528","13,34182","52,49726"
13295,202609,11,10,10020414,Helle Mitte,2019,12,17,6,2,5,2,2,1,1,0,0,0,0,1,"812466,0383","5830966,552","13,60837","52,53893"
13296,202610,11,10,10010310,Alt-Marzahn,2019,12,16,6,3,5,2,2,1,1,0,0,0,0,0,"809778,0769","5830711,003","13,56862","52,53818"
13297,202613,11,6,6040804,Krumme Lanke,2019,12,14,6,3,3,6,0,0,1,0,0,0,0,0,"787683,0527","5818215,425","13,23298","52,43826"
13298,202615,11,6,6020301,Alt-Lankwitz,2019,12,16,6,2,6,2,2,0,1,1,0,0,0,0,"796475,5125","5818331,595","13,36206","52,43461"
13299,202618,11,8,8010211,Flughafenstraße,2019,12,13,6,3,5,7,0,0,1,0,0,0,0,0,"800359,6322","5824203,507","13,4243","52,48512"
13300,202622,11,6,6030609,Augustaplatz,2019,12,7,6,3,5,2,0,1,1,0,0,0,0,0,"793169,8212","5818223,831","13,31348","52,43542"
13301,202623,11,1,1033201,Brunnenstraße,2019,12,21,6,3,5,2,2,1,1,0,0,0,0,1,"798080,9829","5830001,892","13,39604","52,53835"
13302,202626,11,5,5030833,Motardstraße,2019,12,20,6,3,6,2,2,0,1,1,0,0,0,1,"789209,6786","5829269,007","13,26497","52,53656"
13303,202629,11,1,1022201,Stephankiez,2019,12,13,6,3,5,3,0,1,1,0,0,0,0,1,"795617,6085","5829351,107","13,35925","52,53385"
13304,202630,11,3,3020307,Buchholz,2019,12,20,6,3,6,2,2,0,1,1,0,0,0,0,"799700,1862","5837335,777","13,42647","52,60319"
13305,202633,11,5,5010311,Eiswerder,2019,12,13,6,3,5,7,0,0,1,0,1,0,0,1,"785405,5361","5830528,228","13,21012","52,54985"
13306,202634,11,6,6010102,Schloßstraße,2019,12,13,6,3,3,6,0,1,1,0,0,0,0,0,"793726,7381","5821058,062","13,32414","52,46053"
13307,202638,11,5,5010102,Goltzstraße,2019,12,12,6,3,6,4,0,0,1,1,0,0,0,0,"785254,7249","5832225,929","13,20936","52,56515"
13308,202640,11,7,7040401,Neu-Tempelhof,2019,12,12,6,3,6,7,0,0,1,1,0,0,0,0,"799124,5191","5823861,678","13,40586","52,48274"
13309,202643,11,1,1011101,Stülerstraße,2019,12,12,6,3,0,7,0,1,1,0,0,0,0,1,"794906,6495","5826168,799","13,34598","52,50571"
13310,202647,11,11,11041128,Sewanstraße,2019,12,10,6,3,6,4,0,0,1,1,0,0,0,0,"806412,4054","5825656,288","13,5145","52,49478"
13311,202648,11,1,1044203,Leopoldplatz,2019,12,12,5,3,0,2,0,1,1,0,0,0,0,0,"795446,5216","5831606,442","13,35874","52,55416"
13312,202651,11,7,7070701,Kettinger Straße/Schillerstraße,2019,12,18,5,3,6,2,2,0,1,1,0,0,0,0,"799752,6487","5814503,761","13,40669","52,39851"
13313,202652,11,8,8010301,Reuterkiez,2019,12,17,5,3,0,7,2,0,0,1,0,0,1,0,"800679,2286","5824383,816","13,42916","52,48656"
13314,202655,11,7,7050503,Eisenacher Straße,2019,12,17,5,2,6,4,2,0,1,1,0,0,0,0,"798008,9772","5820465,225","13,38645","52,4529"
13315,202658,11,7,7070703,John-Locke-Straße,2019,12,17,5,2,6,4,2,0,1,1,0,0,0,1,"799805,2749","5813185,601","13,40628","52,38667"
13316,202659,11,4,4051655,Babelsberger Straße,2019,12,17,5,3,5,2,2,1,1,0,0,0,0,0,"794019,3743","5823818,355","13,33087","52,48512"
13317,202663,11,3,3020307,Buchholz,2019,12,17,5,2,6,2,2,0,1,1,0,0,0,1,"799228,1698","5837643,901","13,4198","52,60622"
13318,202665,11,5,5010314,Carl-Schurz-Straße,2019,12,16,5,3,3,6,2,0,1,0,0,0,0,0,"785196,9627","5829358,546","13,20605","52,53947"
13319,202668,11,10,10040931,Mahlsdorf Nord,2019,12,16,5,3,0,3,2,0,1,0,1,0,0,1,"813775,5459","5830050,202","13,62675","52,52997"
13320,202669,11,4,4030417,Schloßstraße,2019,12,22,5,3,5,2,2,0,1,0,0,0,0,0,"791791,9324","5827049,89","13,30099","52,51529"
13321,202671,11,6,6030502,Zehlendorf Süd,2019,12,21,5,3,5,3,2,0,1,0,1,0,0,1,"789359,2079","5815364,944","13,25511","52,41182"
13322,202674,11,7,7010102,Nollendorfplatz,2019,12,22,5,3,5,3,2,1,1,0,0,0,0,0,"795698,2392","5825435,054","13,35695","52,49871"
13323,202675,11,2,2020203,Viktoriapark,2019,12,20,5,3,5,3,2,0,1,0,0,0,1,0,"796877,9557","5823982,643","13,37299","52,48505"
13324,202678,11,2,2030301,Oranienplatz,2019,12,18,5,3,5,3,2,1,0,0,0,0,0,1,"800385,6397","5826384,876","13,42665","52,50466"
13325,202679,11,7,7020202,Volkspark (Rudolf-Wilde-Park),2019,12,18,5,3,2,6,2,0,1,0,0,0,1,1,"795226,4046","5823507,114","13,34831","52,48168"
13326,202682,11,6,6030504,Teltower Damm,2019,12,17,5,3,0,2,2,1,1,0,0,0,0,1,"789088,9412","5816841,247","13,25242","52,4252"
13327,202684,11,4,4030931,Breitscheidplatz,2019,12,15,5,3,6,4,0,0,1,1,0,0,0,0,"794480,2203","5825879,665","13,33945","52,50335"
13328,202687,11,8,8041037,Alt-Rudow,2019,12,13,5,3,5,3,0,0,1,0,0,0,0,0,"806729,1754","5817710,246","13,51185","52,42339"
13329,202688,11,11,11040926,Weitlingstraße,2019,12,12,5,3,5,3,0,1,0,0,0,0,0,0,"806201,2823","5827036,765","13,51267","52,50727"
13330,202691,11,4,4030417,Schloßstraße,2019,12,12,5,3,5,2,0,1,1,0,0,0,0,0,"791508,965","5826852,059","13,29666","52,51366"
13331,202692,11,11,11020411,Malchower Weg,2019,12,9,5,3,2,7,0,0,1,0,0,0,1,0,"805812,8724","5832288,034","13,5118","52,55455"
13332,202695,11,7,7050502,Fritz-Werner-Straße,2019,12,8,5,3,2,6,0,0,1,0,0,0,1,1,"798470,6582","5818152,322","13,39116","52,43192"
13333,202696,11,1,1011305,Heine-Viertel West,2019,12,8,5,3,5,7,0,1,1,0,0,0,0,0,"799403,3193","5826428,732","13,41226","52,50559"
13334,202700,11,12,12304314,Ziekowstraße/Freie Scholle,2019,12,8,5,3,0,2,0,0,1,0,0,0,1,0,"790508,5159","5835338,454","13,28938","52,59028"
13335,202701,11,6,6030503,Zehlendorf Mitte,2019,12,8,5,3,2,6,0,0,1,0,0,0,0,0,"789533,7319","5817451,424","13,25947","52,43044"
13336,202704,11,12,12214125,Waldidyll/Flughafensee,2019,12,16,5,3,5,3,2,1,1,0,0,0,0,0,"788036,1204","5831023,949","13,24924","52,55291"
13337,202705,11,11,11020412,Hauptstraße,2019,12,6,5,3,5,3,2,0,1,0,0,0,0,0,"805179,1149","5831384,162","13,50165","52,54681"
13338,202708,11,2,2010103,Moritzplatz,2019,12,14,5,3,2,6,0,0,1,0,0,0,0,0,"799337,2537","5826210,177","13,4111","52,50367"
13339,202710,11,8,8010510,Gewerbegebiet Köllnische Heide,2019,12,14,5,3,1,5,0,1,1,0,0,0,0,0,"802726,605","5822557,634","13,45756","52,46906"
13340,202713,11,9,9010402,Johannisthal Ost,2019,12,15,5,3,2,6,0,0,1,0,0,0,0,0,"805719,7929","5818813,548","13,49806","52,43384"
13341,202714,11,1,1011303,Alexanderplatzviertel,2019,12,15,5,3,6,2,0,0,1,1,0,0,0,0,"799494,9735","5828789,439","13,41573","52,5267"
13342,202717,11,11,11020515,Landsberger Allee,2019,12,15,5,3,5,3,0,1,1,0,0,0,0,1,"804587,2354","5829994,485","13,49167","52,53468"
13343,202718,11,7,7070701,Kettinger Straße/Schillerstraße,2019,12,13,5,3,2,2,0,0,1,0,0,0,1,0,"799141,2534","5816519,639","13,39953","52,41691"
13344,202721,11,5,5010314,Carl-Schurz-Straße,2019,12,12,4,3,2,6,0,0,1,0,0,0,0,0,"784788,5711","5828836,941","13,19959","52,53501"
13345,202723,11,10,10020415,Hellersdorfer Promenade,2019,12,18,4,3,1,6,2,1,1,0,0,0,0,0,"812159,8255","5831065,612","13,60396","52,54"
13346,202724,11,10,10010310,Alt-Marzahn,2019,12,4,4,3,0,6,2,0,1,0,1,0,0,1,"809601,7489","5831209,999","13,5665","52,54275"
13347,202726,11,7,7010102,Nollendorfplatz,2019,12,18,4,3,1,7,2,0,1,0,0,0,0,0,"795566,8185","5825474,4","13,35506","52,49913"
13348,202728,11,4,4010102,Plötzensee,2019,12,6,4,3,5,7,2,0,1,0,0,1,0,0,"792252,3099","5830683,095","13,31095","52,54761"
13349,202729,11,12,12214422,Klixstraße,2019,12,9,4,3,5,3,0,0,1,0,0,0,0,0,"792211,8279","5833720,763","13,31303","52,57486"
13350,202732,11,6,6030608,Schweizer Viertel,2019,12,8,4,2,5,2,0,1,1,0,0,0,0,0,"792236,7665","5816667,465","13,29843","52,42197"
13351,202738,11,3,3050923,Weißenseer Spitze,2019,12,8,4,3,5,3,0,1,1,0,0,0,0,0,"800906,2398","5832083,89","13,43946","52,55545"
13352,202739,11,8,8041037,Alt-Rudow,2019,12,7,4,3,6,4,2,0,1,1,0,0,0,0,"805535,56","5818566,533","13,49513","52,43173"
13353,202743,11,3,3010101,Bucher Forst,2019,12,23,4,3,8,1,2,0,1,0,0,0,0,0,"802339,397","5840967,591","13,46864","52,63428"
13354,202744,11,2,2050802,Boxhagener Platz,2019,12,21,3,3,6,4,2,0,1,1,0,0,0,0,"802613,0923","5826990,027","13,45992","52,50885"
13355,202745,11,12,12302212,Rollbergesiedlung,2019,12,21,4,3,1,5,2,1,1,0,0,0,0,0,"793100,8011","5837640,864","13,32958","52,60953"
13356,202746,11,4,4030725,Amtsgerichtsplatz,2019,12,15,3,3,5,5,0,0,1,0,0,0,0,0,"791330,2241","5826067,202","13,29334","52,50672"
13357,202747,11,12,12301204,Wittenau Nord,2019,12,15,3,3,1,7,1,0,1,0,0,0,0,0,"792685,3585","5835983,58","13,32199","52,59489"
13358,202748,11,9,9010101,Elsenstraße,2019,12,17,4,3,5,3,2,1,1,0,0,0,0,0,"801690,4766","5824865,363","13,44444","52,49032"
13359,202749,11,1,1044101,Rehberge,2019,12,13,3,3,5,3,0,1,1,0,0,0,0,0,"793850,568","5830086,21","13,33392","52,5414"
13360,202750,11,6,6010207,Mittelstraße,2019,12,12,3,3,0,6,0,0,1,0,0,0,1,0,"793889,28","5820480,458","13,32602","52,45527"
13361,202751,11,4,4030931,Breitscheidplatz,2019,12,12,3,3,1,5,0,1,1,0,0,0,0,0,"794383,7469","5825697,879","13,33788","52,50177"
13362,202752,11,8,8020620,Tempelhofer Weg,2019,12,21,4,3,3,6,2,1,1,0,0,0,0,0,"801007,0621","5819751,59","13,4298","52,44486"
13363,202753,11,1,1011306,Heine-Viertel Ost,2019,12,2,3,3,2,7,2,1,1,0,0,0,0,1,"799673,3953","5827039,882","13,41678","52,51092"
13364,202754,11,8,8010406,Treptower Straße Nord,2019,12,18,3,2,5,2,2,0,1,0,0,0,0,0,"802025,9825","5824301,472","13,44886","52,48508"
13365,202755,11,1,1033101,Soldiner Straße,2019,12,21,4,3,5,2,2,0,1,0,0,0,0,0,"796164,1226","5832274,726","13,36989","52,55976"
13366,202756,11,3,3050923,Weißenseer Spitze,2019,12,15,3,2,5,2,0,0,1,0,0,0,0,0,"800201,7114","5832140,317","13,42915","52,55635"
13367,202757,11,7,7010102,Nollendorfplatz,2019,12,14,4,3,3,6,0,0,1,0,0,0,0,0,"794951,6046","5825651,056","13,34618","52,50105"
13368,202758,11,11,11010103,Dorf Falkenberg,2019,12,11,3,2,6,4,0,0,1,1,0,0,0,0,"809013,4431","5834371,029","13,56079","52,57141"
13369,202759,11,2,2020203,Viktoriapark,2019,12,19,2,3,6,7,2,1,0,1,0,0,0,0,"797271,938","5824653,506","13,37937","52,49085"
13370,202760,11,4,4030725,Amtsgerichtsplatz,2019,12,8,4,3,2,6,0,1,1,0,0,0,0,0,"791908,7878","5826103,953","13,30188","52,50674"
13371,202761,11,10,10040828,Kaulsdorf Nord,2019,12,16,4,3,5,3,2,0,1,0,0,0,0,0,"811967,2765","5829297,116","13,59947","52,52426"
13372,202762,11,6,6020411,Schütte-Lanz-Straße,2019,12,22,2,3,0,3,2,0,0,0,0,0,1,0,"793994,109","5815486,816","13,32316","52,41044"
13373,202763,11,4,4030931,Breitscheidplatz,2019,12,19,2,3,2,2,2,0,1,0,0,0,0,0,"794097,2636","5826438,565","13,33432","52,50857"
13374,202764,11,6,6020304,Kaiser-Wilhelm-Straße,2019,12,18,4,3,0,7,2,0,1,0,0,0,0,0,"794784,898","5818004,459","13,33697","52,43259"
13375,202765,11,11,11030721,Rüdigerstraße,2019,12,15,4,3,2,6,1,0,1,0,0,0,0,0,"804847,4075","5827901,212","13,49358","52,51578"
13376,202766,11,1,1044203,Leopoldplatz,2019,12,18,2,3,5,2,2,0,1,0,0,0,0,0,"795898,1436","5831931,162","13,36567","52,55683"
13377,202767,11,1,1011304,Karl-Marx-Allee,2019,12,18,2,3,6,7,2,1,1,1,0,0,0,0,"799730,6024","5827747,763","13,41826","52,51724"
13378,202768,11,1,1022206,Lüneburger Straße,2019,12,17,2,3,5,3,2,0,1,0,1,0,0,0,"795718,4454","5828196,983","13,3597","52,52345"
13379,202769,11,1,1044202,Sparrplatz,2019,12,15,4,3,5,2,0,0,1,0,0,0,0,0,"794907,6025","5830231,589","13,34959","52,54213"
13380,202770,11,3,3061430,Volkspark Prenzlauer Berg,2019,12,17,2,3,2,6,2,0,1,0,0,0,0,0,"802278,0935","5829275,946","13,45708","52,52953"
13381,202771,11,7,7040405,Rathaus Tempelhof,2019,12,18,4,3,0,7,2,1,0,0,0,0,0,1,"798433,8284","5821074,703","13,39323","52,45813"
13382,202772,11,11,11030720,Herzbergstraße,2019,12,16,2,3,5,3,2,1,1,0,0,0,0,0,"805846,8473","5830095,538","13,51028","52,53488"
13383,202773,11,10,10030727,Biesdorf Süd,2019,12,16,2,3,2,6,1,0,1,0,1,0,0,0,"809642,6371","5825781,83","13,56205","52,49408"
13384,202774,11,2,2020204,Urbanstraße,2019,12,18,4,3,1,5,2,1,1,0,0,0,0,1,"798351,9431","5825293,431","13,3958","52,49599"
13385,202775,11,1,1011303,Alexanderplatzviertel,2019,12,15,2,3,3,6,0,0,1,1,0,0,0,0,"799498,019","5828344,449","13,41538","52,52271"
13386,202776,11,1,1011201,Wilhelmstraße,2019,12,14,2,3,1,5,0,1,1,0,0,0,0,0,"797455,1835","5827060,276","13,38421","52,51232"
13387,202777,11,1,1011304,Karl-Marx-Allee,2019,12,14,2,3,2,2,0,0,1,0,0,0,1,0,"799730,882","5827547,138","13,41808","52,51544"
13388,202778,11,11,11030721,Rüdigerstraße,2019,12,18,4,2,5,2,2,0,1,0,1,0,0,0,"805189,971","5827912,648","13,49862","52,51569"
13389,202779,11,1,1011202,Unter den Linden Nord,2019,12,14,4,3,2,2,0,1,1,0,0,0,0,0,"797197,6797","5827499,898","13,38082","52,5164"